opdno,serial,sampletype,culture_clean,group,year,datecollected,age_group,Sex,ESBL,AmpC,ESBL_or_AmpC,Cotrimoxazole,Gentamicin,Chloramphenicol,Tetracycline,Nitrofirantoin,Ciprofloxacin,Ceftriaxone,Cefuroxime,Erythromycin,PolymixinB,NalidixicAcid,Oxacillin,Cefotaxime,Ceftazidime,Vancomycin,Amoxicilin,imipenem,meropenem,Ampicillin,Penicillin,Cloxacillin
2008/6190,MI00002/24,Urine,Vibrio fluvialis,Other,2024,2024-01-03T00:00:00Z,5 and over,F,FALSE,FALSE,FALSE,S,S,R,S,R,S,,,,,,,R,R,,S,,,R,,
1991/2552,MI00005/2020,Swab,Stenotrophomonas maltophilia,Non-fermentor,2020,2020-06-18T00:00:00Z,,,FALSE,FALSE,FALSE,S,S,S,R,,S,,,,,,,S,S,,S,,,R,,
2020/3830,MI00006/21,Blood Culture,Micrococcus spp.,Other,2021,2021-01-04T00:00:00Z,Under 5,F,FALSE,FALSE,FALSE,,,,,,,,,,,,,,,,,,,,,
2022/0013,MI00009/22,Wound swab,Staphylococcus aureus,Other,2022,2022-01-05T00:00:00Z,5 and over,M,FALSE,FALSE,FALSE,S,S,S,R,,S,,,S,,,,S,,,,,,,R,
2022/0013,MI00009/22,Wound swab,Group A Streptococcus,Haemolytic Streptococcus,2022,2022-01-05T00:00:00Z,5 and over,M,FALSE,FALSE,FALSE,R,,S,R,,,,,S,,,,,,S,,,,S,S,
2021/1080,MI00011/24,Urine,Klebsiella pneumoniae,Enterobacterales,2024,2024-01-03T00:00:00Z,5 and over,F,FALSE,FALSE,FALSE,S,S,,S,R,S,,,,,,,,R,,S,,,R,,R
2019/0892,MI00012/24,Urine,Escherichia coli,Enterobacterales,2024,2024-01-03T00:00:00Z,Under 5,M,FALSE,FALSE,FALSE,S,S,R,,R,S,,,,,,,R,R,,S,,,R,,
2012/0505,MI00012/25,Wound swab,Pseudomonas aeruginosa,Non-fermentor,2025,2025-01-08T00:00:00Z,5 and over,M,FALSE,FALSE,FALSE,,S,,,,S,,,,,,,,S,,,S,S,,,
2023/5514,MI00015/24,Urine,Acinetobacter baumannii,Non-fermentor,2024,2024-01-03T00:00:00Z,5 and over,M,FALSE,FALSE,FALSE,S,,S,S,S,S,,,,,,,R,R,,S,S,S,S,S,
2025/0040,MI00022/25,Blood Culture,Enterobacter cloacae,Enterobacterales,2025,2025-01-10T11:56:00Z,Under 5,F,FALSE,TRUE,TRUE,R,S,S,,,S,,,,,,,S,S,,R,S,S,R,,
2025/0047,MI00028/25,Blood Culture,Salmonella spp.,Enterobacterales,2025,2025-01-10T13:51:00Z,5 and over,F,FALSE,FALSE,FALSE,S,S,S,,,S,,,,,,,S,S,,S,S,S,R,,
2015/2039,MI00030/24,Urine,Proteus vulgaris,Enterobacterales,2024,2024-01-04T00:00:00Z,5 and over,F,FALSE,FALSE,FALSE,S,,S,S,S,S,,,,,,,R,R,,S,S,S,S,R,
2003/3474,MI00033/25,Sputum,Klebsiella pneumoniae,Enterobacterales,2025,2025-01-13T00:00:00Z,5 and over,F,FALSE,FALSE,FALSE,S,S,S,S,,R,,,,,,,S,S,,S,S,S,R,,
2024/0038,MI00034/24,Wound swab,Staphylococcus aureus,Other,2024,2024-01-04T00:00:00Z,5 and over,F,FALSE,FALSE,FALSE,R,S,,S,,S,,,R,R,,R,,,,,,,,R,S
2023/0043,MI00035/23,Blood Culture,Micrococcus spp.,Other,2023,2023-01-05T00:00:00Z,Under 5,F,FALSE,FALSE,FALSE,,,,,,,,,,,,,,,,,,,,,
2019/4826,MI00037/24,Wound swab,Staphylococcus aureus,Other,2024,2024-01-04T00:00:00Z,5 and over,M,FALSE,FALSE,FALSE,,R,S,S,,S,,,S,,,R,,,,,,,,R,S
2024/0046,MI00040/24,Sputum,Staphylococcus aureus,Other,2024,2024-01-05T00:00:00Z,5 and over,F,FALSE,FALSE,FALSE,S,S,,S,,S,,,S,,,,,,,,,,,R,
2020/4354,MI00040/25,Ear swab,Candida spp.,Fungi,2025,2025-01-13T00:00:00Z,5 and over,M,FALSE,FALSE,FALSE,,,,,,,,,,,,,,,,,,,,,
2022/0060,MI00042/22,Blood Culture,Escherichia coli,Enterobacterales,2022,2022-01-07T00:00:00Z,5 and over,F,TRUE,FALSE,TRUE,R,R,S,R,,R,,,,,,,R,R,,R,,,R,,
2012/2213,MI00042/24,Urine,Raoultella ornithinolytica,Enterobacterales,2024,2024-01-05T00:00:00Z,5 and over,M,FALSE,FALSE,FALSE,S,,S,S,R,S,,,,,,,R,R,,S,,S,R,,
2011/0917,MI00044/22,Wound swab,Staphylococcus aureus,Other,2022,2022-01-07T00:00:00Z,5 and over,M,FALSE,FALSE,FALSE,S,S,S,S,,S,,,S,,,,,,,,,,,S,
2022/0018,MI00045/22,Sputum,Staphylococcus aureus,Other,2022,2022-01-07T00:00:00Z,5 and over,F,FALSE,FALSE,FALSE,S,S,S,R,,S,,,S,,,,,,,,,,,R,
2024/0050,MI00045/24,Sputum,Pseudomonas aeruginosa,Non-fermentor,2024,2024-01-05T00:00:00Z,5 and over,M,FALSE,FALSE,FALSE,,S,,,,S,,,,S,,,,S,,,,,,,
2018/1014,MI00048/22,Stool,Shigella spp.,Enterobacterales,2022,2022-01-07T00:00:00Z,5 and over,M,FALSE,FALSE,FALSE,R,S,S,R,,S,,,,,,,,,,,,,S,,
2022/5698,MI00048/24,Pleural aspirate,Staphylococcus aureus,Other,2024,2024-01-05T00:00:00Z,5 and over,M,FALSE,FALSE,FALSE,R,R,R,S,,S,,,R,,,,,,,,,,,R,
2019/5263,MI00051/21,Urine,Klebsiella pneumoniae,Enterobacterales,2021,2021-01-07T00:00:00Z,5 and over,M,FALSE,FALSE,FALSE,R,S,,S,,R,,,,,,,S,S,,R,,,R,,
2013/3446,MI00052/21,Urine,Escherichia coli,Enterobacterales,2021,2021-01-07T00:00:00Z,5 and over,F,FALSE,FALSE,FALSE,R,S,,S,,S,,,,,,,S,S,,S,,,S,,
2024/0030,MI00052/24,Blood Culture,Escherichia coli,Enterobacterales,2024,2024-01-07T00:00:00Z,5 and over,F,TRUE,FALSE,TRUE,S,S,S,S,,R,,,,,,,R,R,,R,,S,R,,
2010/4690,MI00055/22,Wound swab,Pseudomonas aeruginosa,Non-fermentor,2022,2022-01-08T00:00:00Z,5 and over,M,FALSE,FALSE,FALSE,,S,,S,,S,,,,S,,,,S,,,,,,,
2010/4690,MI00055/22,Wound swab,Acinetobacter baumannii,Non-fermentor,2022,2022-01-08T00:00:00Z,5 and over,M,FALSE,FALSE,FALSE,S,S,R,,,S,,,,,,,R,R,,R,,,R,,
2023/5665,MI00055/24,Ear swab,Klebsiella oxytoca,Enterobacterales,2024,2024-01-07T00:00:00Z,5 and over,F,FALSE,FALSE,FALSE,R,R,R,S,,S,,,,,,,R,R,,R,,S,R,,R
2025/0079,MI00055/25,Blood Culture,Micrococcus spp.,Other,2025,2025-01-14T18:55:00Z,Under 5,M,FALSE,FALSE,FALSE,,,,,,,,,,,,,,,,,,,,,
2021/0112,MI00063/21,Wound swab,Micrococcus spp.,Other,2021,2021-01-11T00:00:00Z,5 and over,M,FALSE,FALSE,FALSE,,,,,,,,,,,,,,,,,,,,,
2022/0444,MI00063/24,Urine,Enterobacter cloacae,Enterobacterales,2024,2024-01-08T00:00:00Z,5 and over,M,FALSE,TRUE,TRUE,,S,,S,S,S,,,,,,,S,S,,S,,S,R,,S
2015/3704,MI00064/24,Sputum,Aspergillus niger,Fungi,2024,2024-01-08T00:00:00Z,5 and over,M,FALSE,FALSE,FALSE,,,,,,,,,,,,,,,,,,,,,
2020/2686,MI00065/20,Urine,Group B Streptococcus,Haemolytic Streptococcus,2020,2020-06-25T00:00:00Z,5 and over,M,FALSE,FALSE,FALSE,S,,S,R,,,,,S,,,,,,S,,,,S,S,
2007/2002,MI00065/22,Urine,Escherichia coli,Enterobacterales,2022,2022-01-10T00:00:00Z,5 and over,F,TRUE,FALSE,TRUE,R,S,,R,S,R,,R,,,,,R,R,,R,,,R,,
2021/0107,MI00068/21,Blood Culture,Micrococcus spp.,Other,2021,2021-01-11T00:00:00Z,5 and over,F,FALSE,FALSE,FALSE,,,,,,,,,,,,,,,,,,,,,
2021/0125,MI00071/21,Blood Culture,Enterococcus spp.,Other,2021,2021-01-11T00:00:00Z,Under 5,F,FALSE,FALSE,FALSE,S,,,S,,,,,S,,,,,,S,,,,S,S,
2024/0085,MI00072/24,Sputum,Proteus mirabilis,Enterobacterales,2024,2024-01-09T00:00:00Z,5 and over,M,FALSE,FALSE,FALSE,S,S,S,R,,S,,,,,,,S,S,,S,,,S,,
2023/0094,MI00073/23,Blood Culture,Corynebacterium durum,Other,2023,2023-01-09T00:00:00Z,5 and over,F,FALSE,FALSE,FALSE,,,,,,,,,,,,,,,,,,,,,
2022/0660,MI00073/24,Sputum,Aspergillus fumigatus,Fungi,2023,2023-12-15T00:00:00Z,5 and over,M,FALSE,FALSE,FALSE,,,,,,,,,,,,,,,,,,,,,
2022/0111,MI00074/22,Blood Culture,Streptococcus pneumoniae,Other,2022,2022-01-12T00:00:00Z,5 and over,F,FALSE,FALSE,FALSE,R,,S,S,,,,S,S,,,S,,,S,S,,,,,
2006/4291,MI00074/23,Ear swab,Pseudomonas aeruginosa,Non-fermentor,2023,2023-01-09T00:00:00Z,5 and over,F,FALSE,FALSE,FALSE,,S,,,,S,,,,S,,,,S,,,,,,,
2020/0859,MI00075/25,High Vaginal swab,Candida spp.,Fungi,2025,2025-01-17T00:00:00Z,5 and over,F,FALSE,FALSE,FALSE,,,,,,,,,,,,,,,,,,,,,
2020/4026,MI00076/21,Urine,Group B Streptococcus,Haemolytic Streptococcus,2021,2021-01-11T00:00:00Z,5 and over,F,FALSE,FALSE,FALSE,S,,S,R,,,,,S,,,,,,S,,,,S,,
2020/2718,MI00078/20,Wound swab,Staphylococcus aureus,Other,2020,2020-06-26T00:00:00Z,Under 5,M,FALSE,FALSE,FALSE,S,,S,S,,S,,,S,,,,S,,,,,,,R,S
2024/0046,MI00078/24,Urine,Candida spp.,Fungi,2024,2024-01-10T00:00:00Z,5 and over,F,FALSE,FALSE,FALSE,,,,,,,,,,,,,,,,,,,,,
2012/5042,MI00080/20,Urine,Enterobacter spp.,Enterobacterales,2020,2020-06-27T00:00:00Z,5 and over,F,FALSE,FALSE,FALSE,,R,,R,S,S,,S,,,,,,S,,S,,,,,
2014/0344,MI00086/20,Wound swab,Staphylococcus aureus,Other,2020,2020-06-26T00:00:00Z,5 and over,F,FALSE,FALSE,FALSE,S,S,S,S,,S,,,S,,,,,,,,,,,S,S
2021/0167,MI00088/21,Blood Culture,Haemophilus influenzae,Other,2021,2021-01-13T00:00:00Z,Under 5,F,FALSE,FALSE,FALSE,,,S,S,,S,,,,,,,,S,,S,,,R,,
2022/0137,MI00090/22,Wound swab,Staphylococcus aureus,Other,2022,2022-01-13T00:00:00Z,Under 5,F,FALSE,FALSE,FALSE,S,S,S,S,,S,,,S,,,,,,R,,,,,R,
2022/0137,MI00090/22,Wound swab,Group A Streptococcus,Haemolytic Streptococcus,2022,2022-01-13T00:00:00Z,Under 5,F,FALSE,FALSE,FALSE,,,S,,,S,,,S,,,,,,S,,,,,S,
2018/6985,MI00091/21,Blood Culture,Micrococcus spp.,Other,2021,2021-01-13T00:00:00Z,Under 5,M,FALSE,FALSE,FALSE,,,,,,,,,,,,,,,,,,,,,
2024/0122,MI00092/24,Blood Culture,Streptococcus pneumoniae,Other,2024,2024-01-11T00:00:00Z,Under 5,F,FALSE,FALSE,FALSE,R,S,S,S,,,,,S,,,S,,,S,S,,S,,,
2018/4840,MI00093/23,Blood Culture,Micrococcus spp.,Other,2023,2023-01-11T00:00:00Z,5 and over,M,FALSE,FALSE,FALSE,,,,,,,,,,,,,,,,,,,,,
2020/2771,MI00097/20,Urine,Klebsiella spp.,Enterobacterales,2020,2020-06-30T00:00:00Z,5 and over,M,FALSE,FALSE,FALSE,,R,S,,,S,,,,,,,R,R,,R,,,R,,
2023/4395,MI00099/24,Sputum,Candida spp.,Fungi,2024,2024-01-12T00:00:00Z,5 and over,M,FALSE,FALSE,FALSE,,,,,,,,,,,,,,,,,,,,,
1988/1408,MI00101/22,Blood Culture,Staphylococcus aureus,Other,2022,2022-01-13T00:00:00Z,5 and over,F,FALSE,FALSE,FALSE,S,S,S,S,,S,,,S,,,,,,,,,,,R,
2003/7181,MI00102/23,Urine,Klebsiella pneumoniae,Enterobacterales,2023,2023-01-12T00:00:00Z,5 and over,F,FALSE,FALSE,FALSE,S,S,,S,R,S,,,,,,,S,S,,S,S,S,R,,
2020/3673,MI00105/21,CSF,Cryptococcus neoformans,Fungi,2021,2021-01-15T00:00:00Z,5 and over,M,FALSE,FALSE,FALSE,,,,,,,,,,,,,,,,,,,,,
2024/0148,MI00106/24,Blood Culture,Salmonella spp.,Enterobacterales,2024,2024-01-15T00:00:00Z,Under 5,M,FALSE,FALSE,FALSE,S,S,,S,S,,,,,,,,S,S,,S,,,S,,S
1999/1547,MI00107/24,Urine,Escherichia coli,Enterobacterales,2024,2024-01-15T00:00:00Z,5 and over,F,FALSE,FALSE,FALSE,R,S,,R,S,S,,,,,,,S,S,,S,,S,R,,
2020/2785,MI00108/20,Ear swab,Aspergillus niger,Fungi,2020,2020-07-01T00:00:00Z,5 and over,F,FALSE,FALSE,FALSE,,,,,,,,,,,,,,,,,,,,,
2017/0537,MI00109/21,Ear swab,Aspergillus fumigatus,Fungi,2021,2021-01-18T00:00:00Z,5 and over,F,FALSE,FALSE,FALSE,,,,,,,,,,,,,,,,,,,,,
2020/2787,MI00114/20,Blood Culture,Coliform spp.,Enterobacterales,2020,2020-07-02T00:00:00Z,Under 5,F,FALSE,FALSE,FALSE,,S,S,R,,S,S,,,,,,S,S,,R,,,R,,
2021/0222,MI00116/21,Sputum,Candida spp.,Fungi,2021,2021-01-18T00:00:00Z,5 and over,M,FALSE,FALSE,FALSE,,,,,,,,,,,,,,,,,,,,,
2021/0228,MI00117/21,Sputum,Pseudomonas aeruginosa,Non-fermentor,2021,2021-01-18T00:00:00Z,5 and over,M,FALSE,FALSE,FALSE,,,,,,S,,,,S,,,,S,,,,,,,
2010/4690,MI00119/22,Blood Culture,Pseudomonas aeruginosa,Non-fermentor,2022,2022-01-15T00:00:00Z,5 and over,M,FALSE,FALSE,FALSE,,S,,,,S,,,,S,,,,S,,,,,,,
2023/0096,MI00119/23,Urine,Candida spp.,Fungi,2023,2023-01-13T00:00:00Z,5 and over,M,FALSE,FALSE,FALSE,,,,,,,,,,,,,,,,,,,,,
1991/2552,MI00120/20,Wound swab,Staphylococcus aureus,Other,2020,2020-07-02T00:00:00Z,5 and over,M,FALSE,FALSE,FALSE,S,S,S,R,,S,,,S,,,S,,,,,,,,R,S
1991/2552,MI00120/20,Wound swab,Pseudomonas spp.,Non-fermentor,2020,2020-07-02T00:00:00Z,5 and over,M,FALSE,FALSE,FALSE,,,,,,S,,,,S,,,,S,R,,,,,,
2020/1948,MI00126/20,Wound swab,Staphylococcus aureus,Other,2020,2020-07-02T00:00:00Z,Under 5,F,FALSE,FALSE,FALSE,,S,S,R,,S,,,R,,,,S,,,,,,,R,
2020/1948,MI00126/20,Wound swab,Group A Streptococcus,Haemolytic Streptococcus,2020,2020-07-02T00:00:00Z,Under 5,F,FALSE,FALSE,FALSE,,,S,R,,,,,,,,,,,S,,,,S,S,
2015/6018,MI00127/20,Wound swab,Staphylococcus aureus,Other,2020,2020-07-03T00:00:00Z,5 and over,F,FALSE,FALSE,FALSE,S,S,S,S,,S,,,S,,,S,,,,,,,,R,S
2015/6018,MI00127/20,Wound swab,Group A Streptococcus,Haemolytic Streptococcus,2020,2020-07-03T00:00:00Z,5 and over,F,FALSE,FALSE,FALSE,,,S,,,,,,,,,,,,S,,,,S,S,
2020/2743,MI00130/20,Wound swab,Staphylococcus aureus,Other,2020,2020-07-03T00:00:00Z,5 and over,M,FALSE,FALSE,FALSE,S,S,S,S,,S,,,S,S,,S,,,,,,,,R,S
2020/2743,MI00130/20,Wound swab,Pseudomonas aeruginosa,Non-fermentor,2020,2020-07-03T00:00:00Z,5 and over,M,FALSE,FALSE,FALSE,,R,,,,S,,,,,,,,S,,,,,,,
2020/3970,MI00133/21,Urine,Klebsiella pneumoniae,Enterobacterales,2021,2021-01-19T00:00:00Z,5 and over,M,FALSE,FALSE,FALSE,R,S,S,R,,R,,,,,,,,R,,R,,,R,,
2013/4247,MI00134/25,Throat swab,Coliform spp.,Enterobacterales,2025,2025-01-24T00:00:00Z,5 and over,M,FALSE,FALSE,FALSE,S,S,R,S,,S,,,,,,,S,S,,S,,S,S,,
2023/0218,MI00137/23,Blood Culture,Micrococcus spp.,Other,2023,2023-01-16T00:00:00Z,5 and over,M,FALSE,FALSE,FALSE,,,,,,,,,,,,,,,,,,,,,
2022/4146,MI00138/23,Urine,Escherichia coli,Enterobacterales,2023,2023-01-16T00:00:00Z,5 and over,M,TRUE,FALSE,TRUE,R,R,,R,S,R,,,,,,,R,R,,R,S,,R,,
2003/0079,MI00139/22,Blood Culture,Klebsiella pneumoniae,Enterobacterales,2022,2022-01-18T00:00:00Z,5 and over,M,TRUE,FALSE,TRUE,R,R,R,R,,R,,R,,,,,R,R,,R,,,R,,
2020/4054,MI00139/24,High Vaginal swab,Candida spp.,Fungi,2024,2024-01-18T00:00:00Z,5 and over,F,FALSE,FALSE,FALSE,,,,,,,,,,,,,,,,,,,,,
2021/0441,MI00142/22,Urine,Group B Streptococcus,Haemolytic Streptococcus,2022,2022-01-18T00:00:00Z,5 and over,F,FALSE,FALSE,FALSE,,,S,,,,,,S,,,,,,S,,,,S,S,
2021/0231,MI00146/21,Nasopharyngeal swab,Candida spp.,Fungi,2021,2021-01-20T00:00:00Z,5 and over,F,FALSE,FALSE,FALSE,,,,,,,,,,,,,,,,,,,,,
2009/5120,MI00146/25,Sputum,Coliform spp.,Enterobacterales,2025,2025-01-27T00:00:00Z,5 and over,F,FALSE,FALSE,FALSE,S,S,R,S,,S,,,,,,,S,S,,S,S,S,S,,
2022/3624,MI00148/23,Sputum,Group A Streptococcus,Haemolytic Streptococcus,2023,2023-01-17T00:00:00Z,5 and over,F,FALSE,FALSE,FALSE,R,,S,S,,,,,S,,,,S,,S,,,,,S,
2023/0058,MI00149/23,Sputum,Pseudomonas aeruginosa,Non-fermentor,2023,2023-01-17T00:00:00Z,5 and over,F,FALSE,FALSE,FALSE,,S,,,,S,,,,S,,,,S,,,S,S,,,
2020/0559,MI00150/20,Blood Culture,Micrococcus spp.,Other,2020,2020-07-07T00:00:00Z,Under 5,M,FALSE,FALSE,FALSE,,,,,,,,,,,,,,,,,,,,,
2021/0052,MI00153/21,Urine,Candida spp.,Fungi,2021,2021-01-21T00:00:00Z,5 and over,F,FALSE,FALSE,FALSE,,,,,,,,,,,,,,,,,,,,,
2022/0255,MI00153/22,Wound swab,Staphylococcus aureus,Other,2022,2022-01-19T00:00:00Z,5 and over,M,FALSE,FALSE,FALSE,S,S,S,S,,S,,,S,,,,,,,,,,,R,
2025/0299,MI00153/25,Urine,Escherichia coli,Enterobacterales,2025,2025-01-27T00:00:00Z,5 and over,F,FALSE,FALSE,FALSE,R,,R,S,S,S,,,,,,,S,S,,S,S,S,R,,
2017/2117,MI00154/21,Wound swab,Pseudomonas aeruginosa,Non-fermentor,2021,2021-01-21T00:00:00Z,5 and over,F,TRUE,FALSE,TRUE,,S,,,,S,,,,S,,,R,S,,,,,,,
2017/2117,MI00154/21,Wound swab,Klebsiella pneumoniae,Enterobacterales,2021,2021-01-21T00:00:00Z,5 and over,F,TRUE,FALSE,TRUE,R,S,S,R,,R,,,,,,,R,R,,R,,,,,
2021/5605,MI00154/22,Sputum,Candida spp.,Fungi,2022,2022-01-19T00:00:00Z,5 and over,F,FALSE,FALSE,FALSE,,,,,,,,,,,,,,,,,,,,,
2000/9621,MI00158/22,Blood Culture,Micrococcus spp.,Other,2022,2022-01-20T00:00:00Z,5 and over,M,FALSE,FALSE,FALSE,,,,,,,,,,,,,,,,,,,,,
2024/0235,MI00158/24,Wound swab,Staphylococcus aureus,Other,2024,2024-01-21T00:00:00Z,Under 5,F,FALSE,FALSE,FALSE,R,R,,R,,S,,,R,,,,S,,S,,,,,R,S
2024/0235,MI00158/24,Wound swab,Enterococcus spp.,Other,2024,2024-01-21T00:00:00Z,Under 5,F,FALSE,FALSE,FALSE,,,,,,,,,,,,,,,,,,,,,
2023/4486,MI00163/24,Pus aspirate,Pseudomonas spp.,Non-fermentor,2024,2024-01-22T00:00:00Z,5 and over,F,FALSE,FALSE,FALSE,R,S,R,R,,S,,,,,,,S,S,,,,,R,,
1980/1311,MI00164/25,Sputum,Aspergillus niger,Fungi,2025,2025-01-28T00:00:00Z,5 and over,M,FALSE,FALSE,FALSE,,,,,,,,,,,,,,,,,,,,,
2018/1818,MI00168/21,Urine,Citrobacter freundii,Enterobacterales,2021,2021-01-24T00:00:00Z,Under 5,M,FALSE,TRUE,TRUE,R,R,R,R,,R,,,,,,,R,R,,R,,,R,,
2015/6745,MI00168/24,Blood Culture,Salmonella spp.,Enterobacterales,2024,2024-01-22T00:00:00Z,5 and over,F,FALSE,FALSE,FALSE,S,,,S,,S,,,,,,,S,S,,S,,,S,,S
2003/7181,MI00169/21,Urine,Klebsiella pneumoniae,Enterobacterales,2021,2021-01-25T00:00:00Z,5 and over,F,FALSE,FALSE,FALSE,R,S,S,S,,S,,,,,,,S,S,,S,,,R,,
2014/2257,MI00170/20,Urine,Klebsiella spp.,Enterobacterales,2020,2020-07-08T00:00:00Z,5 and over,F,FALSE,FALSE,FALSE,,,,,,S,,,,,,,S,,,S,,,R,,
2013/2806,MI00171/21,Ear swab,Pseudomonas aeruginosa,Non-fermentor,2021,2021-01-25T00:00:00Z,5 and over,F,FALSE,FALSE,FALSE,,S,,,,S,,,,S,,,,S,,,,,,,
2021/0304,MI00173/21,Blood Culture,Salmonella spp.,Enterobacterales,2021,2021-01-25T00:00:00Z,5 and over,M,FALSE,FALSE,FALSE,S,S,S,S,,S,,,,,,,S,S,,S,,,S,,
2023/0293,MI00180/23,Blood Culture,Staphylococcus aureus,Other,2023,2023-01-19T00:00:00Z,5 and over,F,FALSE,FALSE,FALSE,S,S,S,R,,S,,,S,,,,,,,,,,,R,
2007/6484,MI00180/24,Blood Culture,Micrococcus spp.,Other,2024,2024-01-23T00:00:00Z,5 and over,F,FALSE,FALSE,FALSE,,,,,,,,,,,,,,,,,,,,,
2020/2264,MI00183/20,Blood Culture,Escherichia coli,Enterobacterales,2020,2020-07-09T00:00:00Z,5 and over,F,FALSE,FALSE,FALSE,,,,,,,,,,,,,,,,,,,,,
2023/0293,MI00183/23,Sputum,Candida spp.,Fungi,2023,2023-01-19T00:00:00Z,5 and over,F,FALSE,FALSE,FALSE,,,,,,,,,,,,,,,,,,,,,
2008/7624,MI00186/20,Wound swab,Staphylococcus aureus,Other,2020,2020-07-09T00:00:00Z,5 and over,M,FALSE,FALSE,FALSE,,,,,,,,,,,,,,,,,,,,,
2008/7624,MI00186/20,Wound swab,Group A Streptococcus,Haemolytic Streptococcus,2020,2020-07-09T00:00:00Z,5 and over,M,FALSE,FALSE,FALSE,,,,,,,,,,,,,,,,,,,,,
2022/0310,MI00191/22,Ear swab,Candida spp.,Fungi,2022,2022-01-24T00:00:00Z,Under 5,M,FALSE,FALSE,FALSE,,,,,,,,,,,,,,,,,,,,,
2013/4453,MI00195/20,Ear swab,Pseudomonas aeruginosa,Non-fermentor,2020,2020-07-09T00:00:00Z,5 and over,M,FALSE,FALSE,FALSE,,S,,,,S,,,,S,,,,S,,,,,,,
2020/2629,MI00196/20,High Vaginal swab,Candida spp.,Fungi,2020,2020-07-09T00:00:00Z,5 and over,F,FALSE,FALSE,FALSE,,,,,,,,,,,,,,,,,,,,,
2023/0295,MI00199/23,Throat swab,Candida spp.,Fungi,2023,2023-01-19T00:00:00Z,Under 5,M,FALSE,FALSE,FALSE,,,,,,,,,,,,,,,,,,,,,
2017/1340,MI00202/21,Blood Culture,Micrococcus spp.,Other,2021,2021-01-30T00:00:00Z,5 and over,F,FALSE,FALSE,FALSE,,,,,,,,,,,,,,,,,,,,,
2001/3723,MI00204/22,Sputum,Haemophilus influenzae,Other,2022,2022-01-25T00:00:00Z,5 and over,M,FALSE,FALSE,FALSE,R,,S,S,,,,S,,,,,,S,,S,,,,,
2023/0253,MI00214/23,Blood Culture,Corynebacterium spp.,Other,2023,2023-01-20T00:00:00Z,5 and over,M,FALSE,FALSE,FALSE,,,,,,,,,,,,,,,,,,,,,
2020/4493,MI00218/21,Blood Culture,Escherichia coli,Enterobacterales,2021,2021-02-02T00:00:00Z,5 and over,M,FALSE,FALSE,FALSE,R,S,S,R,,S,,,,,,,,S,,S,,,R,,
2024/4950,MI00219/25,Urine,Klebsiella pneumoniae,Enterobacterales,2025,2025-02-01T13:15:00Z,5 and over,F,FALSE,FALSE,FALSE,,R,R,S,,R,,,,,,,R,R,,R,S,S,R,,
2013/5510,MI00220/20,Urine,Escherichia coli,Enterobacterales,2020,2020-07-13T00:00:00Z,5 and over,F,FALSE,FALSE,FALSE,,,,,S,R,S,,,,,,S,S,,,,,R,,
2022/0379,MI00220/22,Wound swab,Group A Streptococcus,Haemolytic Streptococcus,2022,2022-01-26T00:00:00Z,5 and over,M,FALSE,FALSE,FALSE,R,,,R,,,,,S,,,,,,S,,,,,S,
2022/0142,MI00228/22,Blood Culture,Group A Streptococcus,Haemolytic Streptococcus,2022,2022-01-26T00:00:00Z,5 and over,F,FALSE,FALSE,FALSE,R,,S,R,,R,,,S,,,,,,S,,,,S,S,
2019/5343,MI00230/20,Ear swab,Aspergillus niger,Fungi,2020,2020-07-13T00:00:00Z,Under 5,F,FALSE,FALSE,FALSE,,,,,,,,,,,,,,,,,,,,,
2008/1450,MI00230/25,Urine,Escherichia coli,Enterobacterales,2025,2025-02-03T00:00:00Z,5 and over,F,FALSE,FALSE,FALSE,S,S,,S,S,S,,,,,,,S,S,,S,S,S,R,,
2014/3809,MI00231/25,Throat swab,Coliform spp.,Enterobacterales,2025,2025-02-03T00:00:00Z,5 and over,M,FALSE,FALSE,FALSE,S,S,S,S,,S,,,,,,,S,S,,S,S,S,R,,
2016/5028,MI00232/24,Blood Culture,Corynebacterium spp.,Other,2024,2024-01-26T00:00:00Z,5 and over,M,FALSE,FALSE,FALSE,,,,,,,,,,,,,,,,,,,,,
2003/5448,MI00232/25,Sputum,Klebsiella pneumoniae,Enterobacterales,2025,2025-02-03T00:00:00Z,5 and over,M,FALSE,FALSE,FALSE,R,S,R,R,,S,,,,,,,S,S,,S,S,S,R,,
2023/0293,MI00234/23,Ear swab,Proteus spp.,Enterobacterales,2023,2023-01-23T00:00:00Z,5 and over,F,FALSE,FALSE,FALSE,R,S,S,R,,S,,,R,,,,S,S,,S,S,S,R,S,
2023/0293,MI00234/23,Ear swab,Enterococcus faecalis,Other,2023,2023-01-23T00:00:00Z,5 and over,F,FALSE,FALSE,FALSE,R,,R,R,,,,,R,,,,,,S,,,,S,S,
2006/5025,MI00235/21,Urine,Klebsiella pneumoniae,Enterobacterales,2021,2021-02-03T00:00:00Z,5 and over,M,FALSE,FALSE,FALSE,S,S,S,S,S,S,,,,,,,,S,,S,,,R,,
2022/0473,MI00235/24,Blood Culture,Micrococcus spp.,Other,2024,2024-01-26T00:00:00Z,5 and over,M,FALSE,FALSE,FALSE,,,,,,,,,,,,,,,,,,,,,
2018/1697,MI00238/25,Blood Culture,Micrococcus spp.,Other,2025,2025-02-03T13:25:00Z,5 and over,M,FALSE,FALSE,FALSE,,,,,,,,,,,,,,,,,,,,,
2022/0423,MI00242/22,Urine,Escherichia coli,Enterobacterales,2022,2022-01-27T00:00:00Z,5 and over,F,FALSE,FALSE,FALSE,R,S,,R,S,S,,,,,,,S,S,,R,,,R,,
2008/3528,MI00243/21,Urine,Escherichia coli,Enterobacterales,2021,2021-02-04T00:00:00Z,5 and over,F,FALSE,FALSE,FALSE,R,,S,R,,S,,,,,,,S,S,,S,,,R,,
2003/3474,MI00243/25,Sputum,Aspergillus niger,Fungi,2025,2025-02-04T00:00:00Z,5 and over,F,FALSE,FALSE,FALSE,,,,,,,,,,,,,,,,,,,,,
2025/0421,MI00244/25,Urine,Klebsiella pneumoniae,Enterobacterales,2025,2025-02-04T00:00:00Z,5 and over,F,FALSE,FALSE,FALSE,R,R,,R,R,S,,,,,,,S,S,,S,S,,R,,
2020/2958,MI00245/20,Ear swab,Escherichia coli,Enterobacterales,2020,2020-07-14T00:00:00Z,Under 5,M,FALSE,FALSE,FALSE,,S,,R,,R,,,,,,,,S,,,,,R,,
2020/2958,MI00245/20,Ear swab,Group A Streptococcus,Haemolytic Streptococcus,2020,2020-07-14T00:00:00Z,Under 5,M,FALSE,FALSE,FALSE,,,S,S,,,,,S,,,,,,S,,,,S,S,
2013/3533,MI00247/25,Urine,Escherichia coli,Enterobacterales,2025,2025-02-04T00:00:00Z,5 and over,F,FALSE,FALSE,FALSE,S,S,,S,S,S,,,,,,,S,S,,R,S,S,R,,
2020/2971,MI00251/20,Urine,Staphylococcus aureus,Other,2020,2020-07-15T00:00:00Z,Under 5,M,FALSE,FALSE,FALSE,S,,S,,,S,,,S,,,,,,,,,,,R,
2022/5907,MI00252/23,Eye swab,Staphylococcus aureus,Other,2023,2023-01-24T00:00:00Z,5 and over,F,FALSE,FALSE,FALSE,S,S,S,S,,S,,,S,,,,,,,,,,,R,
2012/5042,MI00254/20,Urine,Escherichia coli,Enterobacterales,2020,2020-07-15T00:00:00Z,5 and over,F,FALSE,FALSE,FALSE,S,R,R,R,,S,S,,,,,,S,S,,,,,R,,
2023/0172,MI00254/23,Sputum,Acinetobacter nosocomialis,Non-fermentor,2023,2023-01-24T00:00:00Z,5 and over,M,FALSE,FALSE,FALSE,S,S,R,S,,S,,,,,,,R,S,,S,S,S,R,,
2021/1877,MI00255/22,Blood Culture,Streptococcus pneumoniae,Other,2022,2022-01-30T00:00:00Z,5 and over,F,FALSE,FALSE,FALSE,R,,S,S,,,,,S,,,R,,,S,,,,,R,
2023/0412,MI00258/23,Urine,Klebsiella pneumoniae,Enterobacterales,2023,2023-01-25T00:00:00Z,5 and over,F,FALSE,FALSE,FALSE,S,S,S,S,,S,,,,,,,S,S,,S,S,,R,,
2024/0329,MI00261/24,Urine,Candida spp.,Fungi,2024,2024-01-30T00:00:00Z,Under 5,M,FALSE,FALSE,FALSE,,,,,,,,,,,,,,,,,,,,,
2020/2971,MI00264/20,Pus aspirate,Staphylococcus aureus,Other,2020,2020-07-16T00:00:00Z,Under 5,M,FALSE,FALSE,FALSE,S,S,S,,,S,,,S,,,,,,,,,,,R,
2024/0070,MI00264/24,Blood Culture,Micrococcus spp.,Other,2024,2024-01-30T00:00:00Z,Under 5,F,FALSE,FALSE,FALSE,,,,,,,,,,,,,,,,,,,,,
2007/4833,MI00264/25,Sputum,Staphylococcus aureus,Other,2025,2025-02-05T00:00:00Z,5 and over,F,FALSE,FALSE,FALSE,S,S,S,S,,S,,,,,,,,,,,,S,,R,
2020/5088,MI00266/21,Urine,Escherichia coli,Enterobacterales,2021,2021-02-08T00:00:00Z,5 and over,F,FALSE,FALSE,FALSE,R,S,S,R,,S,,,,,,,S,S,,S,,,R,,
2019/4555,MI00270/21,Blood Culture,Candida spp.,Fungi,2021,2021-02-08T00:00:00Z,5 and over,F,FALSE,FALSE,FALSE,,,,,,,,,,,,,,,,,,,,,
2020/2891,MI00271/20,Blood Culture,Staphylococcus aureus,Other,2020,2020-07-17T00:00:00Z,5 and over,F,FALSE,FALSE,FALSE,,S,S,S,,S,,,S,,,,,,,,,,,R,
2020/2891,MI00272/20,Ascetic aspirate,Escherichia coli,Enterobacterales,2020,2020-07-18T00:00:00Z,5 and over,F,FALSE,FALSE,FALSE,R,S,S,R,,S,,,,,,,S,S,,S,,,R,,
2013/4403,MI00276/25,Urine,Coliform spp.,Enterobacterales,2025,2025-02-07T10:37:00Z,5 and over,F,FALSE,FALSE,FALSE,R,S,,S,,R,,,,,,,R,S,,R,S,S,R,,
2019/5680,MI00278/20,Urine,Klebsiella spp.,Enterobacterales,2020,2020-07-20T00:00:00Z,Under 5,M,FALSE,FALSE,FALSE,,R,R,R,S,R,,,,,,,R,R,,R,,,R,,
2020/3027,MI00282/20,Urine,Escherichia coli,Enterobacterales,2020,2020-07-20T00:00:00Z,5 and over,F,FALSE,FALSE,FALSE,R,R,S,R,S,R,R,,,,,,R,R,,R,,,R,R,
2010/5879,MI00283/22,Sputum,Klebsiella pneumoniae,Enterobacterales,2022,2022-02-01T00:00:00Z,5 and over,M,FALSE,FALSE,FALSE,S,S,S,S,,S,,,,,,,,S,,S,,,R,,
2023/0436,MI00283/23,Blood Culture,Salmonella spp.,Enterobacterales,2023,2023-01-26T00:00:00Z,5 and over,F,FALSE,FALSE,FALSE,S,S,S,S,,S,,,,,,,S,S,,S,S,S,S,,
2009/5120,MI00284/20,Pus aspirate,Staphylococcus aureus,Other,2020,2020-07-20T00:00:00Z,5 and over,F,FALSE,FALSE,FALSE,,S,S,,,S,,,,,,,,,,,,,,R,
2021/5560,MI00284/22,Sputum,Pseudomonas aeruginosa,Non-fermentor,2022,2022-02-01T00:00:00Z,5 and over,F,FALSE,FALSE,FALSE,,S,,,,S,,,,S,,,,S,,,,,,,
2019/5343,MI00285/20,Ear swab,Aspergillus spp.,Fungi,2020,2020-07-20T00:00:00Z,Under 5,F,FALSE,FALSE,FALSE,,,,,,,,,,,,,,,,,,,,,
2024/0379,MI00285/24,Blood Culture,Staphylococcus aureus,Other,2024,2024-01-31T00:00:00Z,5 and over,M,FALSE,FALSE,FALSE,S,S,S,S,,S,,,S,,,,,,,,,,,,
2018/1014,MI00287/23,Sputum,Pseudomonas aeruginosa,Non-fermentor,2023,2023-01-26T00:00:00Z,5 and over,M,FALSE,FALSE,FALSE,,S,,,,R,,,,S,,,,S,,,,,,,
2022/0531,MI00295/22,Throat swab,Group A Streptococcus,Haemolytic Streptococcus,2022,2022-02-02T00:00:00Z,5 and over,M,FALSE,FALSE,FALSE,R,,S,R,,,,,S,,,,,,S,,,,S,S,
2025/0490,MI00296/25,Urine,Klebsiella pneumoniae,Enterobacterales,2025,2025-02-10T17:06:00Z,5 and over,F,FALSE,FALSE,FALSE,R,R,,R,R,R,,,,,,,R,S,,R,S,S,R,,
2025/0538,MI00302/25,Urine,Coliform spp.,Enterobacterales,2025,2025-02-11T00:00:00Z,5 and over,F,FALSE,FALSE,FALSE,R,R,,R,S,R,,,,,,,S,S,,S,S,S,R,,
2020/2971,MI00309/20,Eye swab,Pseudomonas spp.,Non-fermentor,2020,2020-07-22T00:00:00Z,Under 5,M,FALSE,FALSE,FALSE,,S,,,,S,,,,S,,,,S,,,,,,,
2020/3046,MI00314/20,Pus aspirate,Staphylococcus aureus,Other,2020,2020-07-22T00:00:00Z,Under 5,M,FALSE,FALSE,FALSE,S,S,S,S,,S,,,S,,,,R,,,,,,R,R,S
2024/0300,MI00315/24,Urine,Escherichia coli,Enterobacterales,2024,2024-02-04T00:00:00Z,5 and over,F,FALSE,FALSE,FALSE,,S,,R,S,R,,,,,,,R,R,,S,,,,,
2021/4503,MI00315/25,Urine,Coliform spp.,Enterobacterales,2025,2025-02-17T00:00:00Z,5 and over,F,FALSE,FALSE,FALSE,R,,,R,S,R,,,,,,,R,R,,R,S,S,R,,
2020/3083,MI00317/20,Blood Culture,Group A Streptococcus,Haemolytic Streptococcus,2020,2020-07-23T00:00:00Z,Under 5,F,FALSE,FALSE,FALSE,,,S,R,,,,,S,,,,,,S,,,,S,S,
2018/2427,MI00319/22,High Vaginal swab,Candida spp.,Fungi,2022,2022-02-08T00:00:00Z,5 and over,F,FALSE,FALSE,FALSE,,,,,,,,,,,,,,,,,,,,,
2025/0562,MI00319/25,Ear swab,Pseudomonas spp.,Non-fermentor,2025,2025-02-19T00:00:00Z,Under 5,F,FALSE,FALSE,FALSE,,R,,,,R,,,,,,,,R,,,S,R,,,
2012/4543,MI00321/23,Wound swab,Staphylococcus aureus,Other,2023,2023-01-30T00:00:00Z,5 and over,F,FALSE,FALSE,FALSE,S,S,S,S,,S,,,S,,,,,,,,,,,R,S
2022/0297,MI00324/22,Sputum,Candida spp.,Fungi,2022,2022-02-04T00:00:00Z,5 and over,M,FALSE,FALSE,FALSE,,,,,,,,,,,,,,,,,,,,,
1998/8177,MI00325/23,Urine,Morganella morganii,Enterobacterales,2023,2023-01-30T00:00:00Z,5 and over,F,FALSE,FALSE,FALSE,R,S,,R,R,S,,,,,,,R,S,,R,S,S,R,,
2020/3083,MI00329/20,Pus aspirate,Staphylococcus aureus,Other,2020,2020-07-23T00:00:00Z,Under 5,F,FALSE,FALSE,FALSE,S,S,S,,,S,,,S,,,,,,,,,,,R,
2003/9623,MI00332/21,Wound swab,Streptococcus anginosus group,Haemolytic Streptococcus,2021,2021-02-17T00:00:00Z,5 and over,M,FALSE,FALSE,FALSE,R,,S,R,,,,,R,,,,,,S,,,,S,S,
2021/2161,MI00334/22,Sputum,Enterobacter cloacae,Enterobacterales,2022,2022-02-08T00:00:00Z,5 and over,F,FALSE,TRUE,TRUE,R,S,R,R,,S,,,,,,,R,S,,R,,,R,,
2024/0447,MI00336/24,Sputum,Candida spp.,Fungi,2024,2024-02-06T00:00:00Z,5 and over,F,FALSE,FALSE,FALSE,,,,,,,,,,,,,,,,,,,,,
1994/7177,MI00337/22,Wound swab,Staphylococcus aureus,Other,2022,2022-02-08T00:00:00Z,5 and over,F,FALSE,FALSE,FALSE,R,S,R,R,,S,,,R,,,,,,,,,,,R,
2024/0467,MI00344/24,Blood Culture,Staphylococcus aureus,Other,2024,2024-02-06T00:00:00Z,5 and over,F,FALSE,FALSE,FALSE,S,S,,S,,S,,,S,,,,,,,,,,,R,S
2023/3768,MI00345/24,Urine,Acinetobacter baumannii,Non-fermentor,2024,2024-02-06T00:00:00Z,5 and over,M,FALSE,FALSE,FALSE,S,S,,S,R,S,,,,,,,R,S,,,,,R,,
2021/0590,MI00349/21,Wound swab,Staphylococcus aureus,Other,2021,2021-02-19T00:00:00Z,5 and over,M,FALSE,FALSE,FALSE,S,S,S,R,,R,,,R,,,,,,,,,,,R,
2022/0645,MI00349/22,Urine,Escherichia coli,Enterobacterales,2022,2022-02-09T00:00:00Z,5 and over,F,FALSE,FALSE,FALSE,S,S,,S,,,,,S,,,,,S,,S,,,S,,
2003/8091,MI00349/23,Sputum,Pseudomonas aeruginosa,Non-fermentor,2023,2023-01-31T00:00:00Z,5 and over,M,FALSE,FALSE,FALSE,,S,,,,S,,,,S,,,,S,,,S,S,,,
2024/0500,MI00354/24,Blood Culture,Micrococcus spp.,Other,2024,2024-02-08T00:00:00Z,5 and over,F,FALSE,FALSE,FALSE,,,,,,,,,,,,,,,,,,,,,
2025/0359,MI00361/25,Sputum,Coliform spp.,Enterobacterales,2025,2025-03-05T00:00:00Z,5 and over,F,FALSE,FALSE,FALSE,S,S,R,S,,S,,,,,,,R,S,,R,S,S,R,,
2013/1825,MI00376/21,Blood Culture,Pseudomonas spp.,Non-fermentor,2021,2021-02-23T00:00:00Z,5 and over,M,FALSE,FALSE,FALSE,,S,,,,S,,,,S,,,,S,,,,,,,
2022/0706,MI00376/22,Blood Culture,Pseudomonas aeruginosa,Non-fermentor,2022,2022-02-10T00:00:00Z,5 and over,M,FALSE,FALSE,FALSE,,R,,,,S,,,,S,,,,R,,,,,,,
2004/1201,MI00378/24,Blood Culture,Enterobacter cloacae,Enterobacterales,2024,2024-02-12T00:00:00Z,5 and over,F,FALSE,TRUE,TRUE,R,,,R,,S,,,,,,,S,S,,R,,,R,,R
2020/3200,MI00380/20,Blood Culture,Salmonella spp.,Enterobacterales,2020,2020-08-10T00:00:00Z,Under 5,M,FALSE,FALSE,FALSE,S,S,S,S,,S,,S,,,,,S,S,,,,,S,,
2020/3201,MI00382/20,Blood Culture,Group A Streptococcus,Haemolytic Streptococcus,2020,2020-08-10T00:00:00Z,5 and over,M,FALSE,FALSE,FALSE,,,S,S,,,,,S,,,,,,S,,,,S,S,
2024/0362,MI00388/24,Sputum,Klebsiella oxytoca,Enterobacterales,2024,2024-02-12T00:00:00Z,5 and over,M,FALSE,FALSE,FALSE,,R,,S,,S,,,,R,,,S,S,,S,,S,R,,R
2024/0362,MI00388/24,Sputum,Pseudomonas aeruginosa,Non-fermentor,2024,2024-02-12T00:00:00Z,5 and over,M,FALSE,FALSE,FALSE,,R,,,,S,,,,R,,,,S,,,,,,,
2022/0718,MI00392/22,Urine,Escherichia coli,Enterobacterales,2022,2022-02-11T00:00:00Z,5 and over,F,FALSE,FALSE,FALSE,R,S,,R,S,S,,,,,,,S,S,,S,,,R,,
2024/0359,MI00398/24,Sputum,Candida spp.,Fungi,2024,2024-02-13T00:00:00Z,5 and over,M,FALSE,FALSE,FALSE,,,,,,,,,,,,,,,,,,,,,
2021/0687,MI00400/21,Urine,Escherichia coli,Enterobacterales,2021,2021-02-24T00:00:00Z,Under 5,M,FALSE,FALSE,FALSE,R,S,S,R,,S,,,,,,,S,S,,S,,,R,,
1998/0952,MI00401/23,Wound swab,Pseudomonas aeruginosa,Non-fermentor,2023,2023-02-04T00:00:00Z,5 and over,M,FALSE,FALSE,FALSE,,S,,,,S,,,,S,,,R,,,,,,,,
2014/1760,MI00404/22,Blood Culture,Micrococcus spp.,Other,2022,2022-02-14T00:00:00Z,5 and over,M,FALSE,FALSE,FALSE,,,,,,,,,,,,,,,,,,,,,
2024/4303,MI00404/25,Urine,Escherichia coli,Enterobacterales,2025,2025-03-18T00:00:00Z,5 and over,F,FALSE,FALSE,FALSE,R,S,,R,S,R,,,,,,,S,S,,S,S,S,R,,
2022/6057,MI00405/23,Sputum,Pseudomonas spp.,Non-fermentor,2023,2023-02-06T00:00:00Z,5 and over,F,FALSE,FALSE,FALSE,,S,,,,S,,,,,,,,S,,,S,S,,,
2021/0720,MI00406/21,Blood Culture,Aeromonas hydrophila,Other,2021,2021-02-25T00:00:00Z,5 and over,M,FALSE,FALSE,FALSE,S,S,S,S,,S,,,,,,,S,S,,S,,,R,,
2025/0679,MI00406/25,Sputum,Alcaligenes faecalis,Non-fermentor,2025,2025-03-18T00:00:00Z,5 and over,F,FALSE,FALSE,FALSE,R,S,R,S,,S,,,,,,,R,R,,R,S,,R,,
2022/0725,MI00408/22,Wound swab,Staphylococcus aureus,Other,2022,2022-02-14T00:00:00Z,5 and over,M,FALSE,FALSE,FALSE,S,S,S,S,,S,,,S,,,,,,,,,,,S,
2015/1153,MI00411/20,Urine,Enterobacter spp.,Enterobacterales,2020,2020-08-18T00:00:00Z,5 and over,F,FALSE,FALSE,FALSE,,S,S,R,S,,,,,,,,R,R,,R,,,R,,
2015/1153,MI00412/20,Wound swab,Group A Streptococcus,Haemolytic Streptococcus,2020,2020-08-18T00:00:00Z,5 and over,F,FALSE,FALSE,FALSE,,,S,R,,,,,S,,,,,,S,,,,S,S,
2022/6078,MI00412/23,Urine,Escherichia coli,Enterobacterales,2023,2023-02-06T00:00:00Z,5 and over,M,FALSE,FALSE,FALSE,R,S,,R,S,S,,,,,,,S,S,,S,S,S,S,,
2012/0055,MI00413/22,Throat swab,Group A Streptococcus,Haemolytic Streptococcus,2022,2022-02-15T00:00:00Z,5 and over,F,FALSE,FALSE,FALSE,,,S,,,,,,S,,,,,,S,,R,,,S,
2024/0579,MI00413/24,Blood Culture,Candida spp.,Fungi,2024,2024-02-15T00:00:00Z,Under 5,F,FALSE,FALSE,FALSE,,,,,,,,,,,,,,,,,,,,,
2006/4257,MI00414/23,Urine,Escherichia coli,Enterobacterales,2023,2023-02-06T00:00:00Z,5 and over,F,TRUE,FALSE,TRUE,R,S,,S,S,S,,,,,,,R,R,,S,S,,R,,
2020/3271,MI00419/20,Blood Culture,Staphylococcus aureus,Other,2020,2020-08-19T00:00:00Z,Under 5,F,FALSE,FALSE,FALSE,,S,S,S,,S,,,S,,,,,,,,,,,R,S
2000/3958,MI00422/20,Blood Culture,Salmonella spp.,Enterobacterales,2020,2020-08-20T00:00:00Z,5 and over,F,FALSE,FALSE,FALSE,,S,S,R,,S,,S,,,,,S,S,,,,,S,,
2021/0530,MI00423/21,Urine,Klebsiella pneumoniae,Enterobacterales,2021,2021-02-27T00:00:00Z,5 and over,M,FALSE,FALSE,FALSE,S,S,S,S,R,S,,,,,,,S,S,,S,,,R,,
2021/0530,MI00423/21,Urine,Escherichia coli,Enterobacterales,2021,2021-02-27T00:00:00Z,5 and over,M,FALSE,FALSE,FALSE,R,R,R,R,R,R,,,,,,,R,R,,R,,,R,,
2024/0359,MI00423/24,Urine,Escherichia coli,Enterobacterales,2024,2024-02-15T00:00:00Z,5 and over,M,FALSE,FALSE,FALSE,S,S,S,R,S,S,,,,,,,S,S,,S,,S,R,,
2021/0745,MI00425/21,Urine,Escherichia coli,Enterobacterales,2021,2021-02-28T00:00:00Z,Under 5,M,FALSE,FALSE,FALSE,R,S,S,R,S,S,,,,,,,S,S,,S,,,R,,R
2021/0530,MI00427/21,Blood Culture,Micrococcus spp.,Other,2021,2021-02-28T00:00:00Z,5 and over,M,FALSE,FALSE,FALSE,,,,,,,,,,,,,,,,,,,,,
2022/0781,MI00428/22,Sputum,Pseudomonas aeruginosa,Non-fermentor,2022,2022-02-16T00:00:00Z,5 and over,M,FALSE,FALSE,FALSE,,S,,,,S,,,,S,,,,S,,,S,,,,
2020/3289,MI00429/20,Urine,Klebsiella spp.,Enterobacterales,2020,2020-08-21T00:00:00Z,5 and over,F,FALSE,FALSE,FALSE,,S,S,S,,,,S,,,,,,S,,,,,R,,
2020/3291,MI00431/20,Wound swab,Group C/G Streptococcus,Haemolytic Streptococcus,2020,2020-08-21T00:00:00Z,5 and over,F,FALSE,FALSE,FALSE,,,S,R,,,,,S,,,,,,S,,,,S,S,
2020/3291,MI00431/20,Wound swab,Staphylococcus aureus,Other,2020,2020-08-21T00:00:00Z,5 and over,F,FALSE,FALSE,FALSE,R,S,S,S,,S,,,S,,,,,,,,,,,R,S
2024/0614,MI00432/24,Urine,Raoultella ornithinolytica,Enterobacterales,2024,2024-02-16T00:00:00Z,5 and over,F,FALSE,FALSE,FALSE,R,R,S,,,R,,R,,,,,,R,,,,S,R,,
2019/4574,MI00440/20,Urine,Candida spp.,Fungi,2020,2020-08-24T00:00:00Z,Under 5,M,FALSE,FALSE,FALSE,,,,,,,,,,,,,,,,,,,,,
2017/2933,MI00444/20,Urine,Candida spp.,Fungi,2020,2020-08-24T00:00:00Z,5 and over,F,FALSE,FALSE,FALSE,,,,,,,,,,,,,,,,,,,,,
2021/0767,MI00445/21,Blood Culture,Streptococcus pneumoniae,Other,2021,2021-03-01T00:00:00Z,5 and over,F,FALSE,FALSE,FALSE,R,,,R,,,,,R,,,S,,,S,,,,R,S,
2020/2973,MI00446/20,Urine,Klebsiella pneumoniae,Enterobacterales,2020,2020-08-24T00:00:00Z,5 and over,F,TRUE,FALSE,TRUE,,R,S,R,,R,,,,,,,R,R,,R,,,R,,
2015/3909,MI00446/24,Urine,Escherichia coli,Enterobacterales,2024,2024-02-20T00:00:00Z,5 and over,F,FALSE,FALSE,FALSE,S,S,,S,,S,,,,,,,S,S,,S,,S,S,,
2025/0828,MI00446/25,Sputum,Candida spp.,Fungi,2025,2025-03-25T00:00:00Z,5 and over,M,FALSE,FALSE,FALSE,,,,,,,,,,,,,,,,,,,,,
2017/4727,MI00447/22,Urine,Escherichia coli,Enterobacterales,2022,2022-02-20T00:00:00Z,5 and over,F,FALSE,FALSE,FALSE,R,S,,R,,S,,R,,,,,S,S,,S,S,S,S,,
2021/3108,MI00447/24,Urine,Escherichia coli,Enterobacterales,2024,2024-02-20T00:00:00Z,5 and over,F,FALSE,FALSE,FALSE,R,S,,R,,S,,,,,,,S,S,,R,,S,R,,
2021/1229,MI00448/22,Blood Culture,Streptococcus pneumoniae,Other,2022,2022-02-21T00:00:00Z,Under 5,F,FALSE,FALSE,FALSE,R,,S,S,,,,,S,,,S,,,S,S,S,S,,,
2020/4030,MI00450/21,Urine,Escherichia coli,Enterobacterales,2021,2021-03-02T00:00:00Z,5 and over,F,FALSE,FALSE,FALSE,,,R,R,S,R,,,,,,,S,S,,S,,,,,
2022/0822,MI00451/22,Blood Culture,Micrococcus spp.,Other,2022,2022-02-21T00:00:00Z,5 and over,M,FALSE,FALSE,FALSE,,,,,,,,,,,,,,,,,,,,,
2023/0635,MI00454/23,Wound swab,Proteus spp.,Enterobacterales,2023,2023-02-08T00:00:00Z,5 and over,F,FALSE,FALSE,FALSE,R,S,S,R,,S,,,,,,,S,S,S,S,S,S,R,,
2023/0635,MI00454/23,Wound swab,Enterococcus spp.,Other,2023,2023-02-08T00:00:00Z,5 and over,F,FALSE,FALSE,FALSE,R,,S,R,,,,,R,,,,,,S,,S,S,S,S,
2009/5120,MI00458/20,Wound swab,Staphylococcus aureus,Other,2020,2020-08-25T00:00:00Z,5 and over,F,FALSE,FALSE,FALSE,S,S,S,S,,S,,,S,,,,,,,,,,,R,
2009/5120,MI00458/20,Wound swab,Group A Streptococcus,Haemolytic Streptococcus,2020,2020-08-25T00:00:00Z,5 and over,F,FALSE,FALSE,FALSE,,,S,R,,,,,S,,,,,,S,,,,S,S,
2022/6220,MI00458/24,Sputum,Pseudomonas aeruginosa,Non-fermentor,2024,2024-02-21T00:00:00Z,5 and over,F,FALSE,FALSE,FALSE,,S,,,,S,,,,S,,,,S,,,,S,,,
2000/8113,MI00460/24,Urine,Escherichia coli,Enterobacterales,2024,2024-02-21T00:00:00Z,5 and over,M,TRUE,FALSE,TRUE,R,S,,R,,R,,,,,,,R,R,,R,,,R,,
2025/0858,MI00461/25,Urine,Klebsiella pneumoniae,Enterobacterales,2025,2025-03-26T00:00:00Z,5 and over,F,FALSE,FALSE,FALSE,R,S,,R,S,R,,,,,,,R,R,,R,S,S,R,,
2018/3692,MI00464/21,Urine,Escherichia coli,Enterobacterales,2021,2021-03-03T00:00:00Z,5 and over,F,FALSE,FALSE,FALSE,R,S,R,R,S,S,,,,,,,S,S,,S,,,R,,
2021/0799,MI00467/21,Urine,Enterobacter cloacae,Enterobacterales,2021,2021-03-03T00:00:00Z,5 and over,F,FALSE,TRUE,TRUE,R,S,S,R,S,S,,,,,,,R,R,,S,,,R,,
2002/9963,MI00471/22,High Vaginal swab,Candida spp.,Fungi,2022,2022-02-24T00:00:00Z,5 and over,F,FALSE,FALSE,FALSE,,,,,,,,,,,,,,,,,,,,,
2021/0813,MI00473/21,Urine,Enterococcus spp.,Other,2021,2021-03-04T00:00:00Z,5 and over,F,FALSE,FALSE,FALSE,R,,R,R,,,,,R,,,,,,S,,,,S,,
2020/3342,MI00475/20,Urine,Escherichia coli,Enterobacterales,2020,2020-08-26T00:00:00Z,5 and over,F,FALSE,FALSE,FALSE,,S,,R,,S,,,,,,,S,S,,S,,,R,,
2025/0783,MI00476/25,Blood Culture,Klebsiella aerogenes,Enterobacterales,2025,2025-03-27T12:50:00Z,Under 5,F,TRUE,TRUE,TRUE,R,S,R,S,,S,,,,,,,R,S,,R,S,S,R,,
2015/3560,MI00478/21,Sputum,Klebsiella pneumoniae,Enterobacterales,2021,2021-03-04T00:00:00Z,5 and over,M,FALSE,FALSE,FALSE,S,S,R,R,,S,,,,,,,R,S,,S,,,R,,
2015/3560,MI00478/21,Sputum,Candida spp.,Fungi,2021,2021-03-04T00:00:00Z,5 and over,M,FALSE,FALSE,FALSE,,,,,,,,,,,,,,,,,,,,,
2013/2659,MI00479/20,Wound swab,Morganella morganii,Enterobacterales,2020,2020-08-26T00:00:00Z,5 and over,M,FALSE,FALSE,FALSE,R,S,R,S,,S,,,,,,,S,S,,,,,R,,
2022/0890,MI00479/22,Blood Culture,Micrococcus spp.,Other,2022,2022-02-24T00:00:00Z,5 and over,F,FALSE,FALSE,FALSE,,,,,,,,,,,,,,,,,,,,,
2025/0889,MI00479/25,Throat swab,Group A Streptococcus,Haemolytic Streptococcus,2025,2025-03-28T00:00:00Z,5 and over,F,FALSE,FALSE,FALSE,,,S,R,,,,,S,,,,,,S,,,,,S,
2025/0895,MI00480/25,Urine,Klebsiella pneumoniae,Enterobacterales,2025,2025-03-28T00:00:00Z,5 and over,M,FALSE,FALSE,FALSE,R,S,,R,R,S,,,,,,,S,S,,S,S,S,R,,
2021/2680,MI00481/22,Wound swab,Staphylococcus aureus,Other,2022,2022-02-24T00:00:00Z,Under 5,F,FALSE,FALSE,FALSE,S,R,S,R,,R,,,R,,,,,,,,,,,R,
2022/0688,MI00486/22,Blood Culture,Micrococcus spp.,Other,2022,2022-02-24T00:00:00Z,5 and over,F,FALSE,FALSE,FALSE,,,,,,,,,,,,,,,,,,,,,
2020/3332,MI00488/20,Urine,Escherichia coli,Enterobacterales,2020,2020-08-27T00:00:00Z,5 and over,F,FALSE,FALSE,FALSE,R,R,S,R,,S,,,,,,,S,,,S,,,R,,
1988/5316,MI00489/24,Blood Culture,Escherichia coli,Enterobacterales,2024,2024-02-26T00:00:00Z,5 and over,F,FALSE,FALSE,FALSE,R,S,,R,,R,,,,,,,,S,,S,,,,,S
2022/0791,MI00490/22,Urine,Candida spp.,Fungi,2022,2022-02-24T00:00:00Z,5 and over,F,FALSE,FALSE,FALSE,,,,,,,,,,,,,,,,,,,,,
2022/0882,MI00492/22,Urine,Escherichia coli,Enterobacterales,2022,2022-02-23T00:00:00Z,5 and over,F,FALSE,FALSE,FALSE,R,S,,S,S,R,,,,,,,S,S,,S,,,R,,
2020/3367,MI00499/20,Blood Culture,Micrococcus spp.,Other,2020,2020-08-28T00:00:00Z,Under 5,F,FALSE,FALSE,FALSE,,,,,,,,,,,,,,,,,,,,,
2022/0921,MI00499/22,Urine,Escherichia coli,Enterobacterales,2022,2022-02-27T00:00:00Z,Under 5,F,FALSE,FALSE,FALSE,R,,,R,S,S,,,,,,,S,S,,S,S,S,R,,
2018/0866,MI00500/20,Ascetic aspirate,Burkholderia cepacia complex,Non-fermentor,2020,2020-08-28T00:00:00Z,5 and over,M,FALSE,FALSE,FALSE,,S,S,S,,R,,,,,,,S,S,,R,,,R,,
2020/1968,MI00502/20,Urine,Escherichia coli,Enterobacterales,2020,2020-08-28T00:00:00Z,5 and over,F,FALSE,FALSE,FALSE,R,,S,R,,,,,,,,,S,S,,S,,,R,,
2020/0933,MI00503/20,Sputum,Pseudomonas aeruginosa,Non-fermentor,2020,2020-08-29T00:00:00Z,5 and over,M,FALSE,FALSE,FALSE,,S,,,,S,,,,S,,,,S,,,,,,,
2025/0950,MI00506/25,Urine,Pseudomonas aeruginosa,Non-fermentor,2025,2025-04-03T00:00:00Z,5 and over,F,FALSE,FALSE,FALSE,,S,,,,S,,,,,,,,S,,,,R,,,
2020/3374,MI00508/20,Blood Culture,Micrococcus spp.,Other,2020,2020-08-30T00:00:00Z,Under 5,F,FALSE,FALSE,FALSE,,,,,,,,,,,,,,,,,,,,,
2020/3374,MI00509/20,Low Vaginal swab,Escherichia coli,Enterobacterales,2020,2020-08-30T00:00:00Z,Under 5,F,FALSE,FALSE,FALSE,,S,S,R,,S,,,,,,,S,S,,S,,,S,,
2021/0819,MI00513/21,Wound swab,Proteus mirabilis,Enterobacterales,2021,2021-03-09T00:00:00Z,5 and over,F,FALSE,FALSE,FALSE,S,S,S,R,,,,,,,,,S,S,,S,,,S,,
2020/3383,MI00515/20,Wound swab,Enterobacter kobei,Enterobacterales,2020,2020-08-31T00:00:00Z,Under 5,F,FALSE,FALSE,FALSE,R,S,S,R,,S,,,,,,,S,S,,R,,,R,,
2018/0659,MI00516/20,Ear swab,Enterococcus spp.,Other,2020,2020-08-31T00:00:00Z,5 and over,M,FALSE,FALSE,FALSE,,,S,,,,,,,,,,,,,,,,S,,
2025/0881,MI00519/25,Sputum,Candida spp.,Fungi,2025,2025-04-04T00:00:00Z,5 and over,M,FALSE,FALSE,FALSE,,,,,,,,,,,,,,,,,,,,,
2020/3383,MI00523/20,Wound swab,Acinetobacter baumannii,Non-fermentor,2020,2020-09-01T00:00:00Z,Under 5,F,FALSE,FALSE,FALSE,R,S,R,S,,S,,,,,,,R,R,,S,,,R,,
2020/3383,MI00523/20,Wound swab,Klebsiella pneumoniae,Enterobacterales,2020,2020-09-01T00:00:00Z,Under 5,F,FALSE,FALSE,FALSE,R,S,S,R,,S,,,,,,,S,S,,S,,,R,,
2025/0967,MI00524/25,Umbilical swab,Staphylococcus aureus,Other,2025,2025-04-04T18:31:00Z,Under 5,F,FALSE,FALSE,FALSE,R,S,S,S,,S,,,,,,,,,,,,,,R,
2021/2238,MI00533/23,Blood Culture,Staphylococcus aureus,Other,2023,2023-02-17T00:00:00Z,Under 5,M,FALSE,FALSE,FALSE,R,S,S,S,,S,,,S,,,,,,,,,,,R,
2003/7181,MI00535/24,Urine,Klebsiella pneumoniae,Enterobacterales,2024,2024-02-28T00:00:00Z,5 and over,F,FALSE,FALSE,FALSE,S,S,R,S,R,R,,S,,,,,S,S,,S,,,R,,
1998/0952,MI00536/23,Pus aspirate,Escherichia coli,Enterobacterales,2023,2023-02-18T00:00:00Z,5 and over,M,TRUE,FALSE,TRUE,R,R,S,R,,R,,,,,,,R,R,,R,S,S,R,,
1998/0952,MI00536/23,Pus aspirate,Staphylococcus aureus,Other,2023,2023-02-18T00:00:00Z,5 and over,M,TRUE,FALSE,TRUE,S,S,S,S,,R,,,S,,,,,,,,,,,S,
2023/0773,MI00540/23,Blood Culture,Staphylococcus aureus,Other,2023,2023-02-19T00:00:00Z,5 and over,F,FALSE,FALSE,FALSE,S,S,S,S,,S,,,S,,,,,,,,,,,R,
2025/0981,MI00541/25,Pleural aspirate,Pseudomonas aeruginosa,Non-fermentor,2025,2025-04-07T16:37:00Z,5 and over,M,FALSE,FALSE,FALSE,S,,,,,S,,,,,,,,S,,,,S,,,
2007/7394,MI00542/20,Urine,Group B Streptococcus,Haemolytic Streptococcus,2020,2020-09-02T00:00:00Z,5 and over,F,FALSE,FALSE,FALSE,,,S,R,,,,,S,,,,,,S,,,,S,S,
2022/0843,MI00543/22,Ascetic aspirate,Escherichia coli,Enterobacterales,2022,2022-03-02T00:00:00Z,5 and over,F,FALSE,FALSE,FALSE,R,S,,,,S,,,,,,,S,S,,,,,R,,
2022/0843,MI00543/22,Ascetic aspirate,Proteus mirabilis,Enterobacterales,2022,2022-03-02T00:00:00Z,5 and over,F,FALSE,FALSE,FALSE,S,S,,,,S,,,,,,,S,S,,,,,S,,
2022/0843,MI00543/22,Ascetic aspirate,Enterococcus faecalis,Other,2022,2022-03-02T00:00:00Z,5 and over,F,FALSE,FALSE,FALSE,,,R,R,,S,,,,,,,,,S,,,,,S,
2020/2973,MI00546/20,Urine,Raoultella ornithinolytica,Enterobacterales,2020,2020-09-04T00:00:00Z,5 and over,F,FALSE,FALSE,FALSE,,R,R,R,,R,,,,,,,R,R,,R,,,R,,
2019/5993,MI00546/25,Urine,Klebsiella pneumoniae,Enterobacterales,2025,2025-04-08T00:00:00Z,5 and over,F,FALSE,FALSE,FALSE,S,S,,S,R,R,,,,,,,S,S,,S,S,S,R,,
2023/0793,MI00547/23,Blood Culture,Micrococcus spp.,Other,2023,2023-02-21T00:00:00Z,Under 5,F,FALSE,FALSE,FALSE,,,,,,,,,,,,,,,,,,,,,
2022/0252,MI00548/22,Blood Culture,Micrococcus spp.,Other,2022,2022-03-03T00:00:00Z,Under 5,M,FALSE,FALSE,FALSE,,,,,,,,,,,,,,,,,,,,,
2010/7682,MI00549/21,Sputum,Candida spp.,Fungi,2021,2021-03-12T00:00:00Z,5 and over,F,FALSE,FALSE,FALSE,,,,,,,,,,,,,,,,,,,,,
2023/0793,MI00551/23,Pleural aspirate,Streptococcus anginosus group,Haemolytic Streptococcus,2023,2023-02-21T00:00:00Z,Under 5,F,FALSE,FALSE,FALSE,,,S,S,,,,,S,,,,,,S,,,,S,S,
2020/3392,MI00562/20,Urine,Klebsiella pneumoniae,Enterobacterales,2020,2020-09-07T00:00:00Z,5 and over,M,FALSE,FALSE,FALSE,R,R,R,R,,R,,,,,,,R,R,,R,,,R,,
2018/1251,MI00563/20,Urine,Escherichia coli,Enterobacterales,2020,2020-09-08T00:00:00Z,5 and over,M,FALSE,FALSE,FALSE,R,S,S,R,,S,,,,,,,S,S,,S,,,R,,
2023/0776,MI00565/23,Sputum,Pseudomonas spp.,Non-fermentor,2023,2023-02-17T00:00:00Z,5 and over,M,FALSE,FALSE,FALSE,,S,,,,S,,,,S,,,,S,,,S,S,,,
2025/0807,MI00566/25,Urine,Coliform spp.,Enterobacterales,2025,2025-04-09T00:00:00Z,Under 5,M,FALSE,FALSE,FALSE,R,S,,R,S,S,,,,,,,S,S,,R,S,S,R,,
2023/0859,MI00567/24,Urine,Group B Streptococcus,Haemolytic Streptococcus,2024,2024-03-04T00:00:00Z,5 and over,M,FALSE,FALSE,FALSE,R,,,R,,,,,S,,,,,,S,,,,,S,
2006/3666,MI00567/25,Ear swab,Aspergillus fumigatus,Fungi,2025,2025-04-09T00:00:00Z,5 and over,F,FALSE,FALSE,FALSE,,,,,,,,,,,,,,,,,,,,,
2025/1068,MI00568/25,Sputum,Aspergillus fumigatus,Fungi,2025,2025-04-09T00:00:00Z,5 and over,F,FALSE,FALSE,FALSE,,,,,,,,,,,,,,,,,,,,,
2024/0802,MI00571/24,Blood Culture,Escherichia coli,Enterobacterales,2024,2024-03-04T00:00:00Z,5 and over,M,FALSE,FALSE,FALSE,R,S,S,S,,S,,,,,,,S,S,,S,,S,R,,
2020/4980,MI00572/21,Urine,Escherichia coli,Enterobacterales,2021,2021-03-16T00:00:00Z,5 and over,F,FALSE,FALSE,FALSE,R,S,S,R,S,S,,,,,,,S,S,,S,,,R,,
2024/0481,MI00572/24,Blood Culture,Streptococcus pneumoniae,Other,2024,2024-03-04T00:00:00Z,5 and over,F,FALSE,FALSE,FALSE,R,,S,S,,,,,S,,,S,,,S,S,,S,,,
2021/1000,MI00578/21,Sputum,Candida spp.,Fungi,2021,2021-03-17T00:00:00Z,5 and over,M,FALSE,FALSE,FALSE,,,,,,,,,,,,,,,,,,,,,
2003/5974,MI00578/25,Urine,Escherichia coli,Enterobacterales,2025,2025-04-10T00:00:00Z,5 and over,F,FALSE,FALSE,FALSE,R,S,,R,S,S,,,,,,,S,S,,R,S,S,,,
1993/4452,MI00588/22,Blood Culture,Staphylococcus aureus,Other,2022,2022-03-07T00:00:00Z,5 and over,M,FALSE,FALSE,FALSE,R,S,S,S,,S,,,R,,,,,,,,,,,R,
2020/3493,MI00590/20,Urine,Klebsiella pneumoniae,Enterobacterales,2020,2020-09-10T00:00:00Z,5 and over,M,FALSE,FALSE,FALSE,R,S,S,S,,S,,,,,,,S,S,,S,,,R,,
1998/9278,MI00591/20,Ear swab,Aspergillus spp.,Fungi,2020,2020-09-10T00:00:00Z,5 and over,M,FALSE,FALSE,FALSE,,,,,,,,,,,,,,,,,,,,,
2025/1112,MI00596/25,Urine,Escherichia coli,Enterobacterales,2025,2025-04-14T15:18:00Z,5 and over,F,FALSE,FALSE,FALSE,R,R,,R,R,R,,,,,,,R,R,,R,R,,R,,
2003/5683,MI00601/23,Urine,Klebsiella pneumoniae,Enterobacterales,2023,2023-02-23T00:00:00Z,5 and over,F,FALSE,FALSE,FALSE,S,S,,S,R,R,,,,,,,S,S,,S,S,S,R,,
2021/4950,MI00603/22,Wound swab,Staphylococcus aureus,Other,2022,2022-03-08T00:00:00Z,5 and over,F,FALSE,FALSE,FALSE,S,R,S,R,,R,,,R,,,,,,,,,,,R,
2022/1078,MI00607/22,Sputum,Candida spp.,Fungi,2022,2022-03-09T00:00:00Z,5 and over,M,FALSE,FALSE,FALSE,,,,,,,,,,,,,,,,,,,,,
2020/2915,MI00608/20,Wound swab,Staphylococcus aureus,Other,2020,2020-09-14T00:00:00Z,5 and over,M,FALSE,FALSE,FALSE,R,S,S,S,,S,,,S,S,,,,,,,,,,R,S
2020/2915,MI00608/20,Wound swab,Pseudomonas spp.,Non-fermentor,2020,2020-09-14T00:00:00Z,5 and over,M,FALSE,FALSE,FALSE,,R,,,,S,,,,S,,,,S,,,,,,,
2023/0812,MI00609/23,Pus aspirate,Staphylococcus aureus,Other,2023,2023-02-23T00:00:00Z,5 and over,M,FALSE,FALSE,FALSE,S,S,S,,,S,,,S,,,,,,,,,,,R,
2023/0812,MI00610/23,Wound swab,Staphylococcus aureus,Other,2023,2023-02-23T00:00:00Z,5 and over,M,FALSE,FALSE,FALSE,S,S,,S,,S,,,S,,,,,,,,,,,R,S
2020/3534,MI00613/20,Low Vaginal swab,Candida spp.,Fungi,2020,2020-09-14T00:00:00Z,5 and over,F,FALSE,FALSE,FALSE,,,,,,,,,,,,,,,,,,,,,
2025/0835,MI00613/25,Sputum,Coliform spp.,Enterobacterales,2025,2025-04-15T00:00:00Z,5 and over,F,FALSE,FALSE,FALSE,R,S,R,S,,S,,,,,,,R,R,,R,S,S,R,,
2025/1144,MI00614/25,Urine,Escherichia coli,Enterobacterales,2025,2025-04-16T12:48:00Z,5 and over,M,TRUE,FALSE,TRUE,,R,,R,S,R,,,,,,,R,R,,R,S,S,R,,
2020/3552,MI00615/20,Urine,Candida spp.,Fungi,2020,2020-09-14T00:00:00Z,Under 5,M,FALSE,FALSE,FALSE,,,,,,,,,,,,,,,,,,,,,
2022/1104,MI00618/22,Sputum,Pseudomonas aeruginosa,Non-fermentor,2022,2022-03-10T00:00:00Z,5 and over,F,FALSE,FALSE,FALSE,,S,,,,S,,,,S,,,,S,,,,,,,
2023/0864,MI00622/23,Sputum,Candida spp.,Fungi,2023,2023-02-27T00:00:00Z,5 and over,M,FALSE,FALSE,FALSE,,,,,,,,,,,,,,,,,,,,,
2009/7426,MI00624/23,Sputum,Candida spp.,Fungi,2023,2023-02-27T00:00:00Z,5 and over,F,FALSE,FALSE,FALSE,,,,,,,,,,,,,,,,,,,,,
2003/3525,MI00626/20,Blood Culture,Klebsiella pneumoniae,Enterobacterales,2020,2020-09-14T00:00:00Z,5 and over,F,FALSE,FALSE,FALSE,R,R,S,R,,R,,,,,,,R,R,,R,,,R,,
2024/0696,MI00629/24,Pleural aspirate,Escherichia coli,Enterobacterales,2024,2024-03-11T00:00:00Z,5 and over,M,FALSE,FALSE,FALSE,R,S,S,R,,R,,,,,,,S,S,,S,,S,R,,
2020/2716,MI00631/20,Blood Culture,Morganella morganii,Enterobacterales,2020,2020-09-15T00:00:00Z,Under 5,M,FALSE,FALSE,FALSE,R,S,S,R,,S,,,,,,,S,S,,R,,,R,,
2025/1230,MI00631/25,Sputum,Candida spp.,Fungi,2025,2025-04-22T00:00:00Z,5 and over,F,FALSE,FALSE,FALSE,,,,,,,,,,,,,,,,,,,,,
2022/1132,MI00632/22,Blood Culture,Pseudomonas aeruginosa,Non-fermentor,2022,2022-03-14T00:00:00Z,Under 5,F,FALSE,FALSE,FALSE,,S,,,,S,,,,S,,,,S,,,,,,,
2025/1232,MI00633/25,Sputum,Candida spp.,Fungi,2025,2025-04-22T00:00:00Z,5 and over,M,FALSE,FALSE,FALSE,,,,,,,,,,,,,,,,,,,,,
2016/0394,MI00634/21,Sputum,Candida spp.,Fungi,2021,2021-03-24T00:00:00Z,5 and over,M,FALSE,FALSE,FALSE,,,,,,,,,,,,,,,,,,,,,
2019/1613,MI00635/20,High Vaginal swab,Candida spp.,Fungi,2020,2020-09-15T00:00:00Z,5 and over,F,FALSE,FALSE,FALSE,,,,,,,,,,,,,,,,,,,,,
2025/0981,MI00635/25,Sputum,Klebsiella pneumoniae,Enterobacterales,2025,2025-04-22T18:24:00Z,5 and over,M,TRUE,FALSE,TRUE,R,R,R,R,,R,,,,,,,R,R,,R,S,S,R,,
2025/0981,MI00636/25,Pleural aspirate,Klebsiella pneumoniae,Enterobacterales,2025,2025-04-23T06:32:00Z,5 and over,M,TRUE,FALSE,TRUE,R,R,S,R,,R,,,,,,,R,R,,R,S,S,R,,
2019/1434,MI00637/20,Sputum,Candida spp.,Fungi,2020,2020-09-15T00:00:00Z,5 and over,F,FALSE,FALSE,FALSE,,,,,,,,,,,,,,,,,,,,,
2019/5786,MI00639/20,Urine,Escherichia coli,Enterobacterales,2020,2020-09-15T00:00:00Z,5 and over,F,FALSE,FALSE,FALSE,R,S,S,R,,S,,,,,,,S,S,,R,,,R,,
2020/3552,MI00641/20,Wound swab,Staphylococcus aureus,Other,2020,2020-09-15T00:00:00Z,Under 5,M,FALSE,FALSE,FALSE,S,S,S,S,,S,,,S,,,,,,,,,,,R,S
2020/3580,MI00644/20,Sputum,Candida spp.,Fungi,2020,2020-09-15T00:00:00Z,5 and over,M,FALSE,FALSE,FALSE,,,,,,,,,,,,,,,,,,,,,
2022/1055,MI00644/22,Blood Culture,Escherichia coli,Enterobacterales,2022,2022-03-15T00:00:00Z,5 and over,M,FALSE,FALSE,FALSE,R,,,,,S,,S,,,,,S,S,,S,,,R,,
2020/3493,MI00645/20,Urine,Escherichia coli,Enterobacterales,2020,2020-09-16T00:00:00Z,5 and over,M,FALSE,FALSE,FALSE,R,R,S,R,,R,,,,,,,R,R,,R,,,R,,
2023/4919,MI00645/24,High Vaginal swab,Candida spp.,Fungi,2024,2024-03-14T00:00:00Z,5 and over,F,FALSE,FALSE,FALSE,,,,,,,,,,,,,,,,,,,,,
2025/1195,MI00646/25,Wound swab,Staphylococcus aureus,Other,2025,2025-04-23T00:00:00Z,5 and over,M,FALSE,FALSE,FALSE,R,S,S,S,,S,,,,,,,S,S,,S,S,S,S,R,
2021/1092,MI00647/21,Blood Culture,Micrococcus spp.,Other,2021,2021-03-24T00:00:00Z,Under 5,M,FALSE,FALSE,FALSE,,,,,,,,,,,,,,,,,,,,,
2022/1170,MI00648/22,Wound swab,Staphylococcus aureus,Other,2022,2022-03-15T00:00:00Z,5 and over,M,FALSE,FALSE,FALSE,R,S,S,S,,S,,,S,,,,,,,,,,S,S,
2018/4928,MI00649/24,Wound swab,Staphylococcus aureus,Other,2024,2024-03-14T00:00:00Z,5 and over,M,FALSE,FALSE,FALSE,R,S,,S,,S,,,S,,,,,,,,,,,R,
2010/7682,MI00650/21,Sputum,Enterobacter spp.,Enterobacterales,2021,2021-03-25T00:00:00Z,5 and over,F,FALSE,FALSE,FALSE,R,,S,R,,R,,,,,,,R,R,,R,,,R,,
2002/8860,MI00652/20,Sputum,Candida spp.,Fungi,2020,2020-09-16T00:00:00Z,5 and over,M,FALSE,FALSE,FALSE,,,,,,,,,,,,,,,,,,,,,
2015/5526,MI00654/23,Sputum,Pseudomonas aeruginosa,Non-fermentor,2023,2023-03-02T00:00:00Z,5 and over,F,FALSE,FALSE,FALSE,,S,,,,S,,,,S,,,,S,,,S,S,,,
2002/9963,MI00657/20,High Vaginal swab,Candida spp.,Fungi,2020,2020-09-16T00:00:00Z,5 and over,F,FALSE,FALSE,FALSE,,,,,,,,,,,,,,,,,,,,,
2013/4902,MI00658/21,Wound swab,Enterococcus spp.,Other,2021,2021-03-25T00:00:00Z,5 and over,F,FALSE,FALSE,FALSE,R,R,,R,,R,,,R,,,,,,,,,,,,
2016/4916,MI00660/23,Blood Culture,Streptococcus spp.,Other,2023,2023-03-02T00:00:00Z,5 and over,F,FALSE,FALSE,FALSE,,,,,,,,,,,,,,,,,,,,,
2013/4902,MI00665/21,Urine,Candida spp.,Fungi,2021,2021-03-26T00:00:00Z,5 and over,F,FALSE,FALSE,FALSE,,,,,,,,,,,,,,,,,,,,,
2024/1018,MI00671/24,Wound swab,Staphylococcus aureus,Other,2024,2024-03-18T00:00:00Z,5 and over,F,FALSE,FALSE,FALSE,R,S,S,S,,S,,,S,,,,,,,,,S,,R,
2025/1327,MI00671/25,Sputum,Klebsiella pneumoniae,Enterobacterales,2025,2025-04-28T00:00:00Z,5 and over,F,FALSE,FALSE,FALSE,R,S,R,R,S,S,,,,,,,S,S,,S,S,S,R,,
2021/1127,MI00672/21,Urine,Group B Streptococcus,Haemolytic Streptococcus,2021,2021-03-29T00:00:00Z,5 and over,F,FALSE,FALSE,FALSE,S,,S,,,,,,S,,,,,,S,,,,S,S,
2006/1049,MI00678/25,Wound swab,Pseudomonas aeruginosa,Non-fermentor,2025,2025-04-29T00:00:00Z,5 and over,F,FALSE,FALSE,FALSE,,S,,,,S,,,,,,,,S,,,,S,,,
2020/3654,MI00679/20,Blood Culture,Salmonella spp.,Enterobacterales,2020,2020-09-21T00:00:00Z,Under 5,F,FALSE,FALSE,FALSE,S,,S,S,,S,,,,,,,,S,,S,,,S,,
2011/5581,MI00680/21,Urine,Escherichia coli,Enterobacterales,2021,2021-03-29T00:00:00Z,5 and over,F,FALSE,FALSE,FALSE,S,S,S,S,,S,,,,,,,S,S,,R,,,R,,
2025/1362,MI00684/25,Wound swab,Staphylococcus aureus,Other,2025,2025-04-29T00:00:00Z,5 and over,M,FALSE,FALSE,FALSE,R,S,S,S,,S,,,S,,,,,,R,,,S,,R,
2020/3652,MI00686/20,Wound swab,Staphylococcus aureus,Other,2020,2020-09-21T00:00:00Z,Under 5,M,FALSE,FALSE,FALSE,S,S,S,S,,S,,,S,,,,,,,,,,,R,S
2020/3652,MI00686/20,Wound swab,Group A Streptococcus,Haemolytic Streptococcus,2020,2020-09-21T00:00:00Z,Under 5,M,FALSE,FALSE,FALSE,,,S,S,,,,,,,,,,,S,,,,S,,
2020/3652,MI00686/20,Wound swab,Escherichia coli,Enterobacterales,2020,2020-09-21T00:00:00Z,Under 5,M,FALSE,FALSE,FALSE,S,S,S,S,,S,,,,,,,S,S,,S,,,S,,
2022/1222,MI00686/22,Blood Culture,Micrococcus spp.,Other,2022,2022-03-17T00:00:00Z,5 and over,M,FALSE,FALSE,FALSE,,,,,,,,,,,,,,,,,,,,,
2014/2641,MI00688/22,Sputum,Streptococcus pneumoniae,Other,2022,2022-03-17T00:00:00Z,5 and over,F,FALSE,FALSE,FALSE,,,S,,,S,,,S,,,,,,S,,,,S,S,
2013/3533,MI00693/21,Urine,Enterobacter spp.,Enterobacterales,2021,2021-03-30T00:00:00Z,5 and over,F,FALSE,FALSE,FALSE,S,S,S,S,,S,,,,,,,S,S,,S,,,R,,
2022/0059,MI00693/22,Urine,Klebsiella pneumoniae,Enterobacterales,2022,2022-03-18T00:00:00Z,Under 5,M,TRUE,FALSE,TRUE,R,R,,S,,S,,R,,,,,,R,,R,,,R,,
2022/6267,MI00694/23,Sputum,Haemophilus influenzae,Other,2023,2023-03-07T00:00:00Z,5 and over,F,FALSE,FALSE,FALSE,S,,S,,,S,,,,,,,,S,,,,S,S,,
2022/1240,MI00695/22,Urine,Escherichia coli,Enterobacterales,2022,2022-03-18T00:00:00Z,5 and over,F,FALSE,FALSE,FALSE,,S,S,R,,,,R,,,,,,,,R,,,R,,
2017/3159,MI00695/25,Wound swab,Klebsiella pneumoniae,Enterobacterales,2025,2025-04-30T13:03:00Z,5 and over,F,FALSE,FALSE,FALSE,S,S,S,S,,S,,,,,,,S,S,,S,S,S,R,,
2008/0106,MI00697/24,High Vaginal swab,Candida spp.,Fungi,2024,2024-03-20T00:00:00Z,5 and over,F,FALSE,FALSE,FALSE,,,,,,,,,,,,,,,,,,,,,
2006/5025,MI00697/25,Urine,Klebsiella pneumoniae,Enterobacterales,2025,2025-04-30T00:00:00Z,5 and over,M,FALSE,FALSE,FALSE,S,S,,S,S,S,,,,,,,S,S,,R,S,S,R,,
2006/6478,MI00698/22,Wound swab,Corynebacterium diphtheriae,Other,2022,2022-03-19T00:00:00Z,5 and over,F,FALSE,FALSE,FALSE,,,,,,,,,,,,,,,,,,,,,
2021/0542,MI00699/21,Sputum,Candida spp.,Fungi,2021,2021-03-30T00:00:00Z,5 and over,F,FALSE,FALSE,FALSE,,,,,,,,,,,,,,,,,,,,,
2008/5977,MI00702/22,Blood Culture,Proteus mirabilis,Enterobacterales,2022,2022-03-20T00:00:00Z,5 and over,M,FALSE,FALSE,FALSE,S,S,S,R,,S,,S,,,,,S,S,,S,S,S,S,,
2008/5977,MI00702/22,Blood Culture,Streptococcus spp.,Other,2022,2022-03-20T00:00:00Z,5 and over,M,FALSE,FALSE,FALSE,,,,,,,,,,,,,,,,,,,,,
2021/0660,MI00703/21,Sputum,Streptococcus spp.,Other,2021,2021-03-30T00:00:00Z,5 and over,M,FALSE,FALSE,FALSE,R,,S,R,,,,,R,,,,,,S,,,,,R,
2021/0979,MI00704/21,Sputum,Candida spp.,Fungi,2021,2021-03-30T00:00:00Z,5 and over,F,FALSE,FALSE,FALSE,,,,,,,,,,,,,,,,,,,,,
2024/0481,MI00711/24,Sputum,Klebsiella pneumoniae,Enterobacterales,2024,2024-03-22T04:24:00Z,5 and over,F,FALSE,FALSE,FALSE,S,S,S,S,,S,,,,,,,S,S,,,,S,,,
2023/1013,MI00713/23,Urine,Morganella morganii,Enterobacterales,2023,2023-03-08T00:00:00Z,5 and over,M,FALSE,FALSE,FALSE,R,S,,R,S,R,,,,,,,S,S,,R,S,S,R,,
2018/6223,MI00716/21,Urine,Escherichia coli,Enterobacterales,2021,2021-04-01T00:00:00Z,5 and over,M,FALSE,FALSE,FALSE,,S,S,R,S,S,S,,,,,,,S,,R,,,R,,R
2021/1049,MI00717/21,Sputum,Group C/G Streptococcus,Haemolytic Streptococcus,2021,2021-04-01T00:00:00Z,5 and over,M,FALSE,FALSE,FALSE,S,,,R,,,,,S,,,,,,S,,,,S,S,S
2021/5142,MI00717/22,Urine,Enterobacter hormaechei,Enterobacterales,2022,2022-03-22T00:00:00Z,5 and over,F,FALSE,FALSE,FALSE,R,S,,R,S,S,,R,,,,,S,R,,S,,,R,,
2021/1179,MI00718/21,Urine,Candida spp.,Fungi,2021,2021-04-01T00:00:00Z,5 and over,F,FALSE,FALSE,FALSE,,,,,,,,,,,,,,,,,,,,,
2025/1326,MI00720/25,Blood Culture,Acinetobacter lwoffii,Non-fermentor,2025,2025-05-06T16:17:00Z,5 and over,F,FALSE,FALSE,FALSE,S,S,S,R,,S,,,,,,,S,S,,S,S,,,,
2011/6111,MI00722/20,Sputum,Pseudomonas aeruginosa,Non-fermentor,2020,2020-09-22T00:00:00Z,5 and over,M,FALSE,FALSE,FALSE,,S,,,,S,,,,S,,,,S,,,,,,,
2025/1313,MI00723/25,Wound swab,Staphylococcus aureus,Other,2025,2025-05-06T20:41:00Z,5 and over,F,FALSE,FALSE,FALSE,S,S,,S,,S,,,,,,,,,R,,,S,,R,
2020/1847,MI00724/20,Wound swab,Proteus vulgaris,Enterobacterales,2020,2020-09-23T00:00:00Z,5 and over,F,FALSE,FALSE,FALSE,S,S,R,R,,S,,,,,,,S,S,,S,,,R,,
2020/1847,MI00724/20,Wound swab,Staphylococcus aureus,Other,2020,2020-09-23T00:00:00Z,5 and over,F,FALSE,FALSE,FALSE,S,S,S,S,,S,,,S,,,,,,,,,,,R,S
2006/6478,MI00724/22,Wound swab,Klebsiella oxytoca,Enterobacterales,2022,2022-03-22T00:00:00Z,5 and over,F,FALSE,FALSE,FALSE,S,S,S,S,,S,,,,,,,S,R,,S,S,S,R,,
2006/6478,MI00724/22,Wound swab,Pseudomonas aeruginosa,Non-fermentor,2022,2022-03-22T00:00:00Z,5 and over,F,FALSE,FALSE,FALSE,,S,,,,S,,,,,,,,R,,,S,S,,,
2020/0586,MI00725/20,Wound swab,Staphylococcus aureus,Other,2020,2020-09-23T00:00:00Z,5 and over,F,FALSE,FALSE,FALSE,R,S,S,R,,S,,,R,,,,,,,,,,,R,
2020/0586,MI00725/20,Wound swab,Acinetobacter baumannii,Non-fermentor,2020,2020-09-23T00:00:00Z,5 and over,F,FALSE,FALSE,FALSE,R,S,R,R,,S,,,,,,,S,S,,S,,,R,,
2021/1123,MI00726/21,Urine,Candida spp.,Fungi,2021,2021-04-04T00:00:00Z,5 and over,M,FALSE,FALSE,FALSE,,,,,,,,,,,,,,,,,,,,,
2023/1036,MI00726/23,Blood Culture,Staphylococcus aureus,Other,2023,2023-03-09T00:00:00Z,5 and over,M,FALSE,FALSE,FALSE,S,S,S,S,,S,,,S,,,,,,,,,,,R,
2025/1356,MI00726/25,Sputum,Pseudomonas aeruginosa,Non-fermentor,2025,2025-05-07T10:17:00Z,5 and over,M,FALSE,FALSE,FALSE,,R,,,,S,,,,,,,,R,,,S,S,,,
2020/0586,MI00727/20,Wound swab,Group A Streptococcus,Haemolytic Streptococcus,2020,2020-09-23T00:00:00Z,5 and over,F,FALSE,FALSE,FALSE,,,S,S,,,,,S,,,,,,S,S,,,S,S,
2020/3694,MI00728/20,Blood Culture,Staphylococcus aureus,Other,2020,2020-09-23T00:00:00Z,5 and over,M,FALSE,FALSE,FALSE,S,,S,R,,R,,,S,,,,,,,,,,,R,S
2019/5648,MI00728/22,Wound swab,Pseudomonas luteola,Non-fermentor,2022,2022-03-23T00:00:00Z,5 and over,F,FALSE,FALSE,FALSE,,S,,,,S,,,,,,,,R,,,S,S,,,
2017/0250,MI00729/23,Wound swab,Staphylococcus aureus,Other,2023,2023-03-09T00:00:00Z,5 and over,F,FALSE,FALSE,FALSE,S,S,S,S,,S,,,S,,,,,,,,,,,R,
2025/1457,MI00729/25,Urine,Klebsiella pneumoniae,Enterobacterales,2025,2025-05-07T00:00:00Z,5 and over,F,FALSE,FALSE,FALSE,R,S,,S,R,S,,,,,,,S,S,,R,S,S,S,,
2025/1457,MI00729/25,Urine,Escherichia coli,Enterobacterales,2025,2025-05-07T00:00:00Z,5 and over,F,FALSE,FALSE,FALSE,R,S,,R,R,S,,,,,,,S,S,,R,S,S,R,,
2003/7181,MI00730/20,Urine,Klebsiella pneumoniae,Enterobacterales,2020,2020-09-23T00:00:00Z,5 and over,F,FALSE,FALSE,FALSE,S,S,S,S,,S,,,,,,,S,S,,S,,,R,,
2009/2339,MI00730/25,High Vaginal swab,Candida spp.,Fungi,2025,2025-05-07T11:29:00Z,5 and over,F,FALSE,FALSE,FALSE,,,,,,,,,,,,,,,,,,,,,
2025/1471,MI00735/25,Sputum,Klebsiella pneumoniae,Enterobacterales,2025,2025-05-08T00:00:00Z,5 and over,F,FALSE,FALSE,FALSE,S,S,S,S,,S,,,,,,,S,S,,S,S,S,R,,
2006/5025,MI00737/21,Urine,Coliform spp.,Enterobacterales,2021,2021-04-06T00:00:00Z,5 and over,M,FALSE,FALSE,FALSE,S,,,S,,S,,,,,,,S,S,,S,,,S,,S
2025/0824,MI00738/25,Sputum,Aspergillus niger,Fungi,2025,2025-05-08T00:00:00Z,5 and over,M,FALSE,FALSE,FALSE,,,,,,,,,,,,,,,,,,,,,
2022/2933,MI00740/24,Wound swab,Staphylococcus aureus,Other,2024,2024-03-26T11:48:00Z,5 and over,M,FALSE,FALSE,FALSE,R,S,S,R,,R,,,,,,,,,,,,,,R,
2022/1314,MI00741/22,Blood Culture,Corynebacterium spp.,Other,2022,2022-03-23T00:00:00Z,Under 5,M,FALSE,FALSE,FALSE,,,,,,,,,,,,,,,,,,,,,
2021/1716,MI00741/25,Wound swab,Klebsiella pneumoniae,Enterobacterales,2025,2025-05-08T12:38:00Z,5 and over,M,FALSE,FALSE,FALSE,R,,S,R,,R,,,,,,,R,R,,R,S,S,R,,
1996/1473,MI00744/24,Wound swab,Staphylococcus aureus,Other,2024,2024-03-26T00:00:00Z,5 and over,M,FALSE,FALSE,FALSE,R,S,S,S,,S,,,S,,,R,,,,,,,,S,
2020/0586,MI00747/20,Blood Culture,Group A Streptococcus,Haemolytic Streptococcus,2020,2020-09-24T00:00:00Z,5 and over,F,FALSE,FALSE,FALSE,,,S,S,,,,,S,,,,,,S,,,,S,S,
2023/0963,MI00747/23,Blood Culture,Pseudomonas aeruginosa,Non-fermentor,2023,2023-03-13T00:00:00Z,5 and over,M,FALSE,FALSE,FALSE,,S,,,,S,,,,S,,,,S,,,S,S,,,
2020/3720,MI00748/20,Wound swab,Staphylococcus aureus,Other,2020,2020-09-24T00:00:00Z,5 and over,F,FALSE,FALSE,FALSE,S,R,S,R,,S,,,S,,,,,,,,,,,R,
2022/1325,MI00749/22,Wound swab,Staphylococcus aureus,Other,2022,2022-03-24T00:00:00Z,5 and over,F,FALSE,FALSE,FALSE,R,S,S,R,,S,,,S,,,S,,,S,,,,,R,
2017/3159,MI00749/25,Blood Culture,Staphylococcus aureus,Other,2025,2025-05-09T07:27:00Z,5 and over,F,FALSE,FALSE,FALSE,R,S,S,R,,S,,,,,,,S,S,,R,S,,R,,
1994/5905,MI00750/21,Blood Culture,Micrococcus spp.,Other,2021,2021-04-08T00:00:00Z,5 and over,F,FALSE,FALSE,FALSE,,,,,,,,,,,,,,,,,,,,,
2003/5377,MI00750/25,Urine,Escherichia coli,Enterobacterales,2025,2025-05-09T00:00:00Z,5 and over,F,TRUE,FALSE,TRUE,R,R,S,R,,R,,,,,,,R,R,,R,S,S,R,,
2025/1492,MI00751/25,Urine,Escherichia coli,Enterobacterales,2025,2025-05-09T00:00:00Z,5 and over,M,TRUE,FALSE,TRUE,R,R,,R,S,R,,,,,,,R,R,,R,S,S,R,,
2021/1822,MI00755/25,Urine,Escherichia coli,Enterobacterales,2025,2025-05-12T00:00:00Z,5 and over,F,TRUE,FALSE,TRUE,S,S,,R,S,S,,,,,,,R,R,,R,S,S,R,,
2019/2491,MI00758/24,Urine,Raoultella ornithinolytica,Enterobacterales,2024,2024-03-28T00:00:00Z,5 and over,M,FALSE,FALSE,FALSE,R,R,S,S,S,S,,,,,,,S,S,,R,,,R,,
2016/3546,MI00759/22,Sputum,Klebsiella pneumoniae,Enterobacterales,2022,2022-03-25T00:00:00Z,5 and over,M,FALSE,FALSE,FALSE,S,S,S,S,,S,,,,,,,S,S,,S,S,S,R,,
2015/4132,MI00760/24,Urine,Raoultella ornithinolytica,Enterobacterales,2024,2024-03-28T00:00:00Z,5 and over,F,FALSE,FALSE,FALSE,R,R,R,R,S,R,,,,,,,R,R,,R,,,R,,
2018/3710,MI00762/22,Blood Culture,Corynebacterium spp.,Other,2022,2022-03-25T00:00:00Z,Under 5,M,FALSE,FALSE,FALSE,,,,,,,,,,,,,,,,,,,,,
2019/4875,MI00762/23,Lung aspirate,Pseudomonas spp.,Non-fermentor,2023,2023-03-15T00:00:00Z,5 and over,F,FALSE,FALSE,FALSE,,S,,,,S,,,,S,,,,S,,,S,S,,,
2021/1246,MI00766/21,Wound swab,Staphylococcus aureus,Other,2021,2021-04-09T00:00:00Z,5 and over,M,FALSE,FALSE,FALSE,R,S,S,R,,S,,,S,,,,,,,,,,,R,
2024/1036,MI00768/24,Sputum,Candida spp.,Fungi,2024,2024-03-28T19:14:00Z,5 and over,M,FALSE,FALSE,FALSE,,,,,,,,,,,,,,,,,,,,,
2024/1170,MI00769/24,Urine,Escherichia coli,Enterobacterales,2024,2024-03-28T19:13:00Z,5 and over,F,FALSE,FALSE,FALSE,R,S,,R,,S,,,,,,,S,S,,S,,S,R,,
2000/5860,MI00772/20,Blood Culture,Salmonella spp.,Enterobacterales,2020,2020-09-28T00:00:00Z,5 and over,M,FALSE,FALSE,FALSE,,S,S,S,,S,,,,,,,,S,,S,,,S,,
2021/1215,MI00773/21,Sputum,Pseudomonas aeruginosa,Non-fermentor,2021,2021-04-11T00:00:00Z,5 and over,M,TRUE,FALSE,TRUE,,S,,,,S,,,,S,,,,S,,,,,,,
2021/1215,MI00773/21,Sputum,Klebsiella pneumoniae,Enterobacterales,2021,2021-04-11T00:00:00Z,5 and over,M,TRUE,FALSE,TRUE,R,R,R,R,,R,,,,,,,R,R,,,,,R,,
2023/1144,MI00775/23,High Vaginal swab,Candida spp.,Fungi,2023,2023-03-15T00:00:00Z,5 and over,F,FALSE,FALSE,FALSE,,,,,,,,,,,,,,,,,,,,,
2016/5373,MI00776/20,Urine,Escherichia coli,Enterobacterales,2020,2020-09-28T00:00:00Z,5 and over,F,FALSE,FALSE,FALSE,R,S,S,,S,S,,,,,,,,S,,S,,,R,,
2021/1253,MI00778/21,Ear swab,Staphylococcus aureus,Other,2021,2021-04-12T00:00:00Z,5 and over,M,FALSE,FALSE,FALSE,S,S,S,S,,S,,,S,,,,R,,,,,,,R,
2021/1253,MI00778/21,Ear swab,Group C/G Streptococcus,Haemolytic Streptococcus,2021,2021-04-12T00:00:00Z,5 and over,M,FALSE,FALSE,FALSE,,,S,R,,,,,S,,,,,,S,,,,S,S,
2024/3080,MI00781/25,Urine,Escherichia coli,Enterobacterales,2025,2025-05-15T00:00:00Z,5 and over,F,FALSE,FALSE,FALSE,S,S,,S,S,S,,,,,,,S,S,,S,S,S,S,,
2020/4475,MI00783/23,Ear swab,Pseudomonas aeruginosa,Non-fermentor,2023,2023-03-16T00:00:00Z,5 and over,F,FALSE,FALSE,FALSE,,S,,,,S,,,,S,,,,S,,,S,S,,,
2025/1550,MI00783/25,Pus aspirate,Pseudomonas aeruginosa,Non-fermentor,2025,2025-05-15T12:15:00Z,5 and over,F,FALSE,FALSE,FALSE,,R,,,,R,,,,,,,,S,,R,,S,,,
2025/1550,MI00783/25,Pus aspirate,Serratia odorifera,Enterobacterales,2025,2025-05-15T12:15:00Z,5 and over,F,FALSE,FALSE,FALSE,R,R,,R,,R,,,,,,,R,S,,R,S,S,R,,
2025/1562,MI00784/25,Urine,Escherichia coli,Enterobacterales,2025,2025-05-15T00:00:00Z,5 and over,F,FALSE,FALSE,FALSE,R,S,,R,S,S,,,,,,,R,S,,R,S,S,R,,
2022/6220,MI00785/23,Sputum,Klebsiella pneumoniae,Enterobacterales,2023,2023-03-16T00:00:00Z,5 and over,F,FALSE,FALSE,FALSE,S,S,S,S,,S,,,,,,,S,S,,S,S,S,R,,
2019/5680,MI00786/21,Urine,Enterobacter cloacae,Enterobacterales,2021,2021-04-12T00:00:00Z,Under 5,M,FALSE,TRUE,TRUE,R,,S,S,,R,,,,,,,R,R,,R,,,R,,
2021/1258,MI00787/21,Wound swab,Staphylococcus aureus,Other,2021,2021-04-12T00:00:00Z,5 and over,M,FALSE,FALSE,FALSE,S,S,S,S,,R,,,R,,,,,,,,,,,R,
2007/2867,MI00787/24,Ear swab,Staphylococcus aureus,Other,2024,2024-04-02T00:00:00Z,5 and over,F,FALSE,FALSE,FALSE,S,S,S,S,,S,,,S,,,,,,,,,S,,R,
2007/2867,MI00787/24,Ear swab,Aspergillus fumigatus,Fungi,2024,2024-04-02T00:00:00Z,5 and over,F,FALSE,FALSE,FALSE,,,,,,,,,,,,,,,,,,,,,
2023/0146,MI00788/23,Sputum,Pseudomonas aeruginosa,Non-fermentor,2023,2023-03-16T00:00:00Z,5 and over,F,FALSE,FALSE,FALSE,,S,,,,S,,,,S,,,,S,,,,S,,,
2021/0923,MI00789/22,Blood Culture,Escherichia coli,Enterobacterales,2022,2022-03-29T00:00:00Z,5 and over,M,FALSE,FALSE,FALSE,R,S,S,R,,S,,,,,,,S,S,,S,S,S,R,,
2025/1591,MI00791/25,Wound swab,Proteus mirabilis,Enterobacterales,2025,2025-05-19T00:00:00Z,5 and over,F,FALSE,FALSE,FALSE,S,S,S,S,,R,,,,,,,R,S,,S,S,S,R,,
2025/1591,MI00791/25,Wound swab,Vibrio parahaemolyticus,Other,2025,2025-05-19T00:00:00Z,5 and over,F,FALSE,FALSE,FALSE,S,S,S,S,,R,,,,,,,S,S,,S,S,S,R,,
2020/3551,MI00793/20,Urine,Pseudomonas aeruginosa,Non-fermentor,2020,2020-09-29T00:00:00Z,5 and over,M,FALSE,FALSE,FALSE,,R,,,,R,,,,,,,,S,,,,,,,
2005/7660,MI00795/25,Urine,Escherichia coli,Enterobacterales,2025,2025-05-20T00:00:00Z,5 and over,F,TRUE,FALSE,TRUE,S,R,,R,S,R,,,,,,,R,R,,R,S,S,R,,
2024/1208,MI00797/24,Urine,Escherichia coli,Enterobacterales,2024,2024-04-02T00:00:00Z,5 and over,F,FALSE,FALSE,FALSE,R,S,,R,,S,,,,,,,R,R,,R,,S,R,,
2025/1554,MI00797/25,Sputum,Aspergillus niger,Fungi,2025,2025-05-20T09:37:00Z,5 and over,M,FALSE,FALSE,FALSE,,,,,,,,,,,,,,,,,,,,,
2020/3262,MI00802/21,Wound swab,Group A Streptococcus,Haemolytic Streptococcus,2021,2021-04-12T00:00:00Z,5 and over,F,FALSE,FALSE,FALSE,,,S,R,,,,,S,,,,,,S,,,,S,S,
2019/3908,MI00805/20,Urine,Candida spp.,Fungi,2020,2020-09-30T00:00:00Z,Under 5,F,FALSE,FALSE,FALSE,,,,,,,,,,,,,,,,,,,,,
2021/1272,MI00805/21,Urine,Klebsiella pneumoniae,Enterobacterales,2021,2021-04-13T00:00:00Z,5 and over,M,TRUE,FALSE,TRUE,R,R,,R,S,R,,,,,,,R,R,,R,,,R,,
2020/3822,MI00806/20,Blood Culture,Candida spp.,Fungi,2020,2020-09-30T00:00:00Z,5 and over,M,FALSE,FALSE,FALSE,,,,,,,,,,,,,,,,,,,,,
2025/1604,MI00806/25,Lung aspirate,Klebsiella pneumoniae,Enterobacterales,2025,2025-05-20T00:00:00Z,5 and over,M,FALSE,FALSE,FALSE,S,S,S,S,,S,,,,,,,S,S,,S,S,S,R,,
2017/1539,MI00809/20,Blood Culture,Coliform spp.,Enterobacterales,2020,2020-09-30T00:00:00Z,5 and over,F,FALSE,FALSE,FALSE,,,,,,,,,,,,,,,,,,,,,
2021/1258,MI00809/21,Blood Culture,Staphylococcus aureus,Other,2021,2021-04-13T00:00:00Z,5 and over,M,FALSE,FALSE,FALSE,S,S,S,S,,S,,,R,,,,,,,,,,,R,
2023/2733,MI00811/25,Urine,Escherichia coli,Enterobacterales,2025,2025-05-21T10:55:00Z,5 and over,F,TRUE,FALSE,TRUE,R,R,,R,,R,,,,,,,R,R,,R,S,S,R,,
2020/3826,MI00812/20,Urine,Candida spp.,Fungi,2020,2020-09-30T00:00:00Z,5 and over,F,FALSE,FALSE,FALSE,,,,,,,,,,,,,,,,,,,,,
2024/2350,MI00812/25,Sputum,Candida spp.,Fungi,2025,2025-05-21T11:14:00Z,5 and over,M,FALSE,FALSE,FALSE,,,,,,,,,,,,,,,,,,,,,
2023/1127,MI00815/23,Urine,Stenotrophomonas maltophilia,Non-fermentor,2023,2023-03-20T00:00:00Z,5 and over,F,FALSE,FALSE,FALSE,R,,,R,R,R,,,,,,,R,R,,R,R,R,R,,
2021/0206,MI00818/21,Blood Culture,Staphylococcus aureus,Other,2021,2021-04-14T00:00:00Z,5 and over,M,FALSE,FALSE,FALSE,S,S,S,S,,S,,,S,,,,,,,,,,,R,
2014/3717,MI00819/22,Sputum,Candida spp.,Fungi,2022,2022-03-31T00:00:00Z,5 and over,F,FALSE,FALSE,FALSE,,,,,,,,,,,,,,,,,,,,,
2024/0504,MI00822/24,Urine,Escherichia coli,Enterobacterales,2024,2024-04-08T00:00:00Z,5 and over,F,FALSE,FALSE,FALSE,R,S,,R,S,R,,,,,,,S,S,,R,,,S,,
2018/3774,MI00826/25,Lung aspirate,Aspergillus fumigatus,Fungi,2025,2025-05-22T00:00:00Z,5 and over,M,FALSE,FALSE,FALSE,,,,,,,,,,,,,,,,,,,,,
2025/1654,MI00827/25,Lung aspirate,Aspergillus fumigatus,Fungi,2025,2025-05-22T00:00:00Z,5 and over,M,FALSE,FALSE,FALSE,,,,,,,,,,,,,,,,,,,,,
2019/1246,MI00828/24,Blood Culture,Klebsiella pneumoniae,Enterobacterales,2024,2024-04-08T13:39:00Z,5 and over,M,FALSE,FALSE,FALSE,R,R,S,S,,R,,R,,,,,R,S,,R,,S,R,,S
2019/1280,MI00830/22,Blood Culture,Streptococcus spp.,Other,2022,2022-03-31T00:00:00Z,Under 5,F,FALSE,FALSE,FALSE,R,,S,R,,,,,S,,,,,,S,,,,,S,
2022/6220,MI00830/23,Sputum,Pseudomonas aeruginosa,Non-fermentor,2023,2023-03-22T00:00:00Z,5 and over,F,FALSE,FALSE,FALSE,,S,,,,S,,,,S,,,,S,,,S,S,,,
2022/6220,MI00831/23,Lung aspirate,Pseudomonas aeruginosa,Non-fermentor,2023,2023-03-22T00:00:00Z,5 and over,F,FALSE,FALSE,FALSE,,R,,,,S,,,,S,,,,S,,,,,,,
2020/0052,MI00832/2020,Blood Culture,Staphylococcus aureus,Other,2020,2020-01-06T00:00:00Z,,,FALSE,FALSE,FALSE,S,S,S,S,,S,,,S,,,,,,,,,,,,
2025/1671,MI00832/25,Urine,Escherichia coli,Enterobacterales,2025,2025-05-22T00:00:00Z,5 and over,F,TRUE,FALSE,TRUE,R,R,,R,R,R,,,,,,,R,R,,R,S,S,R,,
2010/0207,MI00833/25,Lung aspirate,Aspergillus fumigatus,Fungi,2025,2025-05-22T00:00:00Z,5 and over,F,FALSE,FALSE,FALSE,,,,,,,,,,,,,,,,,,,,,
2008/4584,MI00834/20,Urine,Klebsiella pneumoniae,Enterobacterales,2020,2020-10-02T00:00:00Z,5 and over,M,FALSE,FALSE,FALSE,R,,R,R,R,R,,,,,,,R,R,,S,,,R,,
2021/1149,MI00836/21,Sputum,Enterobacter cloacae,Enterobacterales,2021,2021-04-16T00:00:00Z,5 and over,F,FALSE,TRUE,TRUE,R,S,S,R,,S,,,,,,,S,S,,S,,,R,,
2021/1149,MI00836/21,Sputum,Pseudomonas aeruginosa,Non-fermentor,2021,2021-04-16T00:00:00Z,5 and over,F,FALSE,FALSE,FALSE,,S,,,,S,,,,S,,,,S,,,,,,,
2021/1149,MI00838/21,Sputum,Candida spp.,Fungi,2021,2021-04-16T00:00:00Z,5 and over,F,FALSE,FALSE,FALSE,,,,,,,,,,,,,,,,,,,,,
2022/0513,MI00838/23,Sputum,Streptococcus pneumoniae,Other,2023,2023-03-22T00:00:00Z,5 and over,F,FALSE,FALSE,FALSE,R,,S,R,,,,,R,,,R,,,S,S,,S,,,
2015/4700,MI00841/20,Urine,Escherichia coli,Enterobacterales,2020,2020-10-02T00:00:00Z,5 and over,F,FALSE,FALSE,FALSE,S,S,S,S,S,R,,,,,,,S,S,,S,,,R,,
2023/0146,MI00845/23,Lung aspirate,Klebsiella pneumoniae,Enterobacterales,2023,2023-03-22T00:00:00Z,5 and over,F,FALSE,FALSE,FALSE,S,S,S,S,,S,,,,,,,S,S,,S,S,S,,,
2023/0146,MI00845/23,Lung aspirate,Streptococcus pneumoniae,Other,2023,2023-03-22T00:00:00Z,5 and over,F,FALSE,FALSE,FALSE,R,,S,S,,,,,S,,,S,,,S,S,,S,,,
2023/0146,MI00846/23,Sputum,Klebsiella pneumoniae,Enterobacterales,2023,2023-03-22T00:00:00Z,5 and over,F,FALSE,FALSE,FALSE,S,S,S,S,,S,,,,,,,S,S,,S,S,,,,
2007/1635,MI00848/20,Blood Culture,Staphylococcus aureus,Other,2020,2020-10-05T00:00:00Z,5 and over,M,FALSE,FALSE,FALSE,S,S,S,S,,S,,,S,,,,,,,,,,,R,S
2021/1332,MI00848/21,Pleural aspirate,Streptococcus pneumoniae,Other,2021,2021-04-19T00:00:00Z,5 and over,M,FALSE,FALSE,FALSE,,,S,S,,,,,S,,,,,,S,,,,S,S,
2021/1332,MI00848/21,Pleural aspirate,Haemophilus influenzae,Other,2021,2021-04-19T00:00:00Z,5 and over,M,FALSE,FALSE,FALSE,R,,S,S,,S,,,,,,,S,,,S,,,S,,
2022/1436,MI00851/22,High Vaginal swab,Candida spp.,Fungi,2022,2022-04-03T00:00:00Z,5 and over,F,FALSE,FALSE,FALSE,,,,,,,,,,,,,,,,,,,,,
2024/4944,MI00853/25,Lung aspirate,Pseudomonas spp.,Non-fermentor,2025,2025-05-27T00:00:00Z,5 and over,M,FALSE,FALSE,FALSE,,S,,,,S,,,,,,,,S,,,S,S,,,
2020/3889,MI00858/20,Blood Culture,Micrococcus spp.,Other,2020,2020-10-05T00:00:00Z,5 and over,F,FALSE,FALSE,FALSE,,,,,,,,,,,,,,,,,,,,,
2021/1330,MI00858/21,Urine,Escherichia coli,Enterobacterales,2021,2021-04-19T00:00:00Z,5 and over,M,FALSE,FALSE,FALSE,S,S,S,R,S,S,,,,,,,S,S,,S,,,S,,
2022/1148,MI00858/22,Blood Culture,Escherichia coli,Enterobacterales,2022,2022-04-04T00:00:00Z,5 and over,M,FALSE,FALSE,FALSE,R,S,S,R,,S,,,,,,,S,S,,S,S,S,R,,
2022/1148,MI00859/22,Urine,Escherichia coli,Enterobacterales,2022,2022-04-04T00:00:00Z,5 and over,M,FALSE,FALSE,FALSE,R,S,S,R,,S,,,,,,,,S,,S,,,R,,
2023/0994,MI00861/23,Sputum,Klebsiella aerogenes,Enterobacterales,2023,2023-03-23T00:00:00Z,5 and over,F,FALSE,TRUE,TRUE,S,S,S,S,,S,,,,,,,S,S,,R,,,R,,
2025/1709,MI00861/25,Blood Culture,Micrococcus spp.,Other,2025,2025-05-27T17:26:00Z,5 and over,F,FALSE,FALSE,FALSE,,,,,,,,,,,,,,,,,,,,,
2005/4171,MI00862/20,Stool,Salmonella spp.,Enterobacterales,2020,2020-10-05T00:00:00Z,5 and over,F,FALSE,FALSE,FALSE,S,S,S,S,,S,,,,,,,S,S,,,,,S,,
2023/1296,MI00863/23,Ear swab,Proteus mirabilis,Enterobacterales,2023,2023-03-23T00:00:00Z,5 and over,M,FALSE,FALSE,FALSE,S,S,S,R,,S,,,,,,,S,S,,S,,,S,,
2023/1296,MI00863/23,Ear swab,Providencia stuartii,Enterobacterales,2023,2023-03-23T00:00:00Z,5 and over,M,FALSE,FALSE,FALSE,S,S,R,R,,S,,,,,,,S,S,,R,,,R,,
2025/1074,MI00863/25,Blood Culture,Enterobacter cloacae,Enterobacterales,2025,2025-05-28T09:51:00Z,Under 5,F,FALSE,TRUE,TRUE,S,R,R,R,,S,,R,,,,,R,R,,R,S,S,R,,
2021/1351,MI00866/21,Wound swab,Staphylococcus aureus,Other,2021,2021-04-20T00:00:00Z,5 and over,M,FALSE,FALSE,FALSE,S,S,S,R,,S,,,S,,,,,,,,,,,R,
2021/1369,MI00870/21,Urine,Escherichia coli,Enterobacterales,2021,2021-04-21T00:00:00Z,5 and over,F,FALSE,FALSE,FALSE,R,S,S,R,S,R,,,,,,,R,R,,R,,,R,,
2025/1575,MI00870/25,Blood Culture,Acinetobacter junii/johnsonii,Non-fermentor,2025,2025-05-29T10:13:00Z,5 and over,F,FALSE,FALSE,FALSE,R,R,R,S,,S,,,,,,,R,R,,S,R,,R,,
2009/2847,MI00872/23,Pus aspirate,Group A Streptococcus,Haemolytic Streptococcus,2023,2023-03-23T00:00:00Z,5 and over,M,FALSE,FALSE,FALSE,R,S,S,R,,,,,S,,,,S,,S,,,,,S,
2022/6430,MI00873/24,Blood Culture,Micrococcus spp.,Other,2024,2024-04-12T00:00:00Z,Under 5,M,FALSE,FALSE,FALSE,,,,,,,,,,,,,,,,,,,,,
2006/5025,MI00874/22,Urine,Klebsiella pneumoniae,Enterobacterales,2022,2022-04-06T00:00:00Z,5 and over,M,FALSE,FALSE,FALSE,S,S,,S,S,,,,,,,,S,S,,S,,,R,,
1999/4579,MI00875/21,Wound swab,Staphylococcus aureus,Other,2021,2021-04-21T00:00:00Z,5 and over,F,FALSE,FALSE,FALSE,S,S,S,S,,S,,,S,,,,,,,,,,,R,
2015/2825,MI00877/20,Blood Culture,Micrococcus spp.,Other,2020,2020-10-06T00:00:00Z,5 and over,M,FALSE,FALSE,FALSE,,,,,,,,,,,,,,,,,,,,,
2008/3401,MI00877/25,Wound swab,Staphylococcus aureus,Other,2025,2025-05-30T00:00:00Z,5 and over,M,FALSE,FALSE,FALSE,R,S,S,S,,S,,,R,,,,,,,,,,,R,
2025/1709,MI00878/25,Blood Culture,Citrobacter freundii,Enterobacterales,2025,2025-05-30T11:07:00Z,5 and over,F,FALSE,TRUE,TRUE,S,S,R,S,,S,,,,,,,R,R,,R,S,S,R,,
2020/3910,MI00885/20,Urine,Candida spp.,Fungi,2020,2020-10-07T00:00:00Z,Under 5,F,FALSE,FALSE,FALSE,,,,,,,,,,,,,,,,,,,,,
2012/1966,MI00885/24,Blood Culture,Salmonella spp.,Enterobacterales,2024,2024-04-15T13:44:00Z,5 and over,F,FALSE,FALSE,FALSE,S,S,S,S,,S,,,,,,,S,S,,,,S,R,,
2022/3678,MI00888/23,CSF,Cryptococcus neoformans,Fungi,2023,2023-03-25T00:00:00Z,5 and over,M,FALSE,FALSE,FALSE,,,,,,,,,,,,,,,,,,,,,
2002/4290,MI00891/20,Wound swab,Staphylococcus aureus,Other,2020,2020-10-08T00:00:00Z,5 and over,F,FALSE,FALSE,FALSE,S,S,S,S,,S,,,S,,,,,,,,,,,R,S
2025/1758,MI00893/25,Blood Culture,Micrococcus spp.,Other,2025,2025-06-02T11:28:00Z,Under 5,M,FALSE,FALSE,FALSE,,,,,,,,,,,,,,,,,,,,,
2020/3976,MI00898/20,Blood Culture,Staphylococcus aureus,Other,2020,2020-10-09T00:00:00Z,Under 5,M,FALSE,FALSE,FALSE,,S,S,S,,S,,,S,,,,,,,,,,,S,S
2023/1335,MI00898/23,Blood Culture,Staphylococcus aureus,Other,2023,2023-03-27T00:00:00Z,Under 5,F,FALSE,FALSE,FALSE,R,S,S,S,,S,,,S,,,,,,,,,,,R,
2020/3550,MI00900/21,Blood Culture,Staphylococcus aureus,Other,2021,2021-04-26T00:00:00Z,5 and over,M,FALSE,FALSE,FALSE,S,S,S,S,,S,,,S,,,,,,,,,,,R,
2023/1190,MI00900/23,Blood Culture,Staphylococcus aureus,Other,2023,2023-03-27T00:00:00Z,5 and over,M,FALSE,FALSE,FALSE,R,S,S,S,,S,,,S,,,,,,,,,,,R,
2020/3992,MI00904/20,Wound swab,Staphylococcus aureus,Other,2020,2020-10-09T00:00:00Z,5 and over,M,FALSE,FALSE,FALSE,R,S,S,S,,S,,,S,,,,,,,,,,,R,
2018/2994,MI00912/22,Urine,Escherichia coli,Enterobacterales,2022,2022-04-08T00:00:00Z,5 and over,F,FALSE,FALSE,FALSE,R,S,,R,S,S,,S,,,,,S,S,,S,,,R,,
2021/5298,MI00912/24,Sputum,Candida spp.,Fungi,2024,2024-04-17T00:00:00Z,5 and over,F,FALSE,FALSE,FALSE,,,,,,,,,,,,,,,,,,,,,
2023/1362,MI00914/23,Urine,Escherichia coli,Enterobacterales,2023,2023-03-28T00:00:00Z,5 and over,F,FALSE,FALSE,FALSE,R,S,,,S,S,,,,,,,S,S,,S,S,S,S,,
2020/0470,MI00915/20,Urine,Escherichia coli,Enterobacterales,2020,2020-10-12T00:00:00Z,5 and over,F,FALSE,FALSE,FALSE,R,S,S,R,S,S,,,,,,,S,S,,S,,,R,,
2025/1575,MI00915/25,Blood Culture,Acinetobacter johnsonii,Non-fermentor,2025,2025-06-03T22:08:00Z,5 and over,F,FALSE,FALSE,FALSE,R,R,,R,,S,,,,,,,R,R,,S,,,,,
2021/0882,MI00916/21,Blood Culture,Escherichia coli,Enterobacterales,2021,2021-04-27T00:00:00Z,5 and over,F,FALSE,FALSE,FALSE,R,S,S,R,,S,,,,,,,R,R,,S,,,R,,
2017/1539,MI00919/20,Sputum,Proteus mirabilis,Enterobacterales,2020,2020-10-13T00:00:00Z,5 and over,F,FALSE,FALSE,FALSE,R,S,R,R,,S,,,,,,,S,S,,S,,,R,,
2021/1439,MI00919/21,Pus aspirate,Staphylococcus aureus,Other,2021,2021-04-27T00:00:00Z,5 and over,F,FALSE,FALSE,FALSE,S,S,S,S,,S,,,S,,,,,,,,,,,R,
2024/1359,MI00922/24,Blood Culture,Salmonella spp.,Enterobacterales,2024,2024-04-17T17:38:00Z,5 and over,F,FALSE,FALSE,FALSE,S,S,S,S,,S,,,,,,,S,S,,S,,,S,,
2007/1635,MI00924/20,Ear swab,Candida spp.,Fungi,2020,2020-10-13T00:00:00Z,5 and over,M,FALSE,FALSE,FALSE,,,,,,,,,,,,,,,,,,,,,
2021/5178,MI00925/22,Blood Culture,Escherichia coli,Enterobacterales,2022,2022-04-11T00:00:00Z,5 and over,F,FALSE,FALSE,FALSE,R,S,S,R,,S,,,,,,,S,S,,S,S,S,R,,
2023/3438,MI00925/24,Wound swab,Staphylococcus aureus,Other,2024,2024-04-18T00:00:00Z,5 and over,M,FALSE,FALSE,FALSE,S,S,S,S,,S,,,S,,,,,,,,,,,R,
2023/1266,MI00926/23,Blood Culture,Staphylococcus aureus,Other,2023,2023-03-29T00:00:00Z,5 and over,M,FALSE,FALSE,FALSE,S,S,S,S,,S,,,S,,,,,,,,,,,R,
2020/4033,MI00927/20,Urine,Group B Streptococcus,Haemolytic Streptococcus,2020,2020-10-13T00:00:00Z,5 and over,F,FALSE,FALSE,FALSE,,,S,R,,,,,S,,,,,,S,,,,S,S,
2008/7269,MI00928/20,Ear swab,Pseudomonas aeruginosa,Non-fermentor,2020,2020-10-13T00:00:00Z,5 and over,M,FALSE,FALSE,FALSE,,S,,,,S,,,,S,,,,S,,,,,,,
2021/1463,MI00929/21,Nose swab,Haemophilus influenzae,Other,2021,2021-04-28T00:00:00Z,Under 5,F,TRUE,FALSE,TRUE,R,,S,,,S,,,,S,,,S,S,,S,,,S,,
2025/0824,MI00930/25,Sputum,Pseudomonas aeruginosa,Non-fermentor,2025,2025-06-05T00:00:00Z,5 and over,M,FALSE,FALSE,FALSE,,S,,,,S,,,,S,,,,S,,,,,,,
2020/4044,MI00931/20,Urine,Escherichia coli,Enterobacterales,2020,2020-10-13T00:00:00Z,5 and over,F,FALSE,FALSE,FALSE,S,S,S,R,S,S,,,,,,,,S,,,,,S,,
2021/5178,MI00933/22,Wound swab,Escherichia coli,Enterobacterales,2022,2022-04-11T00:00:00Z,5 and over,F,FALSE,FALSE,FALSE,R,S,,R,,S,,,,,,,S,S,,R,,,R,,
2021/5178,MI00934/22,Urine,Escherichia coli,Enterobacterales,2022,2022-04-11T00:00:00Z,5 and over,F,FALSE,FALSE,FALSE,R,S,,R,S,S,,,,,,,S,S,,S,S,S,R,,
2020/2853,MI00937/23,Blood Culture,Acinetobacter nosocomialis,Non-fermentor,2023,2023-03-30T00:00:00Z,5 and over,M,FALSE,FALSE,FALSE,S,S,,S,,S,,,,S,,,S,S,,,S,S,,,
2020/4051,MI00938/20,Blood Culture,Enterobacter cloacae,Enterobacterales,2020,2020-10-14T00:00:00Z,5 and over,M,FALSE,TRUE,TRUE,R,S,S,S,,R,,,,,,,S,S,,R,,,R,,
2020/2257,MI00940/21,Urine,Escherichia coli,Enterobacterales,2021,2021-04-29T00:00:00Z,5 and over,F,FALSE,FALSE,FALSE,R,S,S,R,S,S,,,,,,,S,,,S,,,S,,
2018/0866,MI00941/20,Ascetic aspirate,Staphylococcus aureus,Other,2020,2020-10-14T00:00:00Z,5 and over,M,FALSE,FALSE,FALSE,R,S,S,S,,S,,,S,,,,,,,,,,,R,S
2020/4056,MI00942/20,Sputum,Klebsiella pneumoniae,Enterobacterales,2020,2020-10-14T00:00:00Z,5 and over,M,FALSE,FALSE,FALSE,S,S,S,S,,S,,,S,,,,S,S,,S,,,R,,
2020/4056,MI00942/20,Sputum,Candida spp.,Fungi,2020,2020-10-14T00:00:00Z,5 and over,M,FALSE,FALSE,FALSE,,,,,,,,,,,,,,,,,,,,,
1986/0940,MI00943/25,Wound swab,Acinetobacter baumannii,Non-fermentor,2025,2025-06-10T00:00:00Z,5 and over,M,FALSE,FALSE,FALSE,R,S,R,R,,S,,,,,,,R,S,,R,S,S,R,,
2020/0586,MI00952/20,Blood Culture,Acinetobacter baumannii,Non-fermentor,2020,2020-10-15T00:00:00Z,5 and over,F,FALSE,FALSE,FALSE,R,S,R,S,,S,,,,,,,S,S,,S,,,R,,
2020/0586,MI00952/20,Blood Culture,Enterococcus spp.,Other,2020,2020-10-15T00:00:00Z,5 and over,F,FALSE,FALSE,FALSE,,,S,R,,,,,S,,,,,,S,,,,S,S,
2011/4342,MI00952/2019,Sputum,Haemophilus influenzae,Other,2020,2020-01-02T00:00:00Z,,,FALSE,FALSE,FALSE,,,S,S,,,,,,,,,,S,,S,,,S,,
2016/0018,MI00955/20,Urine,Candida spp.,Fungi,2020,2020-10-15T00:00:00Z,5 and over,F,FALSE,FALSE,FALSE,,,,,,,,,,,,,,,,,,,,,
2013/3499,MI00955/23,Sputum,Serratia marcescens,Enterobacterales,2023,2023-03-31T00:00:00Z,5 and over,M,FALSE,FALSE,FALSE,S,S,S,R,,S,,,,,,,S,S,,R,S,,R,,
2024/1359,MI00957/24,Blood Culture,Staphylococcus aureus,Other,2024,2024-04-19T12:08:00Z,5 and over,F,FALSE,FALSE,FALSE,S,S,S,R,,R,,,R,,,,,,,,,,,R,
2020/4107,MI00963/20,Throat swab,Candida spp.,Fungi,2020,2020-10-16T00:00:00Z,5 and over,M,FALSE,FALSE,FALSE,,,,,,,,,,,,,,,,,,,,,
2020/3910,MI00964/20,Wound swab,Pseudomonas aeruginosa,Non-fermentor,2020,2020-10-16T00:00:00Z,Under 5,F,FALSE,FALSE,FALSE,,S,,,,S,,,,S,,,,S,,,,,,,
2022/1591,MI00964/22,Blood Culture,Salmonella spp.,Enterobacterales,2022,2022-04-12T00:00:00Z,Under 5,M,FALSE,FALSE,FALSE,S,S,S,S,,S,,,,,,,S,S,,S,S,S,S,,
2021/4891,MI00968/24,Blood Culture,Staphylococcus aureus,Other,2024,2024-04-22T00:00:00Z,5 and over,M,FALSE,FALSE,FALSE,,R,S,S,,S,,,R,,,,,,,,,,,S,
2015/0661,MI00968/25,Blood Culture,Staphylococcus aureus,Other,2025,2025-06-11T11:47:00Z,5 and over,M,FALSE,FALSE,FALSE,S,S,S,S,,S,,,S,,,,,,S,,S,S,,R,
2020/4051,MI00972/20,Wound swab,Staphylococcus aureus,Other,2020,2020-10-19T00:00:00Z,5 and over,M,FALSE,FALSE,FALSE,S,S,S,S,,S,,,S,,,,,,,,,,,R,S
2025/1861,MI00977/25,Wound swab,Pseudomonas oryzihabitans,Non-fermentor,2025,2025-06-12T09:56:00Z,5 and over,F,FALSE,FALSE,FALSE,R,S,R,R,,S,,,,S,,,S,S,,R,,,R,,
2022/1627,MI00978/22,Urine,Escherichia coli,Enterobacterales,2022,2022-04-13T00:00:00Z,5 and over,M,FALSE,FALSE,FALSE,R,R,R,R,S,R,,,,,,,R,R,,S,S,S,R,,
2008/6362,MI00980/23,Urine,Escherichia coli,Enterobacterales,2023,2023-04-04T00:00:00Z,5 and over,M,FALSE,FALSE,FALSE,S,S,,S,S,S,,,,,,,S,S,,S,,S,S,,
2018/0866,MI00981/20,Ascetic aspirate,Escherichia coli,Enterobacterales,2020,2020-10-20T00:00:00Z,5 and over,M,FALSE,FALSE,FALSE,R,S,S,S,,R,,,,,,,,S,,R,,,R,,
2005/8669,MI00990/24,Sputum,Klebsiella pneumoniae,Enterobacterales,2024,2024-04-23T13:01:00Z,5 and over,F,TRUE,FALSE,TRUE,R,,S,S,,S,,,,,,,R,R,,S,,,R,,
2024/1418,MI00993/24,Sputum,Pseudomonas aeruginosa,Non-fermentor,2024,2024-04-23T13:27:00Z,5 and over,M,FALSE,FALSE,FALSE,,S,,,,S,,,,S,,,,S,,,,,,,
2025/0800,MI00993/25,Urine,Kluyvera spp.,Enterobacterales,2025,2025-06-13T11:33:00Z,5 and over,M,FALSE,FALSE,FALSE,R,R,R,R,S,R,,,,,,,R,R,,R,S,S,R,,
2023/1486,MI01003/23,Blood Culture,Staphylococcus aureus,Other,2023,2023-04-05T00:00:00Z,Under 5,M,FALSE,FALSE,FALSE,S,S,S,S,,S,,,R,,,,,,,,,,,R,S
2014/2070,MI01007/20,Wound swab,Staphylococcus aureus,Other,2020,2020-10-22T00:00:00Z,5 and over,F,FALSE,FALSE,FALSE,S,S,S,S,,S,,,S,,,,,,,,,,,R,S
2014/2070,MI01007/20,Wound swab,Group A Streptococcus,Haemolytic Streptococcus,2020,2020-10-22T00:00:00Z,5 and over,F,FALSE,FALSE,FALSE,,,S,R,,,,,S,,,,,,S,,,,S,S,
2024/4973,MI01008/25,Sputum,Klebsiella pneumoniae,Enterobacterales,2025,2025-06-16T00:00:00Z,5 and over,F,FALSE,FALSE,FALSE,S,S,S,S,,S,,,,,,,S,S,,S,S,,R,,
2025/1900,MI01012/25,Blood Culture,Escherichia coli,Enterobacterales,2025,2025-06-16T18:06:00Z,5 and over,F,TRUE,FALSE,TRUE,R,S,S,R,,R,,,,,,,R,R,,R,R,R,R,,
2025/1936,MI01014/25,Sputum,Candida spp.,Fungi,2025,2025-06-17T00:00:00Z,5 and over,M,FALSE,FALSE,FALSE,,,,,,,,,,,,,,,,,,,,,
2021/1563,MI01015/21,Blood Culture,Escherichia coli,Enterobacterales,2021,2021-05-10T00:00:00Z,5 and over,F,TRUE,FALSE,TRUE,R,S,S,R,,R,,,,,,,R,R,,S,,,R,,
1983/0327,MI01021/20,Urine,Klebsiella pneumoniae,Enterobacterales,2020,2020-10-24T00:00:00Z,5 and over,M,TRUE,FALSE,TRUE,R,R,,R,S,R,,,,,,,R,R,,S,,,,,
2022/1344,MI01021/22,Urine,Salmonella spp.,Enterobacterales,2022,2022-04-19T00:00:00Z,5 and over,F,FALSE,FALSE,FALSE,R,S,,S,S,S,,,,,,,S,S,,S,,S,S,,
2023/1435,MI01023/23,Blood Culture,Escherichia coli,Enterobacterales,2023,2023-04-06T00:00:00Z,5 and over,F,FALSE,FALSE,FALSE,R,S,S,R,,R,,,,,,,,R,,S,,,,,
2025/1946,MI01026/25,Ear swab,Pseudomonas aeruginosa,Non-fermentor,2025,2025-06-17T00:00:00Z,5 and over,F,FALSE,FALSE,FALSE,,S,,,,S,,,,S,,,,S,,,,,,,
2023/1512,MI01027/23,Blood Culture,Salmonella spp.,Enterobacterales,2023,2023-04-06T00:00:00Z,5 and over,M,FALSE,FALSE,FALSE,S,S,S,S,,S,,,,,,,S,S,,S,,,S,,
2024/1498,MI01027/24,Nasopharyngeal swab,Staphylococcus aureus,Other,2024,2024-04-28T13:24:00Z,5 and over,F,FALSE,FALSE,FALSE,S,S,S,S,,S,,,S,,,,,,,,,,,R,
2025/1778,MI01027/25,Blood Culture,Group A Streptococcus,Haemolytic Streptococcus,2025,2025-06-17T14:29:00Z,5 and over,F,FALSE,FALSE,FALSE,S,,S,R,,,,,S,,,,S,,,,,,S,S,
2022/1529,MI01029/22,Blood Culture,Escherichia coli,Enterobacterales,2022,2022-04-19T00:00:00Z,5 and over,F,FALSE,FALSE,FALSE,S,R,S,R,,R,,,,,,,R,R,,R,S,S,R,,
2009/7426,MI01029/23,Urine,Escherichia coli,Enterobacterales,2023,2023-04-06T00:00:00Z,5 and over,F,FALSE,FALSE,FALSE,R,R,,R,S,S,,,,,,,S,S,,R,S,S,R,,
2021/1563,MI01030/21,Urine,Escherichia coli,Enterobacterales,2021,2021-05-11T00:00:00Z,5 and over,F,FALSE,FALSE,FALSE,R,S,S,R,,S,,,,,,,S,S,,S,,,R,,
2024/1508,MI01031/24,Urine,Klebsiella pneumoniae,Enterobacterales,2024,2024-04-29T00:00:00Z,5 and over,F,FALSE,FALSE,FALSE,R,,R,R,,S,,,,,,,S,S,,S,,S,R,,
2016/5415,MI01032/23,Ear swab,Aspergillus niger,Fungi,2023,2023-04-07T00:00:00Z,5 and over,M,FALSE,FALSE,FALSE,,,,,,,,,,,,,,,,,,,,,
2025/1940,MI01032/25,Pleural aspirate,Escherichia coli,Enterobacterales,2025,2025-06-17T17:10:00Z,5 and over,F,TRUE,FALSE,TRUE,R,R,S,R,,R,,,,,,,R,R,,R,S,,,,
2021/1574,MI01035/21,Wound swab,Group B Streptococcus,Haemolytic Streptococcus,2021,2021-05-11T00:00:00Z,5 and over,M,FALSE,FALSE,FALSE,,,S,S,,,,,R,,,,,,R,R,,,,R,
2024/1463,MI01036/24,Eye swab,Staphylococcus aureus,Other,2024,2024-04-29T13:08:00Z,Under 5,F,FALSE,FALSE,FALSE,S,S,S,R,,S,,,S,,,,,,,,,,,R,
2024/1463,MI01036/24,Eye swab,Group A Streptococcus,Haemolytic Streptococcus,2024,2024-04-29T13:08:00Z,Under 5,F,FALSE,FALSE,FALSE,,,R,,,,S,,S,,,,S,,S,,,,S,,
2021/1593,MI01037/21,Blood Culture,Enterococcus spp.,Other,2021,2021-05-11T00:00:00Z,Under 5,M,FALSE,FALSE,FALSE,,,S,R,,,,,S,,,,,,S,,,,S,S,
2015/4473,MI01040/23,High Vaginal swab,Candida spp.,Fungi,2023,2023-04-11T00:00:00Z,5 and over,F,FALSE,FALSE,FALSE,,,,,,,,,,,,,,,,,,,,,
2018/1818,MI01042/21,Urine,Escherichia coli,Enterobacterales,2021,2021-05-13T00:00:00Z,Under 5,M,FALSE,FALSE,FALSE,S,R,S,S,S,R,,,,,,,S,,,R,,,R,,
2022/1719,MI01043/22,High Vaginal swab,Candida spp.,Fungi,2022,2022-04-20T00:00:00Z,5 and over,F,FALSE,FALSE,FALSE,,,,,,,,,,,,,,,,,,,,,
2022/3678,MI01044/23,Urine,Escherichia coli,Enterobacterales,2023,2023-04-11T00:00:00Z,5 and over,M,FALSE,FALSE,FALSE,R,S,,R,S,S,,,,,,,S,S,,S,S,S,R,,
2024/1529,MI01044/24,Blood Culture,Salmonella spp.,Enterobacterales,2024,2024-04-30T12:58:00Z,5 and over,M,FALSE,FALSE,FALSE,S,S,S,S,,S,,,,,,,S,S,,S,,S,S,,
2023/1458,MI01045/23,Urine,Escherichia coli,Enterobacterales,2023,2023-04-11T00:00:00Z,5 and over,F,FALSE,FALSE,FALSE,R,R,,R,S,R,,,,,,,R,S,,S,S,S,R,,
2020/5153,MI01048/21,Blood Culture,Enterococcus spp.,Other,2021,2021-05-14T00:00:00Z,5 and over,M,FALSE,FALSE,FALSE,R,,,S,,,,,S,,,,,,S,,,,S,S,
2022/1715,MI01048/22,Urine,Candida spp.,Fungi,2022,2022-04-20T00:00:00Z,5 and over,F,FALSE,FALSE,FALSE,,,,,,,,,,,,,,,,,,,,,
1990/2613,MI01049/23,Urine,Escherichia coli,Enterobacterales,2023,2023-04-11T00:00:00Z,5 and over,F,FALSE,FALSE,FALSE,S,S,,S,S,R,,,,,,,S,S,,S,S,S,R,,
2018/0038,MI01049/25,Wound swab,Staphylococcus aureus,Other,2025,2025-06-20T00:00:00Z,5 and over,F,FALSE,FALSE,FALSE,S,S,S,S,,R,,,R,,,,,,R,,,,S,S,
2018/0038,MI01049/25,Wound swab,Group B Streptococcus,Haemolytic Streptococcus,2025,2025-06-20T00:00:00Z,5 and over,F,FALSE,FALSE,FALSE,R,S,S,,,,,,S,,,,S,,R,S,,,S,S,
2018/0038,MI01050/25,Blood Culture,Staphylococcus aureus,Other,2025,2025-06-20T00:00:00Z,5 and over,F,FALSE,FALSE,FALSE,S,S,S,S,,R,,,R,,,,,,R,,,,,R,
2015/1283,MI01054/21,Wound swab,Pseudomonas aeruginosa,Non-fermentor,2021,2021-05-17T00:00:00Z,5 and over,F,FALSE,FALSE,FALSE,,S,,,,S,,,,S,,,,S,,,,,,,
2021/1574,MI01061/21,Wound swab,Escherichia coli,Enterobacterales,2021,2021-05-17T00:00:00Z,5 and over,M,TRUE,FALSE,TRUE,R,R,S,R,,R,,,,,,,R,S,,S,,,R,,
2023/1083,MI01063/23,Low Vaginal swab,Candida spp.,Fungi,2023,2023-04-12T00:00:00Z,5 and over,F,FALSE,FALSE,FALSE,,,,,,,,,,,,,,,,,,,,,
2023/1083,MI01064/23,Urine,Candida spp.,Fungi,2023,2023-04-12T00:00:00Z,5 and over,F,FALSE,FALSE,FALSE,,,,,,,,,,,,,,,,,,,,,
2009/1199,MI01068/25,Wound swab,Staphylococcus aureus,Other,2025,2025-06-23T00:00:00Z,5 and over,F,FALSE,FALSE,FALSE,S,,S,S,,S,,,S,,,,,,R,,,,,R,
1996/8357,MI01069/21,Urine,Proteus mirabilis,Enterobacterales,2021,2021-05-18T00:00:00Z,5 and over,M,FALSE,FALSE,FALSE,R,S,S,R,,S,,,,,,,S,S,,S,,,R,,
2025/2018,MI01069/25,Blood Culture,Group C/G Streptococcus,Haemolytic Streptococcus,2025,2025-06-23T18:25:00Z,5 and over,F,FALSE,FALSE,FALSE,S,,S,R,,,,,S,,,,S,,S,S,,,S,S,
2001/3714,MI01071/25,Sputum,Streptococcus spp.,Other,2025,2025-06-24T00:00:00Z,5 and over,F,FALSE,FALSE,FALSE,,,,,,,,,,,,,,,,,,,,,
2020/2198,MI01072/20,Urine,Escherichia coli,Enterobacterales,2020,2020-10-30T00:00:00Z,5 and over,F,FALSE,FALSE,FALSE,R,S,S,R,S,S,,,,,,,,S,,R,,,R,,
2025/1792,MI01072/25,Sputum,Streptococcus spp.,Other,2025,2025-06-24T00:00:00Z,5 and over,F,FALSE,FALSE,FALSE,,,,,,,,,,,,,,,,,,,,,
2025/2050,MI01079/25,Urine,Escherichia coli,Enterobacterales,2025,2025-06-24T00:00:00Z,5 and over,F,FALSE,FALSE,FALSE,S,R,,S,S,R,,,,,,,R,S,,R,S,,R,,
2022/0781,MI01082/23,Sputum,Pseudomonas aeruginosa,Non-fermentor,2023,2023-04-13T00:00:00Z,5 and over,M,FALSE,FALSE,FALSE,,S,,,,S,,,,,,,,S,,,S,S,,,
2023/1609,MI01083/23,Blood Culture,Candida spp.,Fungi,2023,2023-04-13T00:00:00Z,Under 5,M,FALSE,FALSE,FALSE,,,,,,,,,,,,,,,,,,,,,
2024/1477,MI01084/24,Blood Culture,Escherichia coli,Enterobacterales,2024,2024-05-03T13:41:00Z,5 and over,F,FALSE,FALSE,FALSE,R,R,R,R,,R,,,,,,,R,R,,R,,S,R,,
2021/1597,MI01085/21,Blood Culture,Micrococcus spp.,Other,2021,2021-05-19T00:00:00Z,5 and over,M,FALSE,FALSE,FALSE,,,,,,,,,,,,,,,,,,,,,
2021/0557,MI01087/21,Wound swab,Staphylococcus aureus,Other,2021,2021-05-19T00:00:00Z,5 and over,F,FALSE,FALSE,FALSE,S,S,S,S,,S,,,S,,,,,,,,,,,R,
2016/5373,MI01087/25,Urine,Klebsiella pneumoniae,Enterobacterales,2025,2025-06-25T00:00:00Z,5 and over,F,FALSE,FALSE,FALSE,S,S,,R,S,S,,,,,,,S,S,,R,S,,R,,
2023/0728,MI01088/23,Pus aspirate,Stenotrophomonas maltophilia,Non-fermentor,2023,2023-04-13T00:00:00Z,5 and over,F,FALSE,FALSE,FALSE,S,R,S,R,,S,,,,,,,R,R,,R,R,R,R,,
2025/2054,MI01088/25,Sputum,Klebsiella pneumoniae,Enterobacterales,2025,2025-06-25T00:00:00Z,5 and over,M,FALSE,FALSE,FALSE,R,S,R,,,S,,,,,,,S,S,,R,S,,R,,R
2023/0728,MI01089/23,Pus aspirate,Pseudomonas luteola,Non-fermentor,2023,2023-04-13T00:00:00Z,5 and over,F,FALSE,FALSE,FALSE,S,R,S,R,,S,,,,,,,R,R,,R,R,R,R,,
2025/2018,MI01091/25,Sputum,Escherichia coli,Enterobacterales,2025,2025-06-25T10:42:00Z,5 and over,F,FALSE,FALSE,FALSE,R,R,S,,,R,,,,,,,S,S,,R,S,,R,,
2004/9802,MI01093/23,Urine,Candida spp.,Fungi,2023,2023-04-14T00:00:00Z,5 and over,M,FALSE,FALSE,FALSE,,,,,,,,,,,,,,,,,,,,,
2025/1452,MI01094/25,Urine,Klebsiella pneumoniae,Enterobacterales,2025,2025-06-25T00:00:00Z,5 and over,F,FALSE,FALSE,FALSE,S,,,S,R,S,,,,,,,S,S,,S,S,,S,,
2023/1612,MI01095/23,Blood Culture,Enterococcus faecalis,Other,2023,2023-04-14T00:00:00Z,5 and over,M,FALSE,FALSE,FALSE,R,,R,R,,,,,R,,,,R,,R,,,,,R,
2024/1451,MI01095/24,Wound swab,Staphylococcus aureus,Other,2024,2024-05-05T13:00:00Z,5 and over,M,FALSE,FALSE,FALSE,R,S,S,S,,S,,,S,,,,,,,,,S,,R,
2024/1451,MI01096/24,Wound swab,Proteus vulgaris,Enterobacterales,2024,2024-05-05T14:32:00Z,5 and over,M,TRUE,FALSE,TRUE,R,S,R,R,,R,,,,,,,R,S,,S,,S,R,,
2023/1626,MI01102/23,Blood Culture,Streptococcus pneumoniae,Other,2023,2023-04-17T00:00:00Z,5 and over,F,FALSE,FALSE,FALSE,R,,R,R,,,,,S,,,S,S,,S,S,S,S,,,
2023/1619,MI01103/23,Sputum,Candida spp.,Fungi,2023,2023-04-17T00:00:00Z,5 and over,M,FALSE,FALSE,FALSE,,,,,,,,,,,,,,,,,,,,,
2023/2312,MI01103/25,Sputum,Providencia rettgeri,Enterobacterales,2025,2025-06-26T00:00:00Z,5 and over,M,FALSE,FALSE,FALSE,S,S,S,R,,R,,,,,,,R,S,,R,S,,R,,
2009/2847,MI01104/23,Wound swab,Pseudomonas aeruginosa,Non-fermentor,2023,2023-04-17T00:00:00Z,5 and over,M,FALSE,FALSE,FALSE,,R,,,,R,,,,S,,,,S,,,S,,,,
2016/4572,MI01106/22,Throat swab,Candida spp.,Fungi,2022,2022-04-27T00:00:00Z,5 and over,F,FALSE,FALSE,FALSE,,,,,,,,,,,,,,,,,,,,,
2018/2220,MI01107/21,Ear swab,Staphylococcus aureus,Other,2021,2021-05-20T00:00:00Z,5 and over,M,FALSE,FALSE,FALSE,S,S,S,S,,S,,,S,,,,,,,,,,,R,
2019/4290,MI01108/20,Urethral swab,Neisseria gonorrhoeae,Other,2020,2020-11-03T00:00:00Z,5 and over,M,FALSE,FALSE,FALSE,,,,,,S,S,S,,,,,S,S,,,,,,,
2021/1328,MI01112/22,Wound swab,Staphylococcus aureus,Other,2022,2022-04-27T00:00:00Z,5 and over,M,FALSE,FALSE,FALSE,S,S,R,S,,,,,S,,,,,,,,,,,R,
2024/1636,MI01115/24,Urine,Escherichia coli,Enterobacterales,2024,2024-05-07T00:00:00Z,5 and over,F,FALSE,FALSE,FALSE,R,S,,R,,S,,,,,,,S,S,,S,,S,R,,
2025/2101,MI01116/25,Urine,Coliform spp.,Enterobacterales,2025,2025-06-28T14:44:00Z,Under 5,F,TRUE,FALSE,TRUE,S,S,,S,,S,,,,,,,R,R,,R,S,,R,,
2021/1626,MI01123/21,Blood Culture,Enterococcus spp.,Other,2021,2021-05-21T00:00:00Z,5 and over,F,FALSE,FALSE,FALSE,,,S,S,,,,,S,,,,S,,S,,,,S,S,
2023/5003,MI01125/24,Sputum,Haemophilus influenzae,Other,2024,2024-05-08T00:00:00Z,5 and over,F,FALSE,FALSE,FALSE,R,,S,S,,S,,,,,,,,S,,S,,S,,,S
2020/4382,MI01130/20,Wound swab,Staphylococcus aureus,Other,2020,2020-11-04T00:00:00Z,Under 5,F,FALSE,FALSE,FALSE,S,S,S,S,,S,,,S,,,,,,,,,,,S,S
2024/1652,MI01130/24,Blood Culture,Salmonella enterica,Enterobacterales,2024,2024-05-08T12:59:00Z,Under 5,M,FALSE,FALSE,FALSE,R,R,S,R,,S,,,,,,,S,S,,S,,S,R,,R
2016/3620,MI01133/21,Wound swab,Staphylococcus aureus,Other,2021,2021-05-24T00:00:00Z,Under 5,F,FALSE,FALSE,FALSE,R,,S,R,,S,,,S,,,,S,,,,,,,R,
2001/1789,MI01133/22,Wound swab,Staphylococcus aureus,Other,2022,2022-04-29T00:00:00Z,5 and over,M,FALSE,FALSE,FALSE,S,,,,,S,,,S,,,,,,,,,,,R,
2001/1789,MI01133/22,Wound swab,Group A Streptococcus,Haemolytic Streptococcus,2022,2022-04-29T00:00:00Z,5 and over,M,FALSE,FALSE,FALSE,R,,,,,,,,S,,,,,,S,,,,S,S,
2009/2251,MI01133/24,Wound swab,Pseudomonas aeruginosa,Non-fermentor,2024,2024-05-08T14:52:00Z,5 and over,M,FALSE,FALSE,FALSE,,S,,,,S,,,,S,,,,S,,,,S,,,
2017/5170,MI01135/24,Lung aspirate,Klebsiella pneumoniae,Enterobacterales,2024,2024-05-08T00:00:00Z,5 and over,M,FALSE,FALSE,FALSE,R,S,S,S,,S,,,,,,,R,R,,S,,S,,,
2011/6111,MI01136/20,Sputum,Staphylococcus aureus,Other,2020,2020-11-04T00:00:00Z,5 and over,M,FALSE,FALSE,FALSE,,S,S,,,S,,,S,,,,,,,,,,,R,
2024/1655,MI01140/24,Sputum,Aspergillus fumigatus,Fungi,2024,2024-05-08T00:00:00Z,5 and over,M,FALSE,FALSE,FALSE,,,,,,,,,,,,,,,,,,,,,
2025/2176,MI01145/25,Sputum,Pseudomonas aeruginosa,Non-fermentor,2025,2025-07-02T00:00:00Z,5 and over,M,FALSE,FALSE,FALSE,,S,,,,S,,,,S,,,,S,,,S,,,,
2024/1112,MI01146/24,Sputum,Klebsiella pneumoniae,Enterobacterales,2024,2024-05-09T00:00:00Z,5 and over,F,FALSE,FALSE,FALSE,S,S,S,S,,S,,S,,,,,S,S,,S,,S,R,,S
2020/2497,MI01147/22,Wound swab,Pseudomonas aeruginosa,Non-fermentor,2022,2022-05-04T00:00:00Z,5 and over,M,FALSE,FALSE,FALSE,,S,S,,,S,,,,,,,,S,,,S,S,,,
2020/2497,MI01147/22,Wound swab,Proteus spp.,Enterobacterales,2022,2022-05-04T00:00:00Z,5 and over,M,FALSE,FALSE,FALSE,S,S,,,,S,,,,,,,S,S,,S,,,,,
2017/4941,MI01148/24,Lung aspirate,Klebsiella pneumoniae,Enterobacterales,2024,2024-05-09T00:00:00Z,5 and over,M,FALSE,FALSE,FALSE,S,S,S,S,,S,,S,,,,,S,S,,S,,S,R,,
2016/0018,MI01149/20,Wound swab,Klebsiella pneumoniae,Enterobacterales,2020,2020-11-06T00:00:00Z,5 and over,F,TRUE,FALSE,TRUE,R,R,S,R,,R,,,,,,,,R,,R,,,R,,
2006/2643,MI01150/20,Low Vaginal swab,Proteus spp.,Enterobacterales,2020,2020-11-06T00:00:00Z,5 and over,F,FALSE,FALSE,FALSE,R,S,S,R,,S,,,,,,,,S,,S,,,R,,
2019/1782,MI01151/22,Blood Culture,Escherichia coli,Enterobacterales,2022,2022-05-04T00:00:00Z,5 and over,M,FALSE,FALSE,FALSE,R,S,S,S,,S,,,,,,,S,S,,R,,S,,,
2025/2200,MI01153/25,Wound swab,Staphylococcus aureus,Other,2025,2025-07-03T00:00:00Z,Under 5,F,FALSE,FALSE,FALSE,R,S,S,R,,S,,,,,,,,,,,,,,R,
2021/0900,MI01154/24,Blood Culture,Staphylococcus aureus,Other,2024,2024-05-10T00:00:00Z,5 and over,M,FALSE,FALSE,FALSE,S,S,S,S,,S,,,S,,,,,,,,,,,R,
2003/0227,MI01157/20,Wound swab,Staphylococcus aureus,Other,2020,2020-11-09T00:00:00Z,5 and over,F,FALSE,FALSE,FALSE,S,S,S,S,,S,,,S,,,,,,,,,,,R,
2025/2219,MI01162/25,Urine,Coliform spp.,Enterobacterales,2025,2025-07-04T00:00:00Z,5 and over,F,FALSE,FALSE,FALSE,S,S,,S,S,S,,,,,,,S,S,,R,S,,R,,
2012/5342,MI01164/25,Urine,Klebsiella pneumoniae,Enterobacterales,2025,2025-07-05T01:50:00Z,5 and over,F,TRUE,FALSE,TRUE,R,R,,R,R,R,,,,,,,R,R,,R,S,S,R,,
2023/1626,MI01166/23,Knee aspirate,Streptococcus pneumoniae,Other,2023,2023-04-19T00:00:00Z,5 and over,F,FALSE,FALSE,FALSE,R,,R,R,,,,,S,,,S,,,S,,,,S,S,
2016/4554,MI01167/25,Wound swab,Proteus mirabilis,Enterobacterales,2025,2025-07-06T15:39:00Z,5 and over,F,FALSE,FALSE,FALSE,S,S,S,R,,S,,,,,,,S,S,,S,S,S,S,,
2019/4875,MI01170/23,Sputum,Aspergillus fumigatus,Fungi,2023,2023-04-20T00:00:00Z,5 and over,F,FALSE,FALSE,FALSE,,,,,,,,,,,,,,,,,,,,,
2022/1989,MI01170/25,Ear swab,Aspergillus fumigatus,Fungi,2025,2025-07-07T00:00:00Z,Under 5,F,FALSE,FALSE,FALSE,,,,,,,,,,,,,,,,,,,,,
2020/4348,MI01172/20,Pleural aspirate,Klebsiella pneumoniae,Enterobacterales,2020,2020-11-09T00:00:00Z,5 and over,F,TRUE,FALSE,TRUE,R,R,R,R,,R,,,,,,,R,R,,R,,,R,,
1998/0952,MI01172/23,Wound swab,Proteus spp.,Enterobacterales,2023,2023-04-20T00:00:00Z,5 and over,M,FALSE,FALSE,FALSE,R,S,S,R,,,,,,,,,S,S,,S,S,S,R,,
2011/4724,MI01176/25,Urine,Escherichia coli,Enterobacterales,2025,2025-07-07T00:00:00Z,5 and over,F,FALSE,FALSE,FALSE,R,S,,R,S,S,,,,,,,S,S,,R,S,,R,,
2025/2242,MI01179/25,Wound swab,Staphylococcus aureus,Other,2025,2025-07-07T14:14:00Z,Under 5,F,FALSE,FALSE,FALSE,S,S,,S,,S,,,S,,,,,,S,,,,,R,
2021/1717,MI01180/21,Urine,Escherichia coli,Enterobacterales,2021,2021-05-27T00:00:00Z,Under 5,M,FALSE,FALSE,FALSE,R,S,S,R,,S,,,,,,,S,S,,S,,,S,,
2025/1671,MI01183/25,Urine,Coliform spp.,Enterobacterales,2025,2025-07-08T00:00:00Z,5 and over,F,TRUE,FALSE,TRUE,R,R,,,R,R,,,,,,,R,R,,,S,,R,,
2025/1671,MI01184/25,Low Vaginal swab,Candida spp.,Fungi,2025,2025-07-08T00:00:00Z,5 and over,F,FALSE,FALSE,FALSE,,,,,,,,,,,,,,,,,,,,,
2018/4542,MI01186/24,Lung aspirate,Aspergillus fumigatus,Fungi,2024,2024-05-14T00:00:00Z,5 and over,M,FALSE,FALSE,FALSE,,,,,,,,,,,,,,,,,,,,,
2010/2443,MI01189/24,Lung aspirate,Proteus mirabilis,Enterobacterales,2024,2024-05-14T00:00:00Z,5 and over,F,FALSE,FALSE,FALSE,R,,S,R,,S,,S,,,,,S,S,,S,,S,R,,R
2023/1714,MI01190/23,Blood Culture,Staphylococcus aureus,Other,2023,2023-04-24T00:00:00Z,5 and over,M,FALSE,FALSE,FALSE,S,R,S,S,,R,,,R,,,,,,,,,,,R,
2023/1725,MI01192/23,Blood Culture,Staphylococcus aureus,Other,2023,2023-04-24T00:00:00Z,Under 5,F,FALSE,FALSE,FALSE,R,R,S,R,,R,,,S,,,,,,,,,,,R,
2024/1734,MI01194/24,Sputum,Aspergillus fumigatus,Fungi,2024,2024-05-15T00:00:00Z,5 and over,F,FALSE,FALSE,FALSE,,,,,,,,,,,,,,,,,,,,,
2021/1574,MI01200/21,Wound swab,Pseudomonas spp.,Non-fermentor,2021,2021-05-29T00:00:00Z,5 and over,M,FALSE,FALSE,FALSE,,,,,,,,,,,,,,,,,,,,,
2021/1574,MI01203/21,Wound swab,Proteus spp.,Enterobacterales,2021,2021-05-31T00:00:00Z,5 and over,M,FALSE,FALSE,FALSE,S,S,S,R,,S,,,,,,,S,S,,S,,,,R,
1995/6027,MI01205/24,Ear swab,Aspergillus niger,Fungi,2024,2024-05-16T00:00:00Z,5 and over,F,FALSE,FALSE,FALSE,,,,,,,,,,,,,,,,,,,,,
2021/0114,MI01206/21,Urine,Group B Streptococcus,Haemolytic Streptococcus,2021,2021-05-31T00:00:00Z,5 and over,F,FALSE,FALSE,FALSE,,,S,S,,,,,S,,,,,,S,,,,,S,
2021/1762,MI01207/21,Wound swab,Pseudomonas spp.,Non-fermentor,2021,2021-05-31T00:00:00Z,5 and over,M,FALSE,FALSE,FALSE,,,,,,,,,,,,,,,,,,,,,
2024/1471,MI01207/24,Urine,Enterobacter cloacae,Enterobacterales,2024,2024-05-16T00:00:00Z,5 and over,F,FALSE,TRUE,TRUE,,S,R,,,R,,S,,,,,S,S,,R,,S,R,,R
2022/3133,MI01210/23,Sputum,Staphylococcus aureus,Other,2023,2023-04-25T00:00:00Z,5 and over,F,FALSE,FALSE,FALSE,R,S,S,R,,S,,,S,,,,,,,,,,,R,
2022/3133,MI01210/23,Sputum,Klebsiella pneumoniae,Enterobacterales,2023,2023-04-25T00:00:00Z,5 and over,F,FALSE,FALSE,FALSE,R,S,S,S,,S,,,,,,,S,S,,S,,,R,,
2020/4540,MI01215/20,Wound swab,Pseudomonas spp.,Non-fermentor,2020,2020-11-12T00:00:00Z,5 and over,F,FALSE,FALSE,FALSE,,S,,,,S,,,,S,,,,S,,,,,,,
2020/4337,MI01218/20,Wound swab,Klebsiella pneumoniae,Enterobacterales,2020,2020-11-13T00:00:00Z,5 and over,F,TRUE,FALSE,TRUE,R,R,R,R,,R,,,,,,,,R,,R,,,R,,
2023/1733,MI01220/23,Urine,Escherichia coli,Enterobacterales,2023,2023-04-25T00:00:00Z,5 and over,F,FALSE,FALSE,FALSE,R,R,S,,S,,,,,,,,R,R,,,S,S,R,,
2013/5584,MI01227/20,Urine,Escherichia coli,Enterobacterales,2020,2020-11-13T00:00:00Z,5 and over,F,FALSE,FALSE,FALSE,,R,R,R,,R,,,,,,,,S,,S,,,R,,
2018/3729,MI01227/22,Wound swab,Staphylococcus aureus,Other,2022,2022-05-11T00:00:00Z,5 and over,M,FALSE,FALSE,FALSE,S,S,S,R,,S,,,S,,,,,,,,,,,R,
2024/1297,MI01227/24,Sputum,Acinetobacter spp.,Non-fermentor,2024,2024-05-18T14:27:00Z,5 and over,F,FALSE,FALSE,FALSE,R,R,,R,,R,,,,,,,R,S,,,,R,,,
2023/1772,MI01229/23,Urine,Klebsiella pneumoniae,Enterobacterales,2023,2023-04-26T00:00:00Z,5 and over,M,FALSE,FALSE,FALSE,R,R,S,,R,,,,,,,,R,R,,,S,S,R,,
2025/2288,MI01236/25,Ear swab,Proteus spp.,Enterobacterales,2025,2025-07-09T00:00:00Z,5 and over,M,FALSE,FALSE,FALSE,S,S,S,R,,S,,,,,,,S,S,,S,S,S,S,,
2020/2783,MI01237/20,Sputum,Candida spp.,Fungi,2020,2020-11-16T00:00:00Z,5 and over,F,FALSE,FALSE,FALSE,,,,,,,,,,,,,,,,,,,,,
2023/1183,MI01237/23,Sputum,Pseudomonas aeruginosa,Non-fermentor,2023,2023-04-26T00:00:00Z,5 and over,F,FALSE,FALSE,FALSE,,S,R,,,,,,,S,,,,S,,,S,S,,,
2025/2290,MI01237/25,Ear swab,Coliform spp.,Enterobacterales,2025,2025-07-09T00:00:00Z,5 and over,M,FALSE,FALSE,FALSE,R,S,R,R,,S,,,,,,,R,S,,R,S,S,R,,
2020/4567,MI01240/20,Blood Culture,Micrococcus spp.,Other,2020,2020-11-16T00:00:00Z,Under 5,F,FALSE,FALSE,FALSE,,,,,,,,,,,,,,,,,,,,,
2021/1602,MI01243/21,Blood Culture,Staphylococcus aureus,Other,2021,2021-06-03T00:00:00Z,Under 5,F,FALSE,FALSE,FALSE,S,S,S,S,,S,,,S,,,,,,,,,,,R,S
2004/9019,MI01244/20,Urine,Escherichia coli,Enterobacterales,2020,2020-11-16T00:00:00Z,5 and over,M,TRUE,FALSE,TRUE,R,R,R,R,,R,,,,,,,R,R,,R,,,R,,
2023/1785,MI01246/23,Wound swab,Escherichia coli,Enterobacterales,2023,2023-04-27T00:00:00Z,5 and over,F,FALSE,FALSE,FALSE,R,S,S,R,,R,,,,,,,,S,,S,,,R,,
2025/2138,MI01247/25,Urine,Coliform spp.,Enterobacterales,2025,2025-07-10T14:28:00Z,5 and over,M,FALSE,FALSE,FALSE,R,S,,R,S,R,,,,,,,S,S,,R,S,S,R,,
2020/0729,MI01251/20,Stool,Escherichia coli,Enterobacterales,2020,2020-11-16T00:00:00Z,Under 5,F,FALSE,FALSE,FALSE,R,R,R,,S,S,,,,,,,,S,,S,,,R,,
2004/9019,MI01252/20,Urethral swab,Streptococcus spp.,Other,2020,2020-11-16T00:00:00Z,5 and over,M,FALSE,FALSE,FALSE,,,S,R,,R,,,R,,,,,,S,,,,R,R,
2004/9019,MI01252/20,Urethral swab,Acinetobacter spp.,Non-fermentor,2020,2020-11-16T00:00:00Z,5 and over,M,FALSE,FALSE,FALSE,,R,R,R,,R,,,,,,,R,R,,R,,,R,,
2024/1642,MI01253/24,Wound swab,Pseudomonas spp.,Non-fermentor,2024,2024-05-22T12:26:00Z,5 and over,M,FALSE,FALSE,FALSE,,S,,,,S,,,,S,,,,S,,,,,,,
2025/2314,MI01255/25,Pleural aspirate,Staphylococcus aureus,Other,2025,2025-07-11T11:54:00Z,Under 5,M,FALSE,FALSE,FALSE,R,S,S,S,,S,,,S,,,,,,,,,,,R,
2024/1785,MI01256/24,Sputum,Aspergillus niger,Fungi,2024,2024-05-22T13:42:00Z,5 and over,F,FALSE,FALSE,FALSE,,,,,,,,,,,,,,,,,,,,,
2023/1176,MI01258/23,Blood Culture,Streptococcus spp.,Other,2023,2023-04-27T00:00:00Z,5 and over,F,FALSE,FALSE,FALSE,,,S,R,,,,,S,,,,R,,S,,,,,S,
2025/2326,MI01259/25,Blood Culture,Streptococcus spp.,Other,2025,2025-07-11T16:08:00Z,Under 5,F,FALSE,FALSE,FALSE,R,S,S,S,,S,,,S,,,,,,S,,,S,R,,
2024/4064,MI01260/25,Blood Culture,Acinetobacter baumannii,Non-fermentor,2025,2025-07-12T12:21:00Z,5 and over,M,FALSE,FALSE,FALSE,R,R,R,R,,R,,,,,,,R,R,,R,R,R,R,,
2003/5683,MI01261/22,Urine,Klebsiella pneumoniae,Enterobacterales,2022,2022-05-13T00:00:00Z,5 and over,F,FALSE,FALSE,FALSE,S,S,,S,R,R,,,,,,,S,S,,S,,S,R,,
2016/0079,MI01262/23,Stool,Salmonella spp.,Enterobacterales,2023,2023-04-28T00:00:00Z,5 and over,M,FALSE,FALSE,FALSE,S,S,S,,,S,,,,,,,S,S,,S,S,S,S,,
2022/2102,MI01264/22,Ascetic aspirate,Trueperella bernardiae,Other,2022,2022-05-13T00:00:00Z,5 and over,F,FALSE,FALSE,FALSE,,,,,,,,,,,,,,,,,,,,,
2022/2120,MI01267/22,Urine,Escherichia coli,Enterobacterales,2022,2022-05-16T00:00:00Z,5 and over,M,FALSE,FALSE,FALSE,R,S,,S,,S,,S,,,,,S,S,,S,S,S,R,,
2019/1633,MI01267/25,Wound swab,Staphylococcus aureus,Other,2025,2025-07-14T00:00:00Z,5 and over,F,FALSE,FALSE,FALSE,S,S,S,S,,S,,,S,,,,,,,,,S,,R,
1990/7030,MI01271/25,Ear swab,Candida spp.,Fungi,2025,2025-07-14T00:00:00Z,5 and over,M,FALSE,FALSE,FALSE,,,,,,,,,,,,,,,,,,,,,
2001/3335,MI01273/20,Wound swab,Staphylococcus aureus,Other,2020,2020-11-18T00:00:00Z,5 and over,M,FALSE,FALSE,FALSE,S,S,S,S,,S,,,S,,,,,,,,,,,R,
2021/1855,MI01275/21,Blood Culture,Escherichia coli,Enterobacterales,2021,2021-06-06T00:00:00Z,Under 5,M,FALSE,FALSE,FALSE,R,S,S,S,,R,,,,,,,S,S,,S,,,S,,
2025/2354,MI01277/25,Wound swab,Coliform spp.,Enterobacterales,2025,2025-07-15T00:00:00Z,5 and over,F,FALSE,FALSE,FALSE,S,S,R,R,,S,,,,,,,R,R,,R,S,S,R,,
2022/4378,MI01279/23,Urine,Escherichia coli,Enterobacterales,2023,2023-04-30T00:00:00Z,5 and over,F,FALSE,FALSE,FALSE,R,S,,S,S,S,,,,,,,S,S,,R,,,R,,
2024/2965,MI01283/25,Sputum,Candida spp.,Fungi,2025,2025-07-15T00:00:00Z,5 and over,F,FALSE,FALSE,FALSE,,,,,,,,,,,,,,,,,,,,,
2022/2174,MI01290/22,Ear swab,Pseudomonas aeruginosa,Non-fermentor,2022,2022-05-17T00:00:00Z,Under 5,F,FALSE,FALSE,FALSE,,S,,,,S,,,,,,,,S,,,,,,,
2004/9019,MI01298/20,Urine,Klebsiella spp.,Enterobacterales,2020,2020-11-20T00:00:00Z,5 and over,M,FALSE,FALSE,FALSE,,,R,R,,R,,,,,,,,R,,R,,,R,,
2016/5134,MI01299/20,Wound swab,Proteus spp.,Enterobacterales,2020,2020-11-20T00:00:00Z,5 and over,M,FALSE,FALSE,FALSE,S,R,S,R,,S,,,,,,,,S,,S,,,S,,
1982/1314,MI01300/24,Urine,Escherichia coli,Enterobacterales,2024,2024-05-29T00:00:00Z,5 and over,F,FALSE,FALSE,FALSE,S,S,S,S,,S,,,,,,,R,S,,S,,,R,,
2022/2192,MI01302/22,Sputum,Candida spp.,Fungi,2022,2022-05-17T00:00:00Z,5 and over,M,FALSE,FALSE,FALSE,,,,,,,,,,,,,,,,,,,,,
2007/3192,MI01308/22,Blood Culture,Enterococcus gallinarum,Other,2022,2022-05-18T00:00:00Z,5 and over,F,FALSE,FALSE,FALSE,R,S,R,R,,,,,R,,,,,,S,,,,,S,
2016/4554,MI01308/25,Urine,Klebsiella pneumoniae,Enterobacterales,2025,2025-07-16T14:39:00Z,5 and over,F,FALSE,FALSE,FALSE,R,R,,R,R,R,,,,,,,R,R,,R,S,S,R,,
2022/2215,MI01315/22,Blood Culture,Streptococcus pneumoniae,Other,2022,2022-05-18T00:00:00Z,Under 5,M,FALSE,FALSE,FALSE,R,S,,,,S,,,,,,S,,,S,,,,S,S,
2025/2330,MI01315/25,Blood Culture,Staphylococcus aureus,Other,2025,2025-07-17T10:57:00Z,5 and over,F,FALSE,FALSE,FALSE,S,R,S,R,,R,,,S,,,,,,,,,S,,R,
2022/2195,MI01317/22,Blood Culture,Staphylococcus aureus,Other,2022,2022-05-18T00:00:00Z,5 and over,M,FALSE,FALSE,FALSE,S,,,S,S,S,,,S,,,,,,S,,,,,R,
2023/1527,MI01320/23,Urine,Escherichia coli,Enterobacterales,2023,2023-05-05T00:00:00Z,5 and over,F,FALSE,FALSE,FALSE,R,S,,S,S,S,,,,,,,R,R,,S,S,S,R,,
2022/2206,MI01323/22,Blood Culture,Salmonella spp.,Enterobacterales,2022,2022-05-18T00:00:00Z,5 and over,M,FALSE,FALSE,FALSE,S,S,S,S,,S,,S,,,,,S,S,,S,S,S,S,,
2024/1965,MI01326/24,Wound swab,Staphylococcus aureus,Other,2024,2024-06-03T00:00:00Z,5 and over,M,FALSE,FALSE,FALSE,,S,S,,,S,,,S,,,,S,S,,,,S,S,S,
2024/1832,MI01328/24,Pleural aspirate,Haemophilus influenzae,Other,2024,2024-06-03T00:00:00Z,5 and over,M,FALSE,FALSE,FALSE,R,,S,S,,S,,,,,,,S,S,,S,,S,R,,
2021/1898,MI01330/21,Wound swab,Pseudomonas aeruginosa,Non-fermentor,2021,2021-06-09T00:00:00Z,5 and over,M,FALSE,FALSE,FALSE,,S,,,,S,,,,,,,,S,,,,,,,
2022/6172,MI01330/24,Sputum,Candida spp.,Fungi,2024,2024-06-03T19:14:00Z,5 and over,F,FALSE,FALSE,FALSE,,,,,,,,,,,,,,,,,,,,,
2021/4884,MI01331/22,Blood Culture,Micrococcus spp.,Other,2022,2022-05-19T00:00:00Z,Under 5,F,FALSE,FALSE,FALSE,,,,,,,,,,,,,,,,,,,,,
2020/4754,MI01338/20,Sputum,Candida spp.,Fungi,2020,2020-11-26T00:00:00Z,5 and over,F,FALSE,FALSE,FALSE,,,,,,,,,,,,,,,,,,,,,
2020/4759,MI01341/20,Blood Culture,Enterococcus spp.,Other,2020,2020-11-26T00:00:00Z,Under 5,F,FALSE,FALSE,FALSE,R,,S,R,,,,,S,,,R,,,,,,,,,
2020/4760,MI01342/20,Blood Culture,Enterococcus spp.,Other,2020,2020-11-26T00:00:00Z,Under 5,F,FALSE,FALSE,FALSE,R,,S,R,,,,,S,,,R,,,,,,,,,
2022/0828,MI01342/25,Sputum,Aspergillus fumigatus,Fungi,2025,2025-07-21T00:00:00Z,5 and over,M,FALSE,FALSE,FALSE,,,,,,,,,,,,,,,,,,,,,
2017/4004,MI01343/22,Wound swab,Staphylococcus aureus,Other,2022,2022-05-19T00:00:00Z,5 and over,M,FALSE,FALSE,FALSE,S,S,,S,,S,,,R,,,,,,S,,,,,R,
2019/5052,MI01345/23,Sputum,Acinetobacter nosocomialis,Non-fermentor,2023,2023-05-09T00:00:00Z,5 and over,M,FALSE,FALSE,FALSE,,S,R,R,,S,,,,,,,R,S,,R,S,S,,,
2009/2146,MI01346/20,Blood Culture,Pseudomonas spp.,Non-fermentor,2020,2020-11-27T00:00:00Z,5 and over,M,FALSE,FALSE,FALSE,,S,,,,S,,,,S,,,,S,,,,,,,
2025/2278,MI01351/25,Sputum,Candida spp.,Fungi,2025,2025-07-21T12:39:00Z,5 and over,F,FALSE,FALSE,FALSE,,,,,,,,,,,,,,,,,,,,,
2024/0783,MI01353/24,Blood Culture,Micrococcus spp.,Other,2024,2024-06-05T14:33:00Z,5 and over,F,FALSE,FALSE,FALSE,,,,,,,,,,,,,,,,,,,,,
2025/2471,MI01354/25,Urine,Klebsiella pneumoniae,Enterobacterales,2025,2025-07-21T00:00:00Z,5 and over,F,TRUE,FALSE,TRUE,R,R,,R,S,R,,,,,,,R,R,,R,S,S,R,,
2023/1748,MI01355/23,Blood Culture,Salmonella spp.,Enterobacterales,2023,2023-05-09T00:00:00Z,5 and over,F,FALSE,FALSE,FALSE,S,S,S,S,,S,,,,,,,S,S,,S,S,,S,,
2022/2267,MI01362/22,Blood Culture,Escherichia coli,Enterobacterales,2022,2022-05-23T00:00:00Z,Under 5,F,FALSE,FALSE,FALSE,R,S,S,R,,S,,S,,,,,S,S,,S,S,S,R,,
2020/4784,MI01364/20,Sputum,Candida spp.,Fungi,2020,2020-11-30T00:00:00Z,5 and over,M,FALSE,FALSE,FALSE,,,,,,,,,,,,,,,,,,,,,
2019/1958,MI01364/25,Urine,Coliform spp.,Enterobacterales,2025,2025-07-22T00:00:00Z,5 and over,F,FALSE,FALSE,FALSE,R,S,,R,S,S,,,,,,,S,S,,R,S,S,R,,
2020/4792,MI01368/20,Blood Culture,Micrococcus spp.,Other,2020,2020-11-30T00:00:00Z,5 and over,M,FALSE,FALSE,FALSE,,,,,,,,,,,,,,,,,,,,,
2022/2291,MI01368/22,Ear swab,Klebsiella pneumoniae,Enterobacterales,2022,2022-05-23T00:00:00Z,5 and over,M,FALSE,FALSE,FALSE,S,S,S,S,,S,,S,,,,,S,S,,S,S,S,R,,
2024/2052,MI01369/24,Urine,Escherichia coli,Enterobacterales,2024,2024-06-07T00:00:00Z,5 and over,F,FALSE,FALSE,FALSE,S,S,S,S,S,S,,,,,,,S,S,,S,,S,S,,
2018/0421,MI01370/21,Urine,Klebsiella pneumoniae,Enterobacterales,2021,2021-06-11T00:00:00Z,5 and over,F,FALSE,FALSE,FALSE,S,S,,R,,S,,,,,,,S,S,,S,,,R,,
2015/2091,MI01375/20,Urine,Escherichia coli,Enterobacterales,2020,2020-12-01T00:00:00Z,5 and over,F,FALSE,FALSE,FALSE,R,R,S,R,S,R,,,,,,,R,R,,,,,R,,
2021/1004,MI01375/21,Sputum,Klebsiella spp.,Enterobacterales,2021,2021-06-12T00:00:00Z,5 and over,F,FALSE,FALSE,FALSE,S,S,R,S,,S,,,,,,,,R,,,,,R,,
2022/2264,MI01375/22,Urine,Enterococcus faecalis,Other,2022,2022-05-23T00:00:00Z,5 and over,F,FALSE,FALSE,FALSE,R,,,R,,,,,,,,,,,S,,,,,S,
2021/3976,MI01377/23,Blood Culture,Escherichia coli,Enterobacterales,2023,2023-05-11T00:00:00Z,5 and over,F,FALSE,FALSE,FALSE,R,S,R,R,,S,,,,,,,S,S,,,S,S,R,,
2020/4597,MI01378/20,Ear swab,Staphylococcus aureus,Other,2020,2020-12-01T00:00:00Z,Under 5,M,FALSE,FALSE,FALSE,S,S,S,S,,S,,,R,,,,R,,,,,,,R,
2020/4597,MI01378/20,Ear swab,Klebsiella spp.,Enterobacterales,2020,2020-12-01T00:00:00Z,Under 5,M,FALSE,FALSE,FALSE,R,S,S,R,,S,,,,,,,S,S,,S,,,R,,
2022/2295,MI01378/22,Blood Culture,Group A Streptococcus,Haemolytic Streptococcus,2022,2022-05-23T00:00:00Z,5 and over,M,FALSE,FALSE,FALSE,,S,S,R,,,,,S,,,,,,S,,S,S,,S,
2021/5608,MI01384/22,Urine,Group B Streptococcus,Haemolytic Streptococcus,2022,2022-05-24T00:00:00Z,5 and over,M,FALSE,FALSE,FALSE,S,,,,,,,,S,,,,S,,S,,,,S,S,
2024/2006,MI01387/24,Wound swab,Staphylococcus aureus,Other,2024,2024-06-10T12:18:00Z,5 and over,M,FALSE,FALSE,FALSE,S,S,S,R,,S,,,R,,,,,,,,,S,,R,S
2022/5907,MI01387/25,Wound swab,Proteus spp.,Enterobacterales,2025,2025-07-23T16:08:00Z,5 and over,F,FALSE,FALSE,FALSE,R,S,S,R,,S,,,,,,,S,S,,S,S,S,S,,
2022/2195,MI01389/22,Urine,Pseudomonas aeruginosa,Non-fermentor,2022,2022-05-24T00:00:00Z,5 and over,M,FALSE,FALSE,FALSE,,S,,,,S,,,,,,,,S,,,S,S,,,
2022/1354,MI01392/22,Ear swab,Haemophilus influenzae,Other,2022,2022-05-24T00:00:00Z,Under 5,M,FALSE,FALSE,FALSE,R,,S,S,,S,,S,,,,,,S,,S,S,,S,,
2023/1898,MI01392/23,Blood Culture,Candida spp.,Fungi,2023,2023-05-11T00:00:00Z,Under 5,M,FALSE,FALSE,FALSE,,,,,,,,,,,,,,,,,,,,,
2021/1981,MI01394/21,Ear swab,Group A Streptococcus,Haemolytic Streptococcus,2021,2021-06-15T00:00:00Z,5 and over,M,FALSE,FALSE,FALSE,S,,S,R,,,,,S,,,,,,S,,,,S,S,
2024/4720,MI01394/25,Wound swab,Staphylococcus aureus,Other,2025,2025-07-24T00:00:00Z,5 and over,F,FALSE,FALSE,FALSE,S,S,R,S,,S,,,R,,,,,,S,,,,R,,
2025/2305,MI01396/25,Wound swab,Staphylococcus aureus,Other,2025,2025-07-24T00:00:00Z,5 and over,F,FALSE,FALSE,FALSE,S,S,S,R,,S,,,S,,,,,,S,,,,,R,
2022/1450,MI01404/22,Blood Culture,Staphylococcus aureus,Other,2022,2022-05-26T00:00:00Z,5 and over,M,FALSE,FALSE,FALSE,S,R,S,R,,R,,,R,,,,,,S,,,,,R,
1998/7838,MI01409/23,Blood Culture,Citrobacter freundii,Enterobacterales,2023,2023-05-15T00:00:00Z,5 and over,F,FALSE,TRUE,TRUE,S,S,S,S,,S,,,,,,,S,S,,S,S,S,R,,
2024/2050,MI01409/24,Ear swab,Pseudomonas spp.,Non-fermentor,2024,2024-06-11T11:14:00Z,Under 5,F,FALSE,FALSE,FALSE,,S,,,,S,,,,,,,,S,,,,,,,
2022/2350,MI01411/22,Blood Culture,Staphylococcus aureus,Other,2022,2022-05-26T00:00:00Z,Under 5,M,FALSE,FALSE,FALSE,S,S,S,S,,S,,,,,,,,,,,,,,R,
2022/0028,MI01417/22,Urine,Group B Streptococcus,Haemolytic Streptococcus,2022,2022-05-26T00:00:00Z,5 and over,F,FALSE,FALSE,FALSE,,,,,,,,,S,,,,,,S,,,,S,S,
2023/4314,MI01418/24,Urine,Candida spp.,Fungi,2024,2024-06-11T20:16:00Z,Under 5,M,FALSE,FALSE,FALSE,,,,,,,,,,,,,,,,,,,,,
2025/2330,MI01420/25,Pus aspirate,Pseudomonas aeruginosa,Non-fermentor,2025,2025-07-28T15:21:00Z,5 and over,F,FALSE,FALSE,FALSE,,S,,,,S,,,,S,,,,S,,,,,,,
2022/1306,MI01428/22,Blood Culture,Candida spp.,Fungi,2022,2022-05-27T00:00:00Z,5 and over,M,FALSE,FALSE,FALSE,,,,,,,,,,,,,,,,,,,,,
2024/1350,MI01430/24,Sputum,Candida spp.,Fungi,2024,2024-06-12T00:00:00Z,5 and over,M,FALSE,FALSE,FALSE,,,,,,,,,,,,,,,,,,,,,
2025/2103,MI01431/25,Wound swab,Staphylococcus aureus,Other,2025,2025-07-29T14:09:00Z,5 and over,F,FALSE,FALSE,FALSE,S,S,S,S,,S,,,S,,,,,,S,,,,,,
2021/1152,MI01434/21,Blood Culture,Salmonella spp.,Enterobacterales,2021,2021-06-17T00:00:00Z,5 and over,F,FALSE,FALSE,FALSE,S,S,S,S,,S,,,,,,,S,S,,S,,,S,,
2023/1985,MI01436/23,Blood Culture,Escherichia coli,Enterobacterales,2023,2023-05-16T00:00:00Z,5 and over,F,FALSE,FALSE,FALSE,R,S,S,R,,S,,,,,,,S,S,,S,S,S,R,,
2002/4882,MI01438/23,Urine,Klebsiella pneumoniae,Enterobacterales,2023,2023-05-16T00:00:00Z,5 and over,F,FALSE,FALSE,FALSE,,S,,S,,S,,,,,,,,S,,,S,S,R,,
2020/4888,MI01439/20,Sputum,Candida spp.,Fungi,2020,2020-12-07T00:00:00Z,5 and over,F,FALSE,FALSE,FALSE,,,,,,,,,,,,,,,,,,,,,
2023/2105,MI01440/23,High Vaginal swab,Candida spp.,Fungi,2023,2023-05-16T00:00:00Z,5 and over,F,FALSE,FALSE,FALSE,,,,,,,,,,,,,,,,,,,,,
2024/2026,MI01442/24,Urine,Klebsiella pneumoniae,Enterobacterales,2024,2024-06-13T00:00:00Z,5 and over,F,FALSE,FALSE,FALSE,R,S,,R,,S,,,,,,,R,R,,S,,S,R,,
2009/1462,MI01445/21,Wound swab,Staphylococcus aureus,Other,2021,2021-06-18T00:00:00Z,5 and over,F,FALSE,FALSE,FALSE,S,S,S,S,,S,,,S,,,,,,,,,,,S,
2018/2340,MI01445/25,Blood Culture,Salmonella spp.,Enterobacterales,2025,2025-07-31T12:24:00Z,5 and over,F,FALSE,FALSE,FALSE,S,S,S,,,S,,,,,,,S,S,,S,S,,R,,
2022/2350,MI01446/22,Blood Culture,Corynebacterium spp.,Other,2022,2022-05-29T00:00:00Z,Under 5,M,FALSE,FALSE,FALSE,,,,,,,,,,,,,,,,,,,,,
2025/2627,MI01447/25,Blood Culture,Escherichia coli,Enterobacterales,2025,2025-07-31T12:24:00Z,5 and over,M,FALSE,FALSE,FALSE,S,S,S,,,S,,,,,,,S,S,,S,S,,S,,
2021/2062,MI01449/21,Urine,Escherichia coli,Enterobacterales,2021,2021-06-18T00:00:00Z,5 and over,F,FALSE,FALSE,FALSE,R,S,,R,S,R,,,,,,,S,S,,S,,,S,,
2017/2944,MI01454/25,Urine,Escherichia coli,Enterobacterales,2025,2025-08-04T00:00:00Z,5 and over,M,FALSE,FALSE,FALSE,R,S,,,S,R,,,,,,,S,S,,R,S,S,R,,
2025/1260,MI01456/25,Blood Culture,Coliform spp.,Enterobacterales,2025,2025-08-04T12:14:00Z,5 and over,M,FALSE,FALSE,FALSE,S,S,S,S,,S,,,,,,,S,S,,S,S,S,S,,
2023/3115,MI01457/24,Blood Culture,Streptococcus pneumoniae,Other,2024,2024-06-20T09:12:00Z,Under 5,F,FALSE,FALSE,FALSE,R,,S,S,,,,,,,,R,,,,S,,S,,R,
2023/2097,MI01458/23,Pus aspirate,Streptococcus spp.,Other,2023,2023-05-18T00:00:00Z,5 and over,M,FALSE,FALSE,FALSE,,,S,S,,,,,S,,,,,,,,,,S,S,
2024/1297,MI01458/24,Sputum,Enterobacter cloacae,Enterobacterales,2024,2024-06-20T11:02:00Z,5 and over,F,FALSE,TRUE,TRUE,R,R,R,R,,R,,,,,,,R,R,,R,,S,R,,
2020/4907,MI01460/20,Sputum,Proteus spp.,Enterobacterales,2020,2020-12-08T00:00:00Z,5 and over,M,FALSE,FALSE,FALSE,R,S,R,R,,S,,,,,,,S,S,,S,,,R,,
2020/4911,MI01461/20,Urine,Candida spp.,Fungi,2020,2020-12-08T00:00:00Z,5 and over,F,FALSE,FALSE,FALSE,,,,,,,,,,,,,,,,,,,,,
2019/2078,MI01461/24,Pus aspirate,Staphylococcus aureus,Other,2024,2024-06-20T00:00:00Z,5 and over,F,FALSE,FALSE,FALSE,S,S,S,S,,S,,,S,,,,,,,,,,,R,
2025/0800,MI01462/25,Sputum,Candida spp.,Fungi,2025,2025-08-04T14:22:00Z,5 and over,M,FALSE,FALSE,FALSE,,,,,,,,,,,,,,,,,,,,,
2021/1698,MI01464/21,Wound swab,Coliform spp.,Enterobacterales,2021,2021-06-21T00:00:00Z,Under 5,M,FALSE,FALSE,FALSE,R,R,,R,,R,,,,,,,R,R,,R,,,R,,
2024/1796,MI01464/24,Blood Culture,Staphylococcus aureus,Other,2024,2024-06-20T14:09:00Z,Under 5,M,FALSE,FALSE,FALSE,R,R,S,R,,R,,,S,,,R,,,,,,S,,R,
2007/8007,MI01464/25,Blood Culture,Proteus mirabilis,Enterobacterales,2025,2025-08-05T07:24:00Z,5 and over,M,FALSE,FALSE,FALSE,S,S,S,R,,S,,,,,,,S,S,,S,S,,S,,
2024/5039,MI01466/25,Wound swab,Staphylococcus aureus,Other,2025,2025-08-05T07:24:00Z,Under 5,M,FALSE,FALSE,FALSE,S,S,S,R,,S,,,S,,,,,,S,,,S,,R,
2014/2417,MI01468/25,Sputum,Klebsiella pneumoniae,Enterobacterales,2025,2025-08-05T00:00:00Z,5 and over,M,FALSE,FALSE,FALSE,S,S,S,S,,R,,,,,,,S,S,,S,S,S,R,,
2022/0307,MI01470/22,Sputum,Candida spp.,Fungi,2022,2022-05-31T00:00:00Z,5 and over,M,FALSE,FALSE,FALSE,,,,,,,,,,,,,,,,,,,,,
2025/2679,MI01470/25,Eye swab,Staphylococcus aureus,Other,2025,2025-08-05T00:00:00Z,5 and over,F,FALSE,FALSE,FALSE,S,S,S,R,,S,,,S,,,,,,S,,S,R,,R,
2020/4923,MI01471/20,Urine,Escherichia coli,Enterobacterales,2020,2020-12-08T00:00:00Z,5 and over,F,FALSE,FALSE,FALSE,R,S,S,R,,S,,,,,,,,S,,S,,,R,,
2025/2700,MI01484/25,High Vaginal swab,Aspergillus fumigatus,Fungi,2025,2025-08-05T00:00:00Z,5 and over,F,FALSE,FALSE,FALSE,,,,,,,,,,,,,,,,,,,,,
2016/1077,MI01486/21,Throat swab,Group A Streptococcus,Haemolytic Streptococcus,2021,2021-06-22T00:00:00Z,5 and over,M,FALSE,FALSE,FALSE,,,S,R,,,,,S,,,,,,S,,,,S,,
2023/1855,MI01486/23,Blood Culture,Streptococcus pneumoniae,Other,2023,2023-05-22T00:00:00Z,Under 5,M,FALSE,FALSE,FALSE,R,,S,R,,,,,R,,,R,,,S,,S,S,,S,
2024/2213,MI01486/24,Wound swab,Proteus mirabilis,Enterobacterales,2024,2024-06-24T15:24:00Z,5 and over,F,FALSE,FALSE,FALSE,R,,R,R,,R,,,,,,,S,S,,S,,S,S,,R
2020/4946,MI01490/20,Nose swab,Staphylococcus aureus,Other,2020,2020-12-10T00:00:00Z,5 and over,F,FALSE,FALSE,FALSE,,S,S,S,,S,,,S,,,,,,,,,,,R,S
2025/2415,MI01490/25,Urine,Candida spp.,Fungi,2025,2025-08-06T00:54:00Z,5 and over,M,FALSE,FALSE,FALSE,,,,,,,,,,,,,,,,,,,,,
2022/0926,MI01492/24,Urine,Klebsiella pneumoniae,Enterobacterales,2024,2024-06-25T00:00:00Z,5 and over,F,FALSE,FALSE,FALSE,R,S,,S,,S,,,,,,,S,S,,S,,S,R,,
1999/4373,MI01497/21,Ear swab,Pseudomonas aeruginosa,Non-fermentor,2021,2021-06-22T00:00:00Z,5 and over,F,FALSE,FALSE,FALSE,,S,,,,S,,,,,,,,S,,,,,,,
2018/2340,MI01498/25,Urine,Escherichia coli,Enterobacterales,2025,2025-08-06T12:29:00Z,5 and over,F,FALSE,FALSE,FALSE,R,R,,R,,,,,,,,,R,R,,R,R,R,R,,
2025/2695,MI01503/25,Urine,Coliform spp.,Enterobacterales,2025,2025-08-06T14:18:00Z,Under 5,F,TRUE,FALSE,TRUE,R,R,,R,S,R,,,,,,,R,R,,R,S,,R,,
2025/2718,MI01506/25,Ear swab,Staphylococcus aureus,Other,2025,2025-08-06T00:00:00Z,Under 5,M,FALSE,FALSE,FALSE,S,R,S,R,,R,,,S,,,,,,R,,S,,,,
2022/2290,MI01511/22,Urine,Candida spp.,Fungi,2022,2022-06-02T00:00:00Z,5 and over,F,FALSE,FALSE,FALSE,,,,,,,,,,,,,,,,,,,,,
2021/5244,MI01515/22,Urine,Klebsiella pneumoniae,Enterobacterales,2022,2022-06-03T00:00:00Z,5 and over,M,FALSE,FALSE,FALSE,S,S,,S,S,,,S,,,,,S,S,,S,S,S,R,,
2025/2739,MI01515/25,Sputum,Klebsiella pneumoniae,Enterobacterales,2025,2025-08-07T00:00:00Z,5 and over,F,FALSE,FALSE,FALSE,S,R,S,S,,R,,,,,,,S,S,,S,S,S,R,,
2022/2502,MI01517/22,Blood Culture,Micrococcus luteus,Other,2022,2022-06-03T00:00:00Z,Under 5,F,FALSE,FALSE,FALSE,,,,,,,,,,,,,,,,,,,,,
2023/2243,MI01517/23,Blood Culture,Staphylococcus aureus,Other,2023,2023-05-24T00:00:00Z,Under 5,F,FALSE,FALSE,FALSE,S,S,,S,,,,,S,,,,,,,,,,,R,
2022/3738,MI01520/23,Ear swab,Proteus mirabilis,Enterobacterales,2023,2023-05-24T00:00:00Z,Under 5,M,FALSE,FALSE,FALSE,S,S,S,R,,S,,,,,,,S,S,,S,S,S,S,,
2021/1253,MI01522/23,Blood Culture,Streptococcus pneumoniae,Other,2023,2023-05-24T00:00:00Z,5 and over,M,FALSE,FALSE,FALSE,R,,S,R,,,,,R,,,R,,,S,,S,S,,S,
2025/2751,MI01524/25,Wound swab,Staphylococcus aureus,Other,2025,2025-08-08T00:00:00Z,Under 5,M,FALSE,FALSE,FALSE,R,S,S,S,,S,,,,,,,,,,,,S,,R,
2018/2340,MI01527/25,Urine,Klebsiella pneumoniae,Enterobacterales,2025,2025-08-09T11:45:00Z,5 and over,F,FALSE,FALSE,FALSE,S,S,S,S,,S,,,,,,,S,S,,S,,,R,,
2022/2502,MI01532/22,Urine,Candida spp.,Fungi,2022,2022-06-04T00:00:00Z,Under 5,F,FALSE,FALSE,FALSE,,,,,,,,,,,,,,,,,,,,,
2020/5007,MI01535/20,Nose swab,Proteus spp.,Enterobacterales,2020,2020-12-15T00:00:00Z,5 and over,M,FALSE,FALSE,FALSE,R,S,S,R,,S,,,,,,,S,S,,S,,,S,,
2020/5007,MI01535/20,Nose swab,Pseudomonas spp.,Non-fermentor,2020,2020-12-15T00:00:00Z,5 and over,M,FALSE,FALSE,FALSE,,S,,,,S,,,,S,,,,S,,,,,,,
2024/1941,MI01535/25,Wound swab,Pseudomonas aeruginosa,Non-fermentor,2025,2025-08-11T12:22:00Z,5 and over,F,FALSE,FALSE,FALSE,,S,,,,S,,,,S,,,,S,,,,,,,
2022/2236,MI01538/22,Urine,Escherichia coli,Enterobacterales,2022,2022-06-04T00:00:00Z,5 and over,F,FALSE,FALSE,FALSE,R,S,S,S,S,S,,R,,,,,R,R,,R,S,S,R,,
1993/2463,MI01538/24,Urine,Pantoea spp.,Enterobacterales,2024,2024-07-01T00:00:00Z,5 and over,F,FALSE,FALSE,FALSE,R,R,S,R,,R,,,R,,,,R,R,,S,,S,R,,
2021/2166,MI01539/21,Urine,Escherichia coli,Enterobacterales,2021,2021-06-24T00:00:00Z,5 and over,F,FALSE,FALSE,FALSE,,,,,,,,,,,,,,,,,,,,,
2024/2351,MI01542/24,Sputum,Aspergillus fumigatus,Fungi,2024,2024-07-01T00:00:00Z,5 and over,F,FALSE,FALSE,FALSE,,,,,,,,,,,,,,,,,,,,,
2021/0677,MI01543/21,Wound swab,Aspergillus spp.,Fungi,2021,2021-06-24T00:00:00Z,Under 5,F,FALSE,FALSE,FALSE,,,,,,,,,,,,,,,,,,,,,
2020/3642,MI01544/22,Sputum,Acinetobacter baumannii,Non-fermentor,2022,2022-06-06T00:00:00Z,5 and over,F,FALSE,FALSE,FALSE,R,S,R,S,,S,,,,,,,R,S,,S,S,,R,,
2025/2573,MI01546/25,Urine,Coliform spp.,Enterobacterales,2025,2025-08-12T00:00:00Z,5 and over,M,FALSE,FALSE,FALSE,S,S,,S,R,S,,,,,,,S,S,,S,S,S,R,,
2021/1855,MI01549/21,Urine,Candida spp.,Fungi,2021,2021-06-25T00:00:00Z,5 and over,M,FALSE,FALSE,FALSE,,,,,,,,,,,,,,,,,,,,,
2008/4907,MI01549/25,Wound swab,Escherichia coli,Enterobacterales,2025,2025-08-12T18:48:00Z,5 and over,M,FALSE,FALSE,FALSE,S,S,S,S,,S,,,,,,,S,S,,S,S,S,S,,
2020/5045,MI01550/20,Ear swab,Pseudomonas spp.,Non-fermentor,2020,2020-12-16T00:00:00Z,5 and over,M,FALSE,FALSE,FALSE,,S,,,,S,,,,,,,,S,,,,,,,
2009/0531,MI01551/22,Throat swab,Streptococcus spp.,Other,2022,2022-06-06T00:00:00Z,5 and over,M,FALSE,FALSE,FALSE,S,,S,S,,,,,S,,,,,,S,,,,S,S,
2009/1670,MI01552/20,Ear swab,Coliform spp.,Enterobacterales,2020,2020-12-17T00:00:00Z,5 and over,F,FALSE,FALSE,FALSE,R,S,S,R,,S,,,,,,,S,S,,S,,,R,,
2025/1403,MI01552/25,Urine,Coliform spp.,Enterobacterales,2025,2025-08-13T00:00:00Z,5 and over,F,FALSE,FALSE,FALSE,S,S,,S,S,R,,,,,,,S,S,,S,S,,S,,
2020/5050,MI01554/20,Urine,Escherichia coli,Enterobacterales,2020,2020-12-17T00:00:00Z,5 and over,M,FALSE,FALSE,FALSE,R,S,R,R,,S,,,,,,,S,S,,S,,,R,,
2022/1440,MI01562/23,Urine,Escherichia coli,Enterobacterales,2023,2023-05-30T00:00:00Z,5 and over,F,FALSE,FALSE,FALSE,R,S,,S,S,S,,,,,,,S,S,,S,S,,R,,
2024/2345,MI01562/24,Ear swab,Aspergillus niger,Fungi,2024,2024-07-02T15:03:00Z,5 and over,M,FALSE,FALSE,FALSE,,,,,,,,,,,,,,,,,,,,,
2013/0762,MI01562/25,Blood Culture,Micrococcus spp.,Other,2025,2025-08-13T13:38:00Z,5 and over,M,FALSE,FALSE,FALSE,,,,,,,,,,,,,,,,,,,,,
2023/2349,MI01565/23,Urine,Escherichia coli,Enterobacterales,2023,2023-05-31T00:00:00Z,Under 5,F,FALSE,FALSE,FALSE,R,S,,R,S,S,,,,,,,S,S,,S,S,S,R,,
2022/2264,MI01566/22,Urine,Klebsiella pneumoniae,Enterobacterales,2022,2022-06-06T00:00:00Z,5 and over,F,FALSE,FALSE,FALSE,R,S,,S,S,R,,,,,,,S,S,,S,,,R,,
2022/0028,MI01574/22,Sputum,Pseudomonas aeruginosa,Non-fermentor,2022,2022-06-07T00:00:00Z,5 and over,F,FALSE,FALSE,FALSE,,,,,,S,,,,,,,,S,,,,,,,
2021/4332,MI01579/24,Urine,Escherichia coli,Enterobacterales,2024,2024-07-04T00:00:00Z,5 and over,F,FALSE,FALSE,FALSE,R,R,,S,S,S,,,,,,,S,S,,S,,S,R,,
2024/2471,MI01581/24,Urine,Escherichia coli,Enterobacterales,2024,2024-07-04T00:00:00Z,5 and over,F,FALSE,FALSE,FALSE,S,S,,R,S,R,,,,,,,R,R,,S,,S,R,,
2023/2285,MI01582/23,Urine,Acinetobacter baumannii,Non-fermentor,2023,2023-06-01T00:00:00Z,5 and over,F,FALSE,FALSE,FALSE,R,S,,R,,R,,,,,,,,S,,,S,S,,,
2018/6985,MI01585/24,Urine,Candida spp.,Fungi,2024,2024-07-04T15:54:00Z,5 and over,M,FALSE,FALSE,FALSE,,,,,,,,,,,,,,,,,,,,,
2024/1484,MI01586/24,Blood Culture,Klebsiella pneumoniae,Enterobacterales,2024,2024-07-04T15:54:00Z,5 and over,M,FALSE,FALSE,FALSE,S,S,S,S,,S,,,,,,,S,S,,S,,S,R,,
2024/1484,MI01587/24,Wound swab,Klebsiella pneumoniae,Enterobacterales,2024,2024-07-04T15:54:00Z,5 and over,M,FALSE,FALSE,FALSE,S,S,,S,,S,,,,,,,S,S,,S,,,R,,
2007/6876,MI01588/20,Urine,Enterococcus spp.,Other,2020,2020-12-22T00:00:00Z,5 and over,F,FALSE,FALSE,FALSE,,,S,R,,,,,,,,,,,S,,,,S,R,
2018/1884,MI01590/22,Wound swab,Pseudomonas aeruginosa,Non-fermentor,2022,2022-06-07T00:00:00Z,5 and over,F,FALSE,FALSE,FALSE,,S,,,,S,,,,S,,,,S,,,,,,,
2019/5474,MI01591/20,Wound swab,Staphylococcus aureus,Other,2020,2020-12-22T00:00:00Z,5 and over,M,FALSE,FALSE,FALSE,R,S,S,S,,S,,,S,,,,,,,,,,,R,
2024/4570,MI01593/25,Urine,Coliform spp.,Enterobacterales,2025,2025-08-18T10:27:00Z,5 and over,M,TRUE,FALSE,TRUE,R,R,,R,R,R,,,,,,,R,R,,R,S,,R,,
2022/2576,MI01596/22,Urine,Escherichia coli,Enterobacterales,2022,2022-06-07T00:00:00Z,5 and over,F,FALSE,FALSE,FALSE,S,S,,S,S,S,,,,,,,S,S,,S,,,S,,
2023/2079,MI01598/23,Ear swab,Candida spp.,Fungi,2023,2023-06-02T00:00:00Z,Under 5,F,FALSE,FALSE,FALSE,,,,,,,,,,,,,,,,,,,,,
2022/5135,MI01599/24,Blood Culture,Staphylococcus aureus,Other,2024,2024-07-05T12:04:00Z,5 and over,M,FALSE,FALSE,FALSE,R,R,S,S,,R,,,R,R,,,,,,,,S,,R,
2025/1499,MI01600/25,Pus aspirate,Salmonella spp.,Enterobacterales,2025,2025-08-18T13:54:00Z,5 and over,M,FALSE,FALSE,FALSE,S,S,S,S,,S,,,,,,,S,S,,S,S,S,S,,
2020/5013,MI01604/23,Urine,Candida spp.,Fungi,2023,2023-06-03T00:00:00Z,5 and over,M,FALSE,FALSE,FALSE,,,,,,,,,,,,,,,,,,,,,
2020/5148,MI01605/20,Urine,Escherichia coli,Enterobacterales,2020,2020-12-23T00:00:00Z,5 and over,M,FALSE,FALSE,FALSE,S,S,S,S,S,S,,,,,,,S,S,,S,,,S,,
2020/4896,MI01607/20,Wound swab,Serratia marcescens,Enterobacterales,2020,2020-12-24T00:00:00Z,5 and over,F,FALSE,FALSE,FALSE,S,S,S,R,,S,,,,,,,S,S,,R,,,R,,
2025/1774,MI01607/25,Sputum,Candida spp.,Fungi,2025,2025-08-19T00:00:00Z,5 and over,F,FALSE,FALSE,FALSE,,,,,,,,,,,,,,,,,,,,,
2023/2416,MI01608/23,Urine,Klebsiella pneumoniae,Enterobacterales,2023,2023-06-05T00:00:00Z,5 and over,M,FALSE,FALSE,FALSE,R,R,,R,R,R,,,,,,,S,S,,R,S,S,R,,
2019/5762,MI01611/20,Blood Culture,Micrococcus spp.,Other,2020,2020-12-28T00:00:00Z,5 and over,F,FALSE,FALSE,FALSE,,,,,,,,,,,,,,,,,,,,,
2020/5186,MI01616/20,Urine,Candida spp.,Fungi,2020,2020-12-28T00:00:00Z,5 and over,F,FALSE,FALSE,FALSE,,,,,,,,,,,,,,,,,,,,,
2015/1494,MI01620/23,Blood Culture,Micrococcus spp.,Other,2023,2023-06-06T00:00:00Z,5 and over,M,FALSE,FALSE,FALSE,,,,,,,,,,,,,,,,,,,,,
2018/0851,MI01624/20,Blood Culture,Salmonella spp.,Enterobacterales,2020,2020-12-29T00:00:00Z,5 and over,F,FALSE,FALSE,FALSE,S,S,S,S,,S,,,,,,,S,S,,S,,,S,,
2022/4010,MI01624/25,Wound swab,Staphylococcus aureus,Other,2025,2025-08-20T00:00:00Z,5 and over,M,FALSE,FALSE,FALSE,R,S,S,R,,S,,,S,,,,,,,,,,,R,
2024/1441,MI01628/24,Blood Culture,Klebsiella pneumoniae,Enterobacterales,2024,2024-07-09T12:09:00Z,5 and over,M,FALSE,FALSE,FALSE,R,S,R,R,,R,,,,,,,R,R,,R,,S,R,,
2020/5213,MI01632/20,Blood Culture,Micrococcus spp.,Other,2020,2020-12-29T00:00:00Z,Under 5,F,FALSE,FALSE,FALSE,,,,,,,,,,,,,,,,,,,,,
2005/4855,MI01636/25,Ear swab,Pseudomonas aeruginosa,Non-fermentor,2025,2025-08-22T00:00:00Z,5 and over,M,FALSE,FALSE,FALSE,,S,,,,S,,,,R,,,,S,,,,,,,
2010/6444,MI01638/22,Urine,Escherichia coli,Enterobacterales,2022,2022-06-10T00:00:00Z,5 and over,F,FALSE,FALSE,FALSE,R,S,S,S,S,S,,,,,,,S,S,,S,S,S,R,,
2008/5058,MI01644/21,Urine,Coliform spp.,Enterobacterales,2021,2021-07-02T00:00:00Z,5 and over,M,FALSE,FALSE,FALSE,S,S,R,S,,S,,,,,,,R,S,,S,,,R,,
2022/2538,MI01646/22,High Vaginal swab,Candida spp.,Fungi,2022,2022-06-14T00:00:00Z,5 and over,F,FALSE,FALSE,FALSE,,,,,,,,,,,,,,,,,,,,,
2020/3673,MI01648/20,CSF,Cryptococcus neoformans,Fungi,2020,2020-12-31T00:00:00Z,5 and over,M,FALSE,FALSE,FALSE,,,,,,,,,,,,,,,,,,,,,
2025/2528,MI01651/25,Sputum,Candida spp.,Fungi,2025,2025-08-25T00:00:00Z,5 and over,F,FALSE,FALSE,FALSE,,,,,,,,,,,,,,,,,,,,,
2022/1787,MI01653/22,Sputum,Candida spp.,Fungi,2022,2022-06-14T00:00:00Z,5 and over,M,FALSE,FALSE,FALSE,,,,,,,,,,,,,,,,,,,,,
2008/5058,MI01655/21,Sputum,Candida spp.,Fungi,2021,2021-07-05T00:00:00Z,5 and over,M,FALSE,FALSE,FALSE,,,,,,,,,,,,,,,,,,,,,
2021/2956,MI01656/22,Blood Culture,Moraxella osloensis,Non-fermentor,2022,2022-06-14T00:00:00Z,5 and over,M,FALSE,FALSE,FALSE,R,,S,S,,R,S,,,,,,S,S,,,,S,R,R,
2021/2343,MI01658/21,Sputum,Candida spp.,Fungi,2021,2021-07-05T00:00:00Z,5 and over,M,FALSE,FALSE,FALSE,,,,,,,,,,,,,,,,,,,,,
2021/3331,MI01658/22,Blood Culture,Escherichia coli,Enterobacterales,2022,2022-06-14T00:00:00Z,5 and over,F,FALSE,FALSE,FALSE,R,S,S,R,,S,,,,,,,S,S,,S,S,S,R,,
2021/3331,MI01659/22,Urine,Escherichia coli,Enterobacterales,2022,2022-06-14T00:00:00Z,5 and over,F,FALSE,FALSE,FALSE,R,S,,R,S,S,,,,,,,S,S,,S,S,S,R,,
2025/1556,MI01661/25,Urine,Candida spp.,Fungi,2025,2025-08-26T07:11:00Z,5 and over,F,FALSE,FALSE,FALSE,,,,,,,,,,,,,,,,,,,,,
2001/9693,MI01662/25,Urine,Klebsiella pneumoniae,Enterobacterales,2025,2025-08-26T08:01:00Z,5 and over,M,FALSE,FALSE,FALSE,R,R,,R,S,S,,,,,,,R,S,,R,S,S,R,,
2025/2924,MI01666/25,Urine,Coliform spp.,Enterobacterales,2025,2025-08-26T00:00:00Z,5 and over,F,FALSE,FALSE,FALSE,R,R,,R,R,R,,,,,,,R,R,,R,S,S,R,,
2025/2866,MI01673/25,Sputum,Coliform spp.,Enterobacterales,2025,2025-08-26T00:00:00Z,5 and over,F,FALSE,FALSE,FALSE,R,S,R,S,,S,,,,,,,R,R,,R,S,S,R,,
2021/2390,MI01676/21,Urine,Escherichia coli,Enterobacterales,2021,2021-07-06T00:00:00Z,5 and over,F,TRUE,FALSE,TRUE,R,S,S,R,,R,,,,,,,R,S,,S,,,R,,
2023/2588,MI01680/23,Urine,Klebsiella spp.,Enterobacterales,2023,2023-06-13T00:00:00Z,5 and over,F,TRUE,FALSE,TRUE,R,R,,R,,R,,,,,,,R,R,,R,R,R,R,,
2007/7375,MI01689/22,Blood Culture,Escherichia coli,Enterobacterales,2022,2022-06-15T00:00:00Z,5 and over,M,FALSE,FALSE,FALSE,S,,S,S,,R,,,,,,,S,S,,S,,,R,,
2022/4290,MI01693/23,Urine,Escherichia coli,Enterobacterales,2023,2023-06-14T00:00:00Z,5 and over,F,FALSE,FALSE,FALSE,R,S,,R,S,S,,,,,,,S,S,,S,S,S,R,,
2022/2728,MI01694/22,Wound swab,Staphylococcus aureus,Other,2022,2022-06-16T00:00:00Z,5 and over,F,FALSE,FALSE,FALSE,S,S,S,S,,S,,,S,,,,,,,,,,,R,
2011/1583,MI01694/24,Urine,Escherichia coli,Enterobacterales,2024,2024-07-11T20:44:00Z,5 and over,F,FALSE,FALSE,FALSE,S,S,,S,,S,,,,,,,S,S,,S,,S,R,,
2025/3057,MI01694/25,Wound swab,Staphylococcus aureus,Other,2025,2025-08-28T00:00:00Z,5 and over,M,FALSE,FALSE,FALSE,S,S,,S,,S,,,R,,,,,,,,,,,R,
2025/3057,MI01694/25,Wound swab,Group A Streptococcus,Haemolytic Streptococcus,2025,2025-08-28T00:00:00Z,5 and over,M,FALSE,FALSE,FALSE,R,,S,R,,,,,S,,,S,,,S,,,,,S,
2015/5715,MI01696/25,Sputum,Coliform spp.,Enterobacterales,2025,2025-08-28T00:00:00Z,5 and over,F,FALSE,FALSE,FALSE,S,S,,R,,S,,,,,,,S,,,R,S,S,R,,
2021/2426,MI01698/21,Blood Culture,Streptococcus pneumoniae,Other,2021,2021-07-08T00:00:00Z,Under 5,M,FALSE,FALSE,FALSE,R,,S,,,S,,,S,,,S,,,S,,,,,S,
2019/3209,MI01707/21,Blood Culture,Micrococcus spp.,Other,2021,2021-07-08T00:00:00Z,5 and over,M,FALSE,FALSE,FALSE,,,,,,,,,,,,,,,,,,,,,
2012/0752,MI01709/21,Sputum,Group A Streptococcus,Haemolytic Streptococcus,2021,2021-07-09T00:00:00Z,5 and over,M,FALSE,FALSE,FALSE,,,S,R,,,,,S,,,,,,S,,,,,S,
2021/2445,MI01714/21,Sputum,Klebsiella pneumoniae,Enterobacterales,2021,2021-07-09T00:00:00Z,5 and over,F,FALSE,FALSE,FALSE,S,S,S,S,,S,,,,,,,S,S,,S,,,R,R,
2021/2445,MI01714/21,Sputum,Candida spp.,Fungi,2021,2021-07-09T00:00:00Z,5 and over,F,FALSE,FALSE,FALSE,,,,,,,,,,,,,,,,,,,,,
2022/2725,MI01718/22,Urine,Klebsiella pneumoniae,Enterobacterales,2022,2022-06-16T00:00:00Z,5 and over,M,FALSE,FALSE,FALSE,R,S,,S,,S,,S,,,,,S,S,,S,S,S,R,,
2023/2676,MI01718/23,Urine,Escherichia coli,Enterobacterales,2023,2023-06-16T00:00:00Z,5 and over,M,FALSE,FALSE,FALSE,R,R,,R,S,R,,,,,,,S,S,,S,S,S,R,,
2024/2642,MI01718/24,High Vaginal swab,Candida spp.,Fungi,2024,2024-07-15T00:00:00Z,5 and over,F,FALSE,FALSE,FALSE,,,,,,,,,,,,,,,,,,,,,
2009/0832,MI01722/21,High Vaginal swab,Candida spp.,Fungi,2021,2021-07-09T00:00:00Z,5 and over,F,FALSE,FALSE,FALSE,,,,,,,,,,,,,,,,,,,,,
2011/4302,MI01727/22,Blood Culture,Staphylococcus aureus,Other,2022,2022-06-17T00:00:00Z,5 and over,F,FALSE,FALSE,FALSE,R,S,S,S,,S,,,S,,,R,,,,,,,,R,
2025/2415,MI01728/25,Blood Culture,Escherichia coli,Enterobacterales,2025,2025-09-01T14:05:00Z,5 and over,M,TRUE,FALSE,TRUE,R,S,S,R,,R,,,,,,,R,R,,S,S,S,R,,
2021/2377,MI01729/21,Stool,Salmonella spp.,Enterobacterales,2021,2021-07-10T00:00:00Z,5 and over,M,FALSE,FALSE,FALSE,,,,,,,,,,,,,,,,,,,,,
2021/2462,MI01731/21,Urine,Escherichia coli,Enterobacterales,2021,2021-07-11T00:00:00Z,Under 5,F,FALSE,FALSE,FALSE,R,S,,R,S,S,,,,,,,S,S,,S,,,R,,
2021/2468,MI01734/21,Urine,Klebsiella pneumoniae,Enterobacterales,2021,2021-07-12T00:00:00Z,5 and over,F,FALSE,FALSE,FALSE,R,S,,R,S,R,,S,,,,,,S,,S,,,R,,
2022/2770,MI01737/22,Blood Culture,Staphylococcus aureus,Other,2022,2022-06-17T00:00:00Z,Under 5,M,FALSE,FALSE,FALSE,S,S,S,S,,S,,,S,,,,,,,,,,,R,S
2025/3110,MI01740/25,Urethral swab,Candida spp.,Fungi,2025,2025-09-02T00:00:00Z,5 and over,F,FALSE,FALSE,FALSE,,,,,,,,,,,,,,,,,,,,,
2025/2415,MI01741/25,Urine,Escherichia coli,Enterobacterales,2025,2025-09-02T13:32:00Z,5 and over,M,FALSE,FALSE,FALSE,R,S,,R,S,R,,,,,,,R,R,,R,S,S,R,,
2023/2588,MI01744/23,Urine,Klebsiella pneumoniae,Enterobacterales,2023,2023-06-20T00:00:00Z,5 and over,F,FALSE,FALSE,FALSE,R,R,,R,R,R,,,,,,,R,R,,R,S,S,R,,
2019/1280,MI01752/22,Blood Culture,Haemophilus influenzae,Other,2022,2022-06-20T00:00:00Z,Under 5,F,FALSE,FALSE,FALSE,R,,S,S,,S,,,,,,,S,S,,S,,S,S,,
2025/3087,MI01752/25,Sputum,Candida spp.,Fungi,2025,2025-09-03T00:00:00Z,5 and over,M,FALSE,FALSE,FALSE,,,,,,,,,,,,,,,,,,,,,
2007/7375,MI01758/22,Urine,Escherichia coli,Enterobacterales,2022,2022-06-20T00:00:00Z,5 and over,M,FALSE,FALSE,FALSE,R,R,,R,S,R,,,,,,,R,R,,S,,,R,,
2025/3027,MI01762/25,Sputum,Coliform spp.,Enterobacterales,2025,2025-09-03T00:00:00Z,5 and over,F,FALSE,FALSE,FALSE,R,R,R,R,,S,,,,,,,R,R,,R,S,R,R,,
1998/5802,MI01764/25,Urine,Coliform spp.,Enterobacterales,2025,2025-09-04T00:00:00Z,5 and over,F,FALSE,FALSE,FALSE,R,S,,S,S,S,,,,,,,S,S,,R,S,S,R,,
2013/2272,MI01766/25,Urine,Coliform spp.,Enterobacterales,2025,2025-09-04T00:00:00Z,5 and over,F,TRUE,FALSE,TRUE,R,R,,R,S,R,,,,,,,R,R,,R,S,S,R,,
2024/2738,MI01767/24,Sputum,Klebsiella pneumoniae,Enterobacterales,2024,2024-07-19T14:30:00Z,5 and over,F,FALSE,FALSE,FALSE,S,S,S,R,,S,,,,,,,S,S,,S,,S,R,,
2023/0385,MI01768/23,Blood Culture,Micrococcus spp.,Other,2023,2023-06-22T00:00:00Z,5 and over,F,FALSE,FALSE,FALSE,,,,,,,,,,,,,,,,,,,,,
2021/2563,MI01770/21,Blood Culture,Streptococcus pneumoniae,Other,2021,2021-07-14T00:00:00Z,Under 5,M,FALSE,FALSE,FALSE,R,,S,S,,,,,S,,,S,,,S,S,,,S,,
2017/1460,MI01775/21,Ear swab,Pseudomonas aeruginosa,Non-fermentor,2021,2021-07-14T00:00:00Z,5 and over,M,FALSE,FALSE,FALSE,,S,,,,S,,,,,,,,S,,,,,,,
2023/2784,MI01778/23,Blood Culture,Micrococcus spp.,Other,2023,2023-06-23T00:00:00Z,5 and over,F,FALSE,FALSE,FALSE,,,,,,,,,,,,,,,,,,,,,
2025/3168,MI01779/25,Wound swab,Staphylococcus aureus,Other,2025,2025-09-07T10:51:00Z,Under 5,F,FALSE,FALSE,FALSE,S,S,S,S,R,S,,,S,,,,,,,,,,,R,
2021/2568,MI01780/21,Urine,Escherichia coli,Enterobacterales,2021,2021-07-14T00:00:00Z,5 and over,F,FALSE,FALSE,FALSE,R,S,R,S,S,S,,,,,,,S,S,,S,,,R,,
2022/2619,MI01781/22,Urine,Candida spp.,Fungi,2022,2022-06-21T00:00:00Z,Under 5,M,FALSE,FALSE,FALSE,,,,,,,,,,,,,,,,,,,,,
2023/0385,MI01784/23,Blood Culture,Citrobacter youngae,Enterobacterales,2023,2023-06-24T00:00:00Z,5 and over,F,FALSE,FALSE,FALSE,S,S,S,R,,S,,,,,,,S,S,,S,S,S,R,,
2021/2289,MI01791/21,Sputum,Klebsiella pneumoniae,Enterobacterales,2021,2021-07-15T00:00:00Z,5 and over,F,FALSE,FALSE,FALSE,S,S,S,S,,S,,,,,,,S,S,,S,,,R,,
2022/6078,MI01794/23,Urine,Salmonella spp.,Enterobacterales,2023,2023-06-26T00:00:00Z,5 and over,M,FALSE,FALSE,FALSE,S,S,,,S,S,,,,,,,S,S,,S,S,S,R,,
2024/2046,MI01794/24,Blood Culture,Candida spp.,Fungi,2024,2024-07-22T18:36:00Z,5 and over,M,FALSE,FALSE,FALSE,,,,,,,,,,,,,,,,,,,,,
2025/3127,MI01794/25,Urine,Coliform spp.,Enterobacterales,2025,2025-09-08T15:39:00Z,5 and over,F,FALSE,FALSE,FALSE,R,R,,S,R,R,,,,,,,R,R,,R,S,S,R,,
2023/2709,MI01797/23,Blood Culture,Vibrio fluvialis,Other,2023,2023-06-26T00:00:00Z,5 and over,F,FALSE,FALSE,FALSE,S,S,S,S,,S,,,,,,,S,S,,S,S,S,R,,
2023/2709,MI01798/23,Urine,Acinetobacter nosocomialis,Non-fermentor,2023,2023-06-26T00:00:00Z,5 and over,F,FALSE,FALSE,FALSE,S,S,,S,,,,,,,,,R,S,,,S,S,,,
2022/1883,MI01804/22,Blood Culture,Raoultella ornithinolytica,Enterobacterales,2022,2022-06-22T00:00:00Z,5 and over,M,FALSE,FALSE,FALSE,S,S,S,S,S,S,,S,,,,,S,S,,S,S,S,R,,
2024/2815,MI01806/24,Sputum,Klebsiella oxytoca,Enterobacterales,2024,2024-07-24T00:00:00Z,5 and over,F,FALSE,FALSE,FALSE,,S,S,,,S,,,,,,,S,S,,S,,S,R,,
2023/1183,MI01814/24,Sputum,Candida spp.,Fungi,2024,2024-07-24T14:17:00Z,5 and over,F,FALSE,FALSE,FALSE,,,,,,,,,,,,,,,,,,,,,
2023/0352,MI01819/23,Blood Culture,Staphylococcus aureus,Other,2023,2023-06-30T00:00:00Z,5 and over,F,FALSE,FALSE,FALSE,S,S,S,S,,S,,,S,,,,,,,,,,,R,
2024/2878,MI01819/24,Urine,Escherichia coli,Enterobacterales,2024,2024-07-25T00:00:00Z,5 and over,F,FALSE,FALSE,FALSE,R,,S,R,,S,,,,,,,R,S,,S,,S,R,,
1996/3216,MI01821/22,Urine,Escherichia coli,Enterobacterales,2022,2022-06-23T00:00:00Z,5 and over,F,FALSE,FALSE,FALSE,S,S,,R,S,S,,S,,,,,S,S,,S,S,S,S,,
2023/2871,MI01823/23,Blood Culture,Staphylococcus aureus,Other,2023,2023-06-30T00:00:00Z,5 and over,F,FALSE,FALSE,FALSE,R,S,S,S,,S,,,R,,,,,,,,,,,R,
2021/2639,MI01826/21,Blood Culture,Salmonella spp.,Enterobacterales,2021,2021-07-21T00:00:00Z,5 and over,M,FALSE,FALSE,FALSE,S,S,S,S,,S,,,,,,,S,S,,S,,,S,,
2021/2640,MI01827/21,Blood Culture,Staphylococcus aureus,Other,2021,2021-07-21T00:00:00Z,Under 5,M,FALSE,FALSE,FALSE,R,S,,R,,S,,,R,,,,,,,,,,,R,
2024/2882,MI01827/24,Blood Culture,Klebsiella pneumoniae,Enterobacterales,2024,2024-07-26T12:24:00Z,5 and over,F,FALSE,FALSE,FALSE,R,,S,S,,S,,,,,,,S,S,,S,,S,R,,
2022/5135,MI01831/24,Blood Culture,Escherichia coli,Enterobacterales,2024,2024-07-28T16:42:00Z,5 and over,M,FALSE,FALSE,FALSE,R,S,R,R,,R,,,,,,,R,R,,R,,R,R,,
2022/2897,MI01835/22,Stool,Salmonella spp.,Enterobacterales,2022,2022-06-23T00:00:00Z,Under 5,M,FALSE,FALSE,FALSE,S,S,S,S,,S,,,,,,,S,S,,S,,,S,,
2010/6444,MI01837/22,High Vaginal swab,Candida spp.,Fungi,2022,2022-06-24T00:00:00Z,5 and over,F,FALSE,FALSE,FALSE,,,,,,,,,,,,,,,,,,,,,
2022/2619,MI01839/22,Blood Culture,Klebsiella pneumoniae,Enterobacterales,2022,2022-06-24T00:00:00Z,Under 5,M,TRUE,FALSE,TRUE,R,R,R,S,,S,,R,,,,,R,R,,S,,,R,,
2025/1260,MI01839/25,Blood Culture,Salmonella spp.,Enterobacterales,2025,2025-09-12T11:14:00Z,5 and over,M,FALSE,FALSE,FALSE,S,S,S,S,,S,,,,,,,S,S,,S,S,S,S,,
2025/3272,MI01840/25,Sputum,Pseudomonas aeruginosa,Non-fermentor,2025,2025-09-12T00:00:00Z,5 and over,F,FALSE,FALSE,FALSE,,S,,,,S,,,,R,,,,S,,,,,,,
2024/2899,MI01844/24,Urine,Escherichia coli,Enterobacterales,2024,2024-07-29T00:00:00Z,5 and over,F,FALSE,FALSE,FALSE,R,S,R,R,,S,,,,,,,S,S,,R,,S,R,,
2022/2290,MI01845/22,Blood Culture,Corynebacterium spp.,Other,2022,2022-06-26T00:00:00Z,5 and over,F,FALSE,FALSE,FALSE,,,,,,,,,,,,,,,,,,,,,
2021/4024,MI01845/24,High Vaginal swab,Candida spp.,Fungi,2024,2024-07-29T00:00:00Z,5 and over,F,FALSE,FALSE,FALSE,,,,,,,,,,,,,,,,,,,,,
2015/0661,MI01848/25,Urine,Candida spp.,Fungi,2025,2025-09-14T20:03:00Z,5 and over,M,FALSE,FALSE,FALSE,,,,,,,,,,,,,,,,,,,,,
2023/2782,MI01852/23,Urine,Pseudomonas aeruginosa,Non-fermentor,2023,2023-07-04T00:00:00Z,5 and over,F,FALSE,FALSE,FALSE,,S,,,,S,,,,S,,,,S,,,S,S,,,
2024/2801,MI01854/24,Sputum,Klebsiella pneumoniae,Enterobacterales,2024,2024-07-30T00:00:00Z,5 and over,F,FALSE,FALSE,FALSE,S,S,S,S,,S,,,,,,,S,S,,S,,S,R,,
2023/2312,MI01858/25,Sputum,Coliform spp.,Enterobacterales,2025,2025-09-15T00:00:00Z,5 and over,M,FALSE,FALSE,FALSE,R,S,R,R,,S,,,,,,,S,S,,R,S,S,R,,
2020/1627,MI01862/22,Ear swab,Aspergillus fumigatus,Fungi,2022,2022-06-27T00:00:00Z,Under 5,M,FALSE,FALSE,FALSE,,,,,,,,,,,,,,,,,,,,,
2024/2924,MI01863/24,Blood Culture,Salmonella Enteritidis,Enterobacterales,2024,2024-07-30T14:00:00Z,5 and over,M,FALSE,FALSE,FALSE,S,S,S,S,,S,,,,,,,S,S,,S,,S,S,,
2024/2882,MI01865/24,Urine,Candida spp.,Fungi,2024,2024-07-30T14:56:00Z,5 and over,F,FALSE,FALSE,FALSE,,,,,,,,,,,,,,,,,,,,,
2022/2946,MI01866/22,Blood Culture,Staphylococcus aureus,Other,2022,2022-06-27T00:00:00Z,5 and over,M,FALSE,FALSE,FALSE,S,S,S,S,,S,,,S,,,,,,,,,,,,
2023/2892,MI01867/23,Ear swab,Escherichia coli,Enterobacterales,2023,2023-07-05T00:00:00Z,Under 5,M,TRUE,FALSE,TRUE,R,R,,,S,,,,,,,,R,R,,S,S,S,R,,
2024/2924,MI01868/24,Blood Culture,Salmonella spp.,Enterobacterales,2024,2024-07-30T16:27:00Z,5 and over,M,FALSE,FALSE,FALSE,S,S,S,S,,S,,,,,,,S,S,,S,,S,S,,
2023/1184,MI01868/25,Stool,Shigella sonnei,Enterobacterales,2025,2025-09-16T00:00:00Z,Under 5,F,FALSE,FALSE,FALSE,R,S,S,R,,S,S,,,,,,S,S,,S,S,S,S,,
2024/2877,MI01871/24,Sputum,Klebsiella pneumoniae,Enterobacterales,2024,2024-07-31T08:44:00Z,5 and over,M,FALSE,FALSE,FALSE,S,S,S,S,,S,,,,,,,S,S,,S,,S,R,,
2025/3299,MI01875/25,Blood Culture,Salmonella Typhi,Enterobacterales,2025,2025-09-16T14:20:00Z,5 and over,F,FALSE,FALSE,FALSE,S,S,S,S,,S,S,,,,,,S,S,,S,S,S,S,,
2021/2681,MI01876/21,CSF,Streptococcus pneumoniae,Other,2021,2021-07-25T00:00:00Z,Under 5,M,FALSE,FALSE,FALSE,R,,,R,,S,,,S,,,R,,,S,,,,,R,
2013/0911,MI01879/21,Urine,Escherichia coli,Enterobacterales,2021,2021-07-26T00:00:00Z,5 and over,M,FALSE,FALSE,FALSE,S,,,R,,R,,,,,,,S,S,,S,,,S,,
2025/3341,MI01879/25,Sputum,Coliform spp.,Enterobacterales,2025,2025-09-17T00:00:00Z,5 and over,M,FALSE,FALSE,FALSE,S,S,S,S,,S,,,,,,,S,S,,S,S,S,R,,
2024/2966,MI01880/24,Urine,Klebsiella pneumoniae,Enterobacterales,2024,2024-08-01T10:43:00Z,5 and over,F,FALSE,FALSE,FALSE,S,S,,S,,S,,,,,,,S,S,,S,,S,R,,
2021/2693,MI01881/21,Urine,Escherichia coli,Enterobacterales,2021,2021-07-26T00:00:00Z,5 and over,F,FALSE,FALSE,FALSE,R,S,,R,,S,,,,,,,S,S,,S,,,R,,
2023/3548,MI01883/24,Sputum,Pseudomonas aeruginosa,Non-fermentor,2024,2024-07-22T00:00:00Z,5 and over,M,FALSE,FALSE,FALSE,,R,,,,S,,,,R,,,,S,,,,S,,,
2019/0762,MI01887/22,Low Vaginal swab,Candida spp.,Fungi,2022,2022-06-29T00:00:00Z,5 and over,F,FALSE,FALSE,FALSE,,,,,,,,,,,,,,,,,,,,,
2004/8508,MI01890/23,Sputum,Haemophilus influenzae,Other,2023,2023-07-06T00:00:00Z,5 and over,M,FALSE,FALSE,FALSE,R,,S,S,,S,,,,,,,,S,,S,S,S,S,,
2022/2873,MI01893/22,Wound swab,Staphylococcus aureus,Other,2022,2022-06-29T00:00:00Z,5 and over,F,FALSE,FALSE,FALSE,S,S,S,S,,S,,,S,,,,,,,,,,,R,
2025/2817,MI01893/25,Blood Culture,Klebsiella pneumoniae,Enterobacterales,2025,2025-09-17T15:55:00Z,5 and over,F,FALSE,FALSE,FALSE,R,R,S,R,,R,S,,,,,,S,S,,R,S,S,R,,
2025/2817,MI01894/25,Urine,Coliform spp.,Enterobacterales,2025,2025-09-17T16:22:00Z,5 and over,F,FALSE,FALSE,FALSE,R,R,S,R,R,R,,,,,,,S,S,,R,S,S,R,,
2015/4315,MI01898/22,Throat swab,Staphylococcus aureus,Other,2022,2022-06-29T00:00:00Z,5 and over,F,FALSE,FALSE,FALSE,S,S,S,S,,S,,,S,,,,,,,,,,,R,
2022/3021,MI01900/22,Wound swab,Staphylococcus aureus,Other,2022,2022-06-29T00:00:00Z,Under 5,M,FALSE,FALSE,FALSE,S,S,S,S,,S,,,R,,,,,,,,,,,R,
2022/3029,MI01902/22,Blood Culture,Staphylococcus aureus,Other,2022,2022-06-30T00:00:00Z,5 and over,M,FALSE,FALSE,FALSE,S,S,S,S,,S,,,S,,,,,,,,,,,S,
2023/2310,MI01908/23,Sputum,Pseudomonas aeruginosa,Non-fermentor,2023,2023-07-10T00:00:00Z,5 and over,F,FALSE,FALSE,FALSE,S,S,,,,S,,,,,,,S,S,,S,S,S,,,
2025/3337,MI01909/25,Wound swab,Staphylococcus aureus,Other,2025,2025-09-18T13:10:00Z,5 and over,F,FALSE,FALSE,FALSE,S,S,S,S,,S,,,S,,,,,,,,,,,R,
2022/3055,MI01914/22,Sputum,Klebsiella pneumoniae,Enterobacterales,2022,2022-06-30T00:00:00Z,5 and over,M,FALSE,FALSE,FALSE,S,S,S,S,,S,,,,,,,S,S,,S,S,S,R,,
2022/5197,MI01914/25,Sputum,Candida spp.,Fungi,2025,2025-09-18T00:00:00Z,5 and over,M,FALSE,FALSE,FALSE,,,,,,,,,,,,,,,,,,,,,
2024/2996,MI01916/24,Blood Culture,Group B Streptococcus,Haemolytic Streptococcus,2024,2024-08-05T14:41:00Z,Under 5,M,FALSE,FALSE,FALSE,R,,S,R,,,,,S,,,,,,S,,,,,S,
2024/2999,MI01919/24,Sputum,Pseudomonas aeruginosa,Non-fermentor,2024,2024-08-05T17:30:00Z,5 and over,M,FALSE,FALSE,FALSE,,S,,,,S,,,,S,,,,S,,,,,,,
2024/2999,MI01919/24,Sputum,Candida spp.,Fungi,2024,2024-08-05T17:30:00Z,5 and over,M,FALSE,FALSE,FALSE,,,,,,,,,,,,,,,,,,,,,
2025/0697,MI01919/25,Urine,Coliform spp.,Enterobacterales,2025,2025-09-19T17:01:00Z,5 and over,F,FALSE,FALSE,FALSE,R,R,,R,R,R,,,,,,,R,R,,R,R,R,R,,
2021/5479,MI01925/24,Sputum,Klebsiella pneumoniae,Enterobacterales,2024,2024-08-06T00:00:00Z,5 and over,M,FALSE,FALSE,FALSE,,S,S,S,,S,,,,,,,S,S,,S,,S,R,,
2025/0176,MI01931/25,Urine,Pseudomonas aeruginosa,Non-fermentor,2025,2025-09-22T00:00:00Z,Under 5,F,FALSE,FALSE,FALSE,,S,,,,S,,,,R,,,,S,,,,,,,
1998/0952,MI01932/23,Wound swab,Staphylococcus aureus,Other,2023,2023-07-11T00:00:00Z,5 and over,M,FALSE,FALSE,FALSE,S,S,S,S,,R,,,R,,,,,,,,,,,R,
2022/5135,MI01934/24,Wound swab,Escherichia coli,Enterobacterales,2024,2024-08-07T09:53:00Z,5 and over,M,FALSE,FALSE,FALSE,R,R,R,R,,R,,,,,,,R,R,,S,,S,R,,
2024/3047,MI01938/24,Urine,Escherichia coli,Enterobacterales,2024,2024-08-07T00:00:00Z,5 and over,F,TRUE,FALSE,TRUE,R,S,,R,,S,,,,,,,R,R,,S,,S,R,,
2024/3060,MI01939/24,Sputum,Candida spp.,Fungi,2024,2024-08-07T00:00:00Z,5 and over,F,FALSE,FALSE,FALSE,,,,,,,,,,,,,,,,,,,,,
2021/2759,MI01940/21,Sputum,Klebsiella pneumoniae,Enterobacterales,2021,2021-07-28T00:00:00Z,5 and over,M,FALSE,FALSE,FALSE,S,S,S,S,,S,,,,,,,S,S,,S,,,R,,
2024/2792,MI01943/24,Sputum,Pseudomonas aeruginosa,Non-fermentor,2024,2024-08-08T09:42:00Z,5 and over,M,FALSE,FALSE,FALSE,,S,,,,S,,,,S,,,,S,,,,S,,,
2025/3418,MI01944/25,Sputum,Klebsiella pneumoniae,Enterobacterales,2025,2025-09-22T00:00:00Z,5 and over,F,FALSE,FALSE,FALSE,S,S,S,S,,S,,,,,,,S,S,,S,S,S,R,,
2023/2346,MI01945/23,High Vaginal swab,Candida spp.,Fungi,2023,2023-07-12T00:00:00Z,5 and over,F,FALSE,FALSE,FALSE,,,,,,,,,,,,,,,,,,,,,
2024/2858,MI01946/24,Sputum,Pseudomonas aeruginosa,Non-fermentor,2024,2024-08-08T00:00:00Z,5 and over,F,FALSE,FALSE,FALSE,,R,,,,S,,,,R,,,,S,,,,,,,
2013/4758,MI01947/23,Urine,Escherichia coli,Enterobacterales,2023,2023-07-12T00:00:00Z,5 and over,F,FALSE,FALSE,FALSE,R,S,,R,S,R,,,,,,,S,S,,S,S,S,R,,
2025/3383,MI01948/25,Blood Culture,Corynebacterium spp.,Other,2025,2025-09-22T21:29:00Z,Under 5,F,FALSE,FALSE,FALSE,,,,,,,,,,,,,,,,,,,,,
2025/3432,MI01957/25,Urine,Coliform spp.,Enterobacterales,2025,2025-09-23T00:00:00Z,5 and over,F,FALSE,FALSE,FALSE,S,S,,S,R,S,,,,,,,R,S,,S,S,S,R,,
1974/8805,MI01958/22,Urine,Escherichia coli,Enterobacterales,2022,2022-07-04T00:00:00Z,5 and over,F,FALSE,FALSE,FALSE,R,R,,R,S,R,,,,,,,R,R,,S,S,S,R,,
2025/3430,MI01961/25,Urine,Coliform spp.,Enterobacterales,2025,2025-09-23T00:00:00Z,5 and over,F,FALSE,FALSE,FALSE,R,S,,R,,S,,,,,,,R,R,,R,S,S,R,,
2023/3096,MI01966/23,Wound swab,Proteus spp.,Enterobacterales,2023,2023-07-14T00:00:00Z,5 and over,F,FALSE,FALSE,FALSE,S,S,S,R,,S,,,,,,,S,S,,S,S,S,S,,
2024/0839,MI01968/24,Blood Culture,Salmonella spp.,Enterobacterales,2024,2024-08-12T14:51:00Z,Under 5,M,FALSE,FALSE,FALSE,S,S,S,S,,S,,,,,,,S,S,,S,,,S,,
2023/3092,MI01969/23,Urine,Escherichia coli,Enterobacterales,2023,2023-07-14T00:00:00Z,Under 5,M,FALSE,FALSE,FALSE,R,S,,R,S,S,,,,,,,S,S,,S,S,S,R,,
2020/4714,MI01971/23,Blood Culture,Acinetobacter haemolyticus,Non-fermentor,2023,2023-07-15T00:00:00Z,5 and over,M,FALSE,FALSE,FALSE,S,S,R,S,,S,,,,,,,R,S,,R,S,S,R,,
2025/3383,MI01977/25,Blood Culture,Staphylococcus aureus,Other,2025,2025-09-24T12:30:00Z,Under 5,F,FALSE,FALSE,FALSE,S,R,S,R,,S,,,S,,,,,,S,,,,,R,
2008/2648,MI01979/23,High Vaginal swab,Candida spp.,Fungi,2023,2023-07-17T00:00:00Z,5 and over,F,FALSE,FALSE,FALSE,,,,,,,,,,,,,,,,,,,,,
2025/3000,MI01979/25,Low Vaginal swab,Candida spp.,Fungi,2025,2025-09-24T00:00:00Z,5 and over,F,FALSE,FALSE,FALSE,,,,,,,,,,,,,,,,,,,,,
2007/7591,MI01983/25,Urine,Coliform spp.,Enterobacterales,2025,2025-09-24T14:22:00Z,5 and over,F,TRUE,FALSE,TRUE,R,R,,R,R,R,,,,,,,R,R,,R,S,S,R,,
2009/5758,MI01984/24,Wound swab,Group A Streptococcus,Haemolytic Streptococcus,2024,2024-08-13T00:00:00Z,5 and over,M,FALSE,FALSE,FALSE,R,,R,R,,,,,R,,,,,,R,,,,,R,
2024/1451,MI01990/24,Wound swab,Pseudomonas aeruginosa,Non-fermentor,2024,2024-08-13T15:46:00Z,5 and over,M,FALSE,FALSE,FALSE,,S,,,,S,,,,S,,,,S,,,,,,,
2024/3171,MI01992/24,Urine,Escherichia coli,Enterobacterales,2024,2024-08-13T16:01:00Z,5 and over,F,FALSE,FALSE,FALSE,S,R,,R,,R,,,,,,,R,R,,R,,R,R,,
2023/1134,MI01993/23,High Vaginal swab,Candida spp.,Fungi,2023,2023-07-18T00:00:00Z,5 and over,F,FALSE,FALSE,FALSE,,,,,,,,,,,,,,,,,,,,,
2021/2890,MI01995/21,Blood Culture,Acinetobacter baumannii,Non-fermentor,2021,2021-08-03T00:00:00Z,5 and over,M,FALSE,FALSE,FALSE,S,S,,S,,S,,,,,,,,,,,,,,,
2024/3074,MI01997/24,Sputum,Pseudomonas aeruginosa,Non-fermentor,2024,2024-08-13T18:40:00Z,5 and over,F,FALSE,FALSE,FALSE,,R,,,,S,,,,S,,,,S,,,,R,,,
2000/5238,MI01999/25,Wound swab,Escherichia coli,Enterobacterales,2025,2025-09-25T00:00:00Z,5 and over,F,FALSE,FALSE,FALSE,R,R,S,R,,R,,,,,,,R,R,,S,S,S,R,,
2021/2892,MI02001/21,Urine,Escherichia coli,Enterobacterales,2021,2021-08-03T00:00:00Z,5 and over,M,FALSE,FALSE,FALSE,,,,,,,,,,,,,,,,,,,,,
2021/2888,MI02003/21,Blood Culture,Micrococcus spp.,Other,2021,2021-08-03T00:00:00Z,5 and over,M,FALSE,FALSE,FALSE,,,,,,,,,,,,,,,,,,,,,
2018/4539,MI02004/22,Urine,Enterobacter cloacae,Enterobacterales,2022,2022-07-06T00:00:00Z,5 and over,F,FALSE,TRUE,TRUE,S,S,,S,R,S,,,,,,,S,S,,R,,,R,,
2024/3211,MI02006/24,Urine,Raoultella ornithinolytica,Enterobacterales,2024,2024-08-14T00:00:00Z,5 and over,F,FALSE,FALSE,FALSE,S,R,R,S,,S,,,,,,,R,S,,R,,,R,,
2019/5052,MI02011/22,Sputum,Candida spp.,Fungi,2022,2022-07-06T00:00:00Z,5 and over,M,FALSE,FALSE,FALSE,,,,,,,,,,,,,,,,,,,,,
2022/0028,MI02012/22,Sputum,Candida spp.,Fungi,2022,2022-07-06T00:00:00Z,5 and over,F,FALSE,FALSE,FALSE,,,,,,,,,,,,,,,,,,,,,
2023/5302,MI02014/24,Ear swab,Proteus mirabilis,Enterobacterales,2024,2024-08-14T00:00:00Z,5 and over,F,FALSE,FALSE,FALSE,R,,R,R,,S,,,,,,,S,S,,R,,S,R,,
2024/3223,MI02015/24,Urine,Yeast spp.,Fungi,2024,2024-08-14T00:00:00Z,5 and over,F,FALSE,FALSE,FALSE,,,,,,,,,,,,,,,,,,,,,
2023/2964,MI02016/23,Sputum,Pseudomonas aeruginosa,Non-fermentor,2023,2023-07-20T00:00:00Z,5 and over,M,FALSE,FALSE,FALSE,,S,,,,S,,,,S,,,,S,,,S,S,,,
2025/1260,MI02021/25,Sputum,Coliform spp.,Enterobacterales,2025,2025-09-29T08:45:00Z,5 and over,M,TRUE,FALSE,TRUE,R,R,S,S,,R,,,,,,,R,R,,R,S,S,R,,
2021/2905,MI02022/21,Blood Culture,Escherichia coli,Enterobacterales,2021,2021-08-04T00:00:00Z,5 and over,M,TRUE,FALSE,TRUE,R,S,S,R,,R,,,,,,,R,R,,S,,,R,,
2020/1785,MI02028/24,Urine,Escherichia coli,Enterobacterales,2024,2024-08-16T00:00:00Z,Under 5,F,FALSE,FALSE,FALSE,R,R,S,R,S,S,,,,,,,R,R,,R,,S,R,,
2008/7076,MI02030/24,Urine,Yeast spp.,Fungi,2024,2024-08-16T00:00:00Z,5 and over,F,FALSE,FALSE,FALSE,,,,,,,,,,,,,,,,,,,,,
2009/5474,MI02032/23,Blood Culture,Micrococcus spp.,Other,2023,2023-07-24T00:00:00Z,5 and over,M,FALSE,FALSE,FALSE,,,,,,,,,,,,,,,,,,,,,
2016/6552,MI02033/24,Urine,Klebsiella pneumoniae,Enterobacterales,2024,2024-08-16T18:26:00Z,5 and over,F,FALSE,FALSE,FALSE,R,S,R,S,R,S,,,,,,,S,S,,S,S,S,,,
2021/2933,MI02034/21,Urine,Escherichia coli,Enterobacterales,2021,2021-08-04T00:00:00Z,5 and over,F,FALSE,FALSE,FALSE,R,S,,R,,,,,,,,,S,S,,,,,S,,
2023/2753,MI02042/23,Urine,Klebsiella pneumoniae,Enterobacterales,2023,2023-07-24T00:00:00Z,Under 5,M,FALSE,FALSE,FALSE,R,R,,R,R,R,,,,,,,R,R,,R,S,S,R,,
2024/2374,MI02048/24,Urine,Escherichia coli,Enterobacterales,2024,2024-08-19T00:00:00Z,5 and over,F,FALSE,FALSE,FALSE,S,S,S,S,,S,,,,,,,R,R,,S,,,R,,
2025/2415,MI02049/25,Wound swab,Coliform spp.,Enterobacterales,2025,2025-09-30T08:38:00Z,5 and over,M,TRUE,FALSE,TRUE,R,R,R,,,R,,,,,,,R,R,,R,S,S,R,,
2013/1468,MI02051/23,Sputum,Candida spp.,Fungi,2023,2023-07-24T00:00:00Z,5 and over,M,FALSE,FALSE,FALSE,,,,,,,,,,,,,,,,,,,,,
2022/6310,MI02051/24,Urine,Escherichia coli,Enterobacterales,2024,2024-08-20T00:00:00Z,5 and over,F,FALSE,FALSE,FALSE,R,R,,R,S,S,,,,,,,S,S,,S,,S,R,,
2001/6179,MI02052/25,Urine,Escherichia coli,Enterobacterales,2025,2025-09-30T00:00:00Z,5 and over,F,FALSE,FALSE,FALSE,R,S,,R,S,S,,,,,,,S,S,,R,S,S,R,,
2023/3274,MI02053/23,Urine,Escherichia coli,Enterobacterales,2023,2023-07-25T00:00:00Z,5 and over,M,FALSE,FALSE,FALSE,R,S,,R,S,R,,,,,,,S,S,,S,S,S,S,,
2023/3276,MI02054/23,Urine,Serratia fonticola,Enterobacterales,2023,2023-07-25T00:00:00Z,5 and over,M,FALSE,FALSE,FALSE,R,R,,R,R,R,,,,,,,R,R,,R,,,R,,
2024/1788,MI02071/24,Urine,Escherichia coli,Enterobacterales,2024,2024-08-21T14:21:00Z,Under 5,M,FALSE,FALSE,FALSE,R,S,,R,S,S,,,,,,,S,S,,R,,S,R,,
2024/3324,MI02072/24,Urine,Escherichia coli,Enterobacterales,2024,2024-08-21T00:00:00Z,5 and over,F,TRUE,FALSE,TRUE,R,S,,R,S,R,,,,,,,R,S,,S,,S,,,
2015/6783,MI02076/23,High Vaginal swab,Candida spp.,Fungi,2023,2023-07-27T00:00:00Z,5 and over,F,FALSE,FALSE,FALSE,,,,,,,,,,,,,,,,,,,,,
2025/3239,MI02083/25,Urine,Coliform spp.,Enterobacterales,2025,2025-10-02T00:00:00Z,5 and over,M,FALSE,FALSE,FALSE,R,R,,R,S,R,,,,,,,S,S,,R,S,S,R,,
2025/3518,MI02088/25,Blood Culture,Proteus vulgaris,Enterobacterales,2025,2025-10-02T13:36:00Z,5 and over,F,FALSE,FALSE,FALSE,R,S,R,R,,S,,,,,,,S,S,,S,S,S,R,,
2021/2721,MI02090/21,Sputum,Klebsiella pneumoniae,Enterobacterales,2021,2021-08-09T00:00:00Z,5 and over,M,FALSE,FALSE,FALSE,R,R,,R,,R,,R,,,,,R,R,,,,,R,,
2025/3083,MI02090/25,Low Vaginal swab,Candida spp.,Fungi,2025,2025-10-02T00:00:00Z,5 and over,F,FALSE,FALSE,FALSE,,,,,,,,,,,,,,,,,,,,,
2025/3591,MI02091/25,Sputum,Klebsiella pneumoniae,Enterobacterales,2025,2025-10-02T00:00:00Z,5 and over,M,FALSE,FALSE,FALSE,S,S,S,S,,S,,,,,,,S,S,,S,S,,R,,
2018/1055,MI02094/23,Urine,Escherichia coli,Enterobacterales,2023,2023-07-31T00:00:00Z,5 and over,F,FALSE,FALSE,FALSE,R,S,,S,R,S,,,,,,,S,S,,R,S,S,R,,
2008/1464,MI02095/24,Urine,Candida spp.,Fungi,2024,2024-08-23T00:00:00Z,5 and over,F,FALSE,FALSE,FALSE,,,,,,,,,,,,,,,,,,,,,
2025/3601,MI02097/25,Blood Culture,Micrococcus spp.,Other,2025,2025-10-03T11:26:00Z,5 and over,F,FALSE,FALSE,FALSE,,,,,,,,,,,,,,,,,,,,,
2022/3262,MI02099/22,Wound swab,Group A Streptococcus,Haemolytic Streptococcus,2022,2022-07-13T00:00:00Z,5 and over,F,FALSE,FALSE,FALSE,R,R,S,R,,,,,S,,,,,,S,,,,S,S,
2021/3014,MI02102/21,Urine,Escherichia coli,Enterobacterales,2021,2021-08-10T00:00:00Z,5 and over,F,FALSE,FALSE,FALSE,R,R,,R,,S,,S,,,,,S,S,,S,,,R,,
2021/3008,MI02104/21,Blood Culture,Haemophilus influenzae,Other,2021,2021-08-10T00:00:00Z,Under 5,M,FALSE,FALSE,FALSE,R,,S,S,,S,S,S,,,,,S,S,,S,,,S,,
2025/1217,MI02110/25,Ear swab,Pseudomonas aeruginosa,Non-fermentor,2025,2025-10-06T00:00:00Z,5 and over,M,FALSE,FALSE,FALSE,,S,,,,S,,,,S,,,,S,,,,,,,
2023/3383,MI02111/23,Blood Culture,Escherichia coli,Enterobacterales,2023,2023-08-01T00:00:00Z,5 and over,F,FALSE,FALSE,FALSE,R,S,S,R,,S,,,,,,,S,S,,R,S,S,R,,
2022/1623,MI02112/22,Sputum,Aspergillus niger,Fungi,2022,2022-07-13T00:00:00Z,5 and over,F,FALSE,FALSE,FALSE,,,,,,,,,,,,,,,,,,,,,
2023/3386,MI02114/23,Wound swab,Group A Streptococcus,Haemolytic Streptococcus,2023,2023-08-01T00:00:00Z,5 and over,M,FALSE,FALSE,FALSE,R,,S,S,,,,,S,,,,,,,,,,S,S,
2023/3078,MI02116/23,High Vaginal swab,Candida spp.,Fungi,2023,2023-08-01T00:00:00Z,5 and over,F,FALSE,FALSE,FALSE,,,,,,,,,,,,,,,,,,,,,
2009/8312,MI02121/22,Sputum,Aspergillus fumigatus,Fungi,2022,2022-07-13T00:00:00Z,5 and over,M,FALSE,FALSE,FALSE,,,,,,,,,,,,,,,,,,,,,
2024/3364,MI02122/24,Urine,Escherichia coli,Enterobacterales,2024,2024-08-26T19:27:00Z,5 and over,M,FALSE,FALSE,FALSE,R,R,,R,R,R,,,,,,,R,R,,R,R,R,,,
2022/3275,MI02124/22,Urine,Enterococcus faecalis,Other,2022,2022-07-13T00:00:00Z,Under 5,M,FALSE,FALSE,FALSE,R,,S,R,,,,,R,,,,,,S,,,,S,S,
2020/1960,MI02125/23,Blood Culture,Group B Streptococcus,Haemolytic Streptococcus,2023,2023-08-02T00:00:00Z,5 and over,F,FALSE,FALSE,FALSE,R,,S,S,,,,,R,,,,,,S,,,,S,S,
2024/3100,MI02126/24,Sputum,Candida spp.,Fungi,2024,2024-08-27T00:00:00Z,5 and over,M,FALSE,FALSE,FALSE,,,,,,,,,,,,,,,,,,,,,
2021/3066,MI02132/21,Wound swab,Staphylococcus aureus,Other,2021,2021-08-11T00:00:00Z,5 and over,F,FALSE,FALSE,FALSE,R,S,S,S,,S,,,S,,,,,,S,,,,,R,
2022/3277,MI02132/22,Urine,Klebsiella pneumoniae,Enterobacterales,2022,2022-07-13T00:00:00Z,5 and over,F,FALSE,FALSE,FALSE,S,S,,S,S,S,,,,,,,S,S,,S,S,S,R,,
2024/3364,MI02133/24,Blood Culture,Escherichia coli,Enterobacterales,2024,2024-08-27T12:35:00Z,5 and over,M,FALSE,FALSE,FALSE,R,R,S,R,,R,,,,,,,R,R,,S,,R,,,
2020/2852,MI02134/22,Blood Culture,Staphylococcus aureus,Other,2022,2022-07-13T00:00:00Z,5 and over,M,FALSE,FALSE,FALSE,S,S,S,S,,S,,,S,,,,,,,,,,,R,
2024/3380,MI02135/24,Blood Culture,Klebsiella oxytoca,Enterobacterales,2024,2024-08-27T12:52:00Z,5 and over,F,FALSE,FALSE,FALSE,R,S,S,S,,S,,,,,,,S,S,,S,,S,,,
2022/3277,MI02142/22,Wound swab,Pseudomonas aeruginosa,Non-fermentor,2022,2022-07-14T00:00:00Z,5 and over,F,FALSE,FALSE,FALSE,R,S,S,R,,S,,,,,,,S,S,,S,,,S,,
2022/6313,MI02142/24,Wound swab,Staphylococcus aureus,Other,2024,2024-08-28T00:00:00Z,Under 5,M,FALSE,FALSE,FALSE,S,S,S,S,,S,,,S,,,,,,,,,R,,,
2025/3624,MI02142/25,Urine,Staphylococcus aureus,Other,2025,2025-10-07T15:29:00Z,5 and over,M,FALSE,FALSE,FALSE,R,S,S,R,,R,,,S,,,,,,S,,,,,R,
2023/3420,MI02143/23,Blood Culture,Escherichia coli,Enterobacterales,2023,2023-08-03T00:00:00Z,5 and over,F,TRUE,FALSE,TRUE,R,R,S,R,,R,,,,,,,R,R,,R,S,S,R,,
2025/3201,MI02143/25,High Vaginal swab,Staphylococcus aureus,Other,2025,2025-10-07T00:00:00Z,5 and over,F,FALSE,FALSE,FALSE,R,R,S,R,,R,,,S,,,,,,S,,,S,,,
2023/3383,MI02144/23,Urine,Escherichia coli,Enterobacterales,2023,2023-08-03T00:00:00Z,5 and over,F,FALSE,FALSE,FALSE,R,S,,S,S,S,,,,,,,S,S,,S,S,S,R,,
2022/3017,MI02146/22,Blood Culture,Micrococcus spp.,Other,2022,2022-07-14T00:00:00Z,5 and over,F,FALSE,FALSE,FALSE,,,,,,,,,,,,,,,,,,,,,
2015/0661,MI02147/25,Sputum,Klebsiella pneumoniae,Enterobacterales,2025,2025-10-08T10:03:00Z,5 and over,M,TRUE,FALSE,TRUE,R,S,S,R,,R,,,,,,,R,R,,R,S,S,R,,
2024/3405,MI02148/24,Urine,Escherichia coli,Enterobacterales,2024,2024-08-28T13:50:00Z,5 and over,F,FALSE,FALSE,FALSE,R,S,S,R,,S,,,,,,,S,S,,S,,S,,,
2024/3294,MI02152/24,Blood Culture,Klebsiella pneumoniae,Enterobacterales,2024,2024-08-28T22:07:00Z,5 and over,M,FALSE,FALSE,FALSE,R,S,S,R,,S,,,,,,,S,S,,S,,S,,,
2018/2298,MI02155/24,Urine,Pantoea spp.,Enterobacterales,2024,2024-08-29T09:26:00Z,5 and over,F,FALSE,FALSE,FALSE,R,R,,R,R,R,,,,,,,R,R,,R,,R,,,
2023/3420,MI02156/23,Urine,Escherichia coli,Enterobacterales,2023,2023-08-03T00:00:00Z,5 and over,F,FALSE,FALSE,FALSE,R,R,,R,R,R,,,,,,,R,R,,R,S,S,R,,
1974/8805,MI02160/22,Wound swab,Pseudomonas aeruginosa,Non-fermentor,2022,2022-07-16T00:00:00Z,5 and over,F,FALSE,FALSE,FALSE,,R,,,,R,,,,S,,,,S,,,,,,,
2014/2983,MI02160/23,Ear swab,Staphylococcus aureus,Other,2023,2023-08-04T00:00:00Z,5 and over,M,FALSE,FALSE,FALSE,R,R,S,S,,R,,,S,,,,,,,,,,,R,
2021/1658,MI02165/21,Urine,Escherichia coli,Enterobacterales,2021,2021-08-13T00:00:00Z,5 and over,F,FALSE,FALSE,FALSE,R,S,,S,S,S,,,,,,,,S,,S,,,,,
2010/4914,MI02168/21,Blood Culture,Klebsiella pneumoniae,Enterobacterales,2021,2021-08-15T00:00:00Z,5 and over,M,FALSE,FALSE,FALSE,R,S,S,S,,S,,,,,,,S,S,,R,,,R,,S
2024/3380,MI02170/24,Sputum,Raoultella ornithinolytica,Enterobacterales,2024,2024-08-31T12:06:00Z,5 and over,F,FALSE,FALSE,FALSE,R,S,R,R,,S,,,,,,,S,S,,R,S,,,,
2023/3245,MI02171/23,Sputum,Candida spp.,Fungi,2023,2023-08-04T00:00:00Z,5 and over,F,FALSE,FALSE,FALSE,,,,,,,,,,,,,,,,,,,,,
2002/5202,MI02175/24,Blood Culture,Klebsiella pneumoniae,Enterobacterales,2024,2024-09-02T14:22:00Z,5 and over,F,FALSE,FALSE,FALSE,S,S,S,S,,S,,,,,,,S,S,,S,S,S,,,
2021/2532,MI02175/25,High Vaginal swab,Coliform spp.,Enterobacterales,2025,2025-10-09T00:00:00Z,5 and over,F,FALSE,FALSE,FALSE,S,S,S,S,,S,,,,,,,S,S,,S,S,,S,,
2020/3642,MI02177/21,Wound swab,Staphylococcus aureus,Other,2021,2021-08-17T00:00:00Z,5 and over,F,FALSE,FALSE,FALSE,S,S,S,S,,S,,,S,,,,,,,,,,,S,
2020/3642,MI02177/21,Wound swab,Group C/G Streptococcus,Haemolytic Streptococcus,2021,2021-08-17T00:00:00Z,5 and over,F,FALSE,FALSE,FALSE,S,,S,S,,,,,S,,,,,,S,,,,S,S,
1985/5241,MI02177/23,Urine,Klebsiella pneumoniae,Enterobacterales,2023,2023-08-06T00:00:00Z,5 and over,M,FALSE,FALSE,FALSE,S,S,,S,S,S,,,,,,,S,S,,S,S,S,S,,
2024/1330,MI02177/24,Blood Culture,Klebsiella pneumoniae,Enterobacterales,2024,2024-09-02T17:19:00Z,Under 5,F,FALSE,FALSE,FALSE,S,S,S,S,,S,,S,,,,,,S,,S,S,S,R,,
2022/3329,MI02179/22,Blood Culture,Streptococcus pneumoniae,Other,2022,2022-07-18T00:00:00Z,5 and over,M,FALSE,FALSE,FALSE,R,,S,S,,,,S,S,,,,S,S,S,S,,,,S,
2025/3575,MI02179/25,Sputum,Candida spp.,Fungi,2025,2025-10-09T15:47:00Z,5 and over,M,FALSE,FALSE,FALSE,,,,,,,,,,,,,,,,,,,,,
2022/3112,MI02182/22,Blood Culture,Micrococcus luteus,Other,2022,2022-07-18T00:00:00Z,Under 5,F,FALSE,FALSE,FALSE,,,,,,,,,,,,,,,,,,,,,
2021/3113,MI02185/21,Ear swab,Pseudomonas aeruginosa,Non-fermentor,2021,2021-08-13T00:00:00Z,5 and over,F,FALSE,FALSE,FALSE,,S,,,,S,,,,S,,,,S,,,,,,,
2021/3123,MI02188/21,Pleural aspirate,Staphylococcus aureus,Other,2021,2021-08-17T00:00:00Z,Under 5,M,FALSE,FALSE,FALSE,S,S,S,S,,S,,,S,,,,,,,,,,,R,
2023/3474,MI02189/23,Urine,Providencia stuartii,Enterobacterales,2023,2023-08-07T00:00:00Z,5 and over,F,FALSE,FALSE,FALSE,S,S,,R,R,S,,,,,,,S,S,,S,S,S,R,,
2025/3501,MI02189/25,Wound swab,Coliform spp.,Enterobacterales,2025,2025-10-10T12:30:00Z,5 and over,F,FALSE,FALSE,FALSE,S,S,S,S,,S,,,,,,,S,S,,S,S,S,R,,
2025/3383,MI02192/25,Wound swab,Klebsiella pneumoniae,Enterobacterales,2025,2025-10-10T12:30:00Z,Under 5,F,TRUE,FALSE,TRUE,R,R,S,R,,S,,,,,,,R,R,,R,,S,R,,
2024/3482,MI02194/24,Sputum,Enterobacter cloacae,Enterobacterales,2024,2024-09-03T13:28:00Z,5 and over,M,FALSE,TRUE,TRUE,S,R,R,R,,S,,,,,,,S,S,,R,S,S,,,
2021/3153,MI02195/21,Wound swab,Staphylococcus aureus,Other,2021,2021-08-17T00:00:00Z,5 and over,M,FALSE,FALSE,FALSE,S,S,R,S,,S,,,R,R,,,,R,,,,,,R,S
2021/3153,MI02195/21,Wound swab,Pseudomonas spp.,Non-fermentor,2021,2021-08-17T00:00:00Z,5 and over,M,FALSE,FALSE,FALSE,,R,,,,R,,,,S,,,,R,,,,,,,
1994/5905,MI02198/24,Urine,Stenotrophomonas maltophilia,Non-fermentor,2024,2024-09-04T10:01:00Z,5 and over,F,FALSE,FALSE,FALSE,R,S,,R,R,S,,,,,,,R,S,,R,S,S,R,,
2021/3177,MI02205/21,Urine,Escherichia coli,Enterobacterales,2021,2021-08-18T00:00:00Z,5 and over,M,FALSE,FALSE,FALSE,R,R,R,R,S,R,,,,,,,R,R,,S,,,R,,
2022/3371,MI02206/22,Wound swab,Staphylococcus aureus,Other,2022,2022-07-19T00:00:00Z,5 and over,M,FALSE,FALSE,FALSE,S,S,S,S,,S,,,S,,,,,,,,,,,R,S
2023/3276,MI02210/23,Urine,Burkholderia gladioli,Non-fermentor,2023,2023-08-08T00:00:00Z,5 and over,M,FALSE,FALSE,FALSE,R,,,,,,,,,,,,,S,,,S,S,,,
2021/3192,MI02213/21,Blood Culture,Salmonella spp.,Enterobacterales,2021,2021-08-18T00:00:00Z,Under 5,F,FALSE,FALSE,FALSE,S,S,S,S,,S,,,,,,,S,S,,,,,S,,
2022/3410,MI02214/22,Ear swab,Pseudomonas aeruginosa,Non-fermentor,2022,2022-07-19T00:00:00Z,5 and over,M,FALSE,FALSE,FALSE,,S,,,,S,,,,S,,,,S,,,,,,,
2022/3408,MI02215/22,Wound swab,Proteus mirabilis,Enterobacterales,2022,2022-07-19T00:00:00Z,5 and over,M,FALSE,FALSE,FALSE,S,S,S,R,,S,,,,,,,S,S,,,S,S,S,,
2005/1119,MI02218/22,Urine,Escherichia coli,Enterobacterales,2022,2022-07-19T00:00:00Z,5 and over,F,FALSE,FALSE,FALSE,R,S,,R,R,R,,,,,,,S,S,,S,S,S,R,,
2024/3558,MI02218/24,Urine,Escherichia coli,Enterobacterales,2024,2024-09-06T00:00:00Z,5 and over,M,FALSE,FALSE,FALSE,R,R,,R,S,R,,,,,,,R,R,,R,,R,R,,
2023/3329,MI02221/23,Blood Culture,Aeromonas salmonicida,Other,2023,2023-08-09T00:00:00Z,5 and over,F,FALSE,FALSE,FALSE,S,S,S,S,,S,,,,,,,S,S,,S,S,S,,,
2021/3474,MI02223/25,Urine,Coliform spp.,Enterobacterales,2025,2025-10-15T00:00:00Z,5 and over,F,TRUE,FALSE,TRUE,R,R,,R,S,R,,,,,,,R,R,,R,S,S,R,,
2003/1138,MI02224/21,Stool,Shigella spp.,Enterobacterales,2021,2021-08-20T00:00:00Z,5 and over,F,FALSE,FALSE,FALSE,R,,,,,S,,,,,,,,,,,,,R,,
2022/3254,MI02225/22,Pleural aspirate,Streptococcus anginosus group,Haemolytic Streptococcus,2022,2022-07-19T00:00:00Z,5 and over,M,FALSE,FALSE,FALSE,,,,,,,,,,,,,,,,,,,,,
2025/3730,MI02227/25,Wound swab,Staphylococcus aureus,Other,2025,2025-10-15T11:44:00Z,5 and over,M,FALSE,FALSE,FALSE,S,S,S,S,,S,,,S,,,,,,S,,,,,R,
2023/3244,MI02229/23,Sputum,Pseudomonas aeruginosa,Non-fermentor,2023,2023-08-09T00:00:00Z,5 and over,M,FALSE,FALSE,FALSE,,S,,,,S,,,,S,,,,,,,S,S,,,
2023/2312,MI02229/25,Sputum,Escherichia coli,Enterobacterales,2025,2025-10-15T00:00:00Z,5 and over,M,FALSE,FALSE,FALSE,R,S,S,R,,S,,,,,,,S,S,,R,S,S,R,,
2022/3417,MI02241/22,Sputum,Candida spp.,Fungi,2022,2022-07-20T00:00:00Z,5 and over,M,FALSE,FALSE,FALSE,,,,,,,,,,,,,,,,,,,,,
2021/1454,MI02243/22,Urine,Escherichia coli,Enterobacterales,2022,2022-07-20T00:00:00Z,5 and over,M,FALSE,FALSE,FALSE,R,S,,R,R,S,,,,,,,S,S,,S,S,S,R,,
2006/0650,MI02245/24,Urine,Klebsiella pneumoniae,Enterobacterales,2024,2024-09-10T00:00:00Z,5 and over,F,FALSE,FALSE,FALSE,,S,R,S,,R,,,,,,,R,R,,S,S,S,,,
2021/1877,MI02246/21,Blood Culture,Micrococcus spp.,Other,2021,2021-08-23T00:00:00Z,5 and over,F,FALSE,FALSE,FALSE,,,,,,,,,,,,,,,,,,,,,
2025/3379,MI02249/25,High Vaginal swab,Candida spp.,Fungi,2025,2025-10-16T16:07:00Z,5 and over,F,FALSE,FALSE,FALSE,,,,,,,,,,,,,,,,,,,,,
2004/7735,MI02251/25,Urine,Coliform spp.,Enterobacterales,2025,2025-10-17T00:00:00Z,5 and over,M,FALSE,FALSE,FALSE,S,S,,S,S,S,,,,,,,S,S,,,,S,R,,
2024/3617,MI02252/24,Urine,Escherichia coli,Enterobacterales,2024,2024-09-10T00:00:00Z,5 and over,M,FALSE,FALSE,FALSE,R,S,,R,S,S,,,,,,,S,S,,S,S,,S,,
2018/1843,MI02253/22,Blood Culture,Enterococcus faecalis,Other,2022,2022-07-21T00:00:00Z,5 and over,F,FALSE,FALSE,FALSE,R,,R,R,,S,,,R,,,,,,S,,,,S,S,
2022/3462,MI02254/22,Ear swab,Corynebacterium amycolatum,Other,2022,2022-07-21T00:00:00Z,Under 5,M,FALSE,FALSE,FALSE,,,,,,,,,,,,,,,,,,,,,
2025/3657,MI02260/25,Urine,Coliform spp.,Enterobacterales,2025,2025-10-19T10:33:00Z,Under 5,M,TRUE,FALSE,TRUE,R,R,,,,R,,,,,,,R,R,,R,S,S,R,,
2024/3632,MI02262/24,Sputum,Candida spp.,Fungi,2024,2024-09-11T00:00:00Z,5 and over,F,FALSE,FALSE,FALSE,,,,,,,,,,,,,,,,,,,,,
2023/0663,MI02263/24,Blood Culture,Group B Streptococcus,Haemolytic Streptococcus,2024,2024-09-11T12:30:00Z,5 and over,M,FALSE,FALSE,FALSE,R,,,R,,,,,S,,,,,,,,,,S,S,
2025/3821,MI02266/25,Sputum,Candida spp.,Fungi,2025,2025-10-20T00:00:00Z,5 and over,F,FALSE,FALSE,FALSE,,,,,,,,,,,,,,,,,,,,,
2023/1729,MI02267/23,Pleural aspirate,Chromobacterium violaceum,Other,2023,2023-08-14T00:00:00Z,5 and over,M,FALSE,FALSE,FALSE,S,R,,,,,,,,,,,,S,,,,,,,
2021/0719,MI02268/23,Urine,Acinetobacter baumannii,Non-fermentor,2023,2023-08-14T00:00:00Z,Under 5,F,FALSE,FALSE,FALSE,S,S,,,,,,,,,,,,,,,S,S,,,
2019/0375,MI02269/25,Blood Culture,Staphylococcus aureus,Other,2025,2025-10-20T12:40:00Z,5 and over,M,FALSE,FALSE,FALSE,,S,,R,,S,,,S,,,,,,R,,,S,,R,S
2022/2704,MI02272/22,Urine,Staphylococcus aureus,Other,2022,2022-07-21T00:00:00Z,5 and over,F,FALSE,FALSE,FALSE,S,S,,S,,,,,R,,,,,,,,,,,R,
2020/2994,MI02274/21,Urine,Escherichia coli,Enterobacterales,2021,2021-08-24T00:00:00Z,5 and over,F,FALSE,FALSE,FALSE,S,S,,S,R,S,,,,,,,R,R,,R,,,R,,
2022/2195,MI02275/22,Wound swab,Staphylococcus aureus,Other,2022,2022-07-22T00:00:00Z,5 and over,M,FALSE,FALSE,FALSE,S,S,S,S,,S,,,S,,,,,,S,,,,,R,S
2022/2195,MI02275/22,Wound swab,Group A Streptococcus,Haemolytic Streptococcus,2022,2022-07-22T00:00:00Z,5 and over,M,FALSE,FALSE,FALSE,S,,S,,,,,,S,,,S,,,S,,,,S,S,
2005/4855,MI02276/22,Ear swab,Acinetobacter pittii,Non-fermentor,2022,2022-07-22T00:00:00Z,5 and over,M,FALSE,FALSE,FALSE,S,S,,S,,S,,,,,,,S,S,,,S,S,,,
2013/3230,MI02279/22,Ear swab,Staphylococcus aureus,Other,2022,2022-07-22T00:00:00Z,5 and over,F,FALSE,FALSE,FALSE,S,S,S,S,,S,,,S,,,,,,,,,,,R,S
2024/3673,MI02280/24,Sputum,Candida spp.,Fungi,2024,2024-09-13T00:00:00Z,5 and over,M,FALSE,FALSE,FALSE,,,,,,,,,,,,,,,,,,,,,
2025/3361,MI02280/25,Sputum,Streptococcus spp.,Other,2025,2025-10-21T10:23:00Z,5 and over,F,FALSE,FALSE,FALSE,,,,,,,,,,,,,,,,,,,,,
2013/3533,MI02281/25,Urine,Coliform spp.,Enterobacterales,2025,2025-10-21T00:00:00Z,5 and over,F,FALSE,FALSE,FALSE,R,S,,R,R,S,,,,,,,S,S,,S,,,R,,
2022/3493,MI02285/22,Urine,Escherichia coli,Enterobacterales,2022,2022-07-22T00:00:00Z,5 and over,M,FALSE,FALSE,FALSE,R,S,,R,S,R,,,,,,,S,S,,R,S,S,R,,
2023/3402,MI02285/23,Sputum,Candida spp.,Fungi,2023,2023-08-16T00:00:00Z,5 and over,M,FALSE,FALSE,FALSE,,,,,,,,,,,,,,,,,,,,,
1989/1000,MI02288/22,Urine,Klebsiella pneumoniae,Enterobacterales,2022,2022-07-22T00:00:00Z,5 and over,M,FALSE,FALSE,FALSE,S,S,,S,S,S,,,,,,,S,S,,S,S,S,R,,
2024/3349,MI02291/24,Pus aspirate,Staphylococcus aureus,Other,2024,2024-09-15T12:11:00Z,Under 5,F,FALSE,FALSE,FALSE,S,S,S,S,,S,,,S,,,,,,,,,S,,R,
2019/1072,MI02297/21,Ear swab,Staphylococcus aureus,Other,2021,2021-08-25T00:00:00Z,5 and over,F,FALSE,FALSE,FALSE,S,S,S,S,,S,,,S,,,,,,,,,,,S,
2017/0203,MI02298/22,Blood Culture,Staphylococcus aureus,Other,2022,2022-07-24T00:00:00Z,5 and over,M,FALSE,FALSE,FALSE,S,S,S,S,,S,,,S,,,,,,,,,,,R,
2023/3635,MI02302/23,Urine,Escherichia coli,Enterobacterales,2023,2023-08-17T00:00:00Z,5 and over,F,FALSE,FALSE,FALSE,S,S,S,,,,R,,,,,,R,R,,,,,R,,
2023/2599,MI02303/23,Urine,Escherichia coli,Enterobacterales,2023,2023-08-17T00:00:00Z,5 and over,F,FALSE,FALSE,FALSE,R,R,,,S,,R,,,,,,R,R,,,,,R,,
2022/2943,MI02304/22,Urine,Escherichia coli,Enterobacterales,2022,2022-07-24T00:00:00Z,Under 5,F,TRUE,FALSE,TRUE,R,R,,R,S,,,R,,,,,R,R,,R,,,R,,
2013/1460,MI02306/22,Urine,Acinetobacter nosocomialis,Non-fermentor,2022,2022-07-22T00:00:00Z,5 and over,F,FALSE,FALSE,FALSE,R,S,,R,,S,,,,,,,R,S,,,S,S,,,
2014/0976,MI02309/21,Urine,Candida spp.,Fungi,2021,2021-08-26T00:00:00Z,5 and over,F,FALSE,FALSE,FALSE,,,,,,,,,,,,,,,,,,,,,
2018/5426,MI02309/25,Urine,Coliform spp.,Enterobacterales,2025,2025-10-23T00:00:00Z,5 and over,F,FALSE,FALSE,FALSE,,S,,S,R,S,,,,,,,S,S,,S,S,S,R,,
2021/3335,MI02310/21,Blood Culture,Enterococcus spp.,Other,2021,2021-08-26T00:00:00Z,5 and over,F,FALSE,FALSE,FALSE,,,R,R,,,,,R,,,,,,S,,,,S,S,
2024/3717,MI02311/24,Sputum,Candida spp.,Fungi,2024,2024-09-18T19:06:00Z,5 and over,M,FALSE,FALSE,FALSE,,,,,,,,,,,,,,,,,,,,,
2024/3735,MI02314/24,High Vaginal swab,Candida spp.,Fungi,2024,2024-09-19T00:00:00Z,5 and over,F,FALSE,FALSE,FALSE,,,,,,,,,,,,,,,,,,,,,
2006/5242,MI02314/25,Sputum,Candida spp.,Fungi,2025,2025-10-24T00:00:00Z,5 and over,M,FALSE,FALSE,FALSE,,,,,,,,,,,,,,,,,,,,,
2021/0706,MI02316/24,Sputum,Pseudomonas oryzihabitans,Non-fermentor,2024,2024-09-19T00:00:00Z,5 and over,M,FALSE,FALSE,FALSE,R,S,R,S,,S,,,,,,,R,R,,R,S,S,R,,
2015/6239,MI02317/25,Wound swab,Staphylococcus aureus,Other,2025,2025-10-24T00:00:00Z,5 and over,F,FALSE,FALSE,FALSE,S,S,S,S,,S,,,S,,,,,,R,,S,S,,S,
2015/2991,MI02318/24,Sputum,Candida spp.,Fungi,2024,2024-09-19T00:00:00Z,5 and over,F,FALSE,FALSE,FALSE,,,,,,,,,,,,,,,,,,,,,
2025/3924,MI02318/25,Wound swab,Proteus vulgaris,Enterobacterales,2025,2025-10-24T10:46:00Z,5 and over,F,FALSE,FALSE,FALSE,S,S,S,S,,S,,,,,,,S,S,,S,S,,S,,
2013/3533,MI02326/24,Urine,Escherichia coli,Enterobacterales,2024,2024-09-20T00:00:00Z,5 and over,F,FALSE,FALSE,FALSE,R,S,,,,S,,,,,,,S,S,,S,S,S,R,,
2024/3682,MI02327/24,Sputum,Klebsiella pneumoniae,Enterobacterales,2024,2024-09-20T00:00:00Z,5 and over,F,FALSE,FALSE,FALSE,S,S,S,S,,S,,,,,,,S,S,,S,S,S,R,,
2023/0226,MI02331/23,Blood Culture,Micrococcus spp.,Other,2023,2023-08-21T00:00:00Z,5 and over,M,FALSE,FALSE,FALSE,,,,,,,,,,,,,,,,,,,,,
2021/3377,MI02336/21,Sputum,Pseudomonas aeruginosa,Non-fermentor,2021,2021-08-27T00:00:00Z,5 and over,M,FALSE,FALSE,FALSE,,S,,,,S,,,,S,,,,S,,,,,,,
2024/2862,MI02337/24,Sputum,Klebsiella pneumoniae,Enterobacterales,2024,2024-09-23T00:00:00Z,5 and over,F,FALSE,FALSE,FALSE,S,S,S,S,,S,,,,,,,S,S,,S,S,S,R,,
2022/3546,MI02340/22,Ear swab,Aspergillus fumigatus,Fungi,2022,2022-07-26T00:00:00Z,5 and over,M,FALSE,FALSE,FALSE,,,,,,,,,,,,,,,,,,,,,
2021/3128,MI02344/25,Sputum,Candida spp.,Fungi,2025,2025-10-27T17:31:00Z,5 and over,M,FALSE,FALSE,FALSE,,,,,,,,,,,,,,,,,,,,,
2006/4257,MI02346/23,Urine,Aeromonas salmonicida,Other,2023,2023-08-23T00:00:00Z,5 and over,F,FALSE,FALSE,FALSE,R,R,S,S,,S,,,,,,,S,S,,S,S,S,S,,
1990/2447,MI02347/21,Urine,Morganella morganii,Enterobacterales,2021,2021-08-30T00:00:00Z,5 and over,M,FALSE,FALSE,FALSE,R,R,,R,,R,,,,,,,S,S,,R,,,R,,
2017/1037,MI02348/23,Blood Culture,Klebsiella pneumoniae,Enterobacterales,2023,2023-08-23T00:00:00Z,5 and over,M,FALSE,FALSE,FALSE,R,R,S,S,,R,,,,,,,S,S,,S,S,,R,,
2014/3764,MI02349/21,Wound swab,Staphylococcus aureus,Other,2021,2021-08-30T00:00:00Z,5 and over,M,FALSE,FALSE,FALSE,R,S,,S,,S,,,S,,,,,,,,,,,R,S
2015/3799,MI02349/25,Urine,Coliform spp.,Enterobacterales,2025,2025-10-28T00:00:00Z,5 and over,F,FALSE,FALSE,FALSE,S,S,,S,,S,,,,,,,S,R,,S,,,S,,
2024/3294,MI02351/24,Urine,Klebsiella pneumoniae,Enterobacterales,2024,2024-09-24T14:08:00Z,5 and over,M,FALSE,FALSE,FALSE,R,S,,R,S,S,,,,,,,S,S,,S,S,S,R,,
2023/3571,MI02352/23,Blood Culture,Klebsiella pneumoniae,Enterobacterales,2023,2023-08-23T00:00:00Z,5 and over,M,FALSE,FALSE,FALSE,R,R,R,R,,R,,,,,,,S,R,,S,S,S,R,,
2021/3420,MI02356/21,Urine,Candida spp.,Fungi,2021,2021-08-30T00:00:00Z,5 and over,F,FALSE,FALSE,FALSE,,,,,,,,,,,,,,,,,,,,,
2003/5926,MI02361/23,Urine,Klebsiella pneumoniae,Enterobacterales,2023,2023-08-24T00:00:00Z,5 and over,M,FALSE,FALSE,FALSE,R,,R,S,,R,,,,,,,S,S,,S,,,R,,
2019/0355,MI02363/22,Sputum,Staphylococcus aureus,Other,2022,2022-07-28T00:00:00Z,5 and over,M,FALSE,FALSE,FALSE,S,S,S,S,,S,,,S,,,,,,,,,,,R,S
2025/0391,MI02363/25,Wound swab,Staphylococcus aureus,Other,2025,2025-10-28T00:00:00Z,5 and over,F,FALSE,FALSE,FALSE,R,S,R,S,,S,,,S,,,,,,,,,,,R,
2022/0781,MI02364/22,Sputum,Haemophilus influenzae,Other,2022,2022-07-28T00:00:00Z,5 and over,M,FALSE,FALSE,FALSE,R,,S,S,,S,,,,,,,,S,,,S,S,S,,
2024/3601,MI02368/24,Sputum,Aspergillus fumigatus,Fungi,2024,2024-09-26T00:00:00Z,5 and over,F,FALSE,FALSE,FALSE,,,,,,,,,,,,,,,,,,,,,
2024/3825,MI02370/24,Urine,Escherichia coli,Enterobacterales,2024,2024-09-26T14:46:00Z,5 and over,F,FALSE,FALSE,FALSE,R,R,,R,R,R,,,,,,,R,R,,R,R,R,R,,
2024/3223,MI02371/24,Wound swab,Staphylococcus aureus,Other,2024,2024-09-26T00:00:00Z,5 and over,F,FALSE,FALSE,FALSE,S,S,S,S,,S,,,S,,,,,,,,S,S,,S,
2022/3550,MI02372/22,Blood Culture,Micrococcus spp.,Other,2022,2022-07-28T00:00:00Z,Under 5,M,FALSE,FALSE,FALSE,,,,,,,,,,,,,,,,,,,,,
2020/4069,MI02375/24,Sputum,Enterobacter cloacae,Enterobacterales,2024,2024-09-27T00:00:00Z,5 and over,M,FALSE,TRUE,TRUE,S,S,S,S,,S,,,,,,,,S,,,S,S,S,,
2002/7850,MI02382/25,Sputum,Candida spp.,Fungi,2025,2025-10-30T07:04:00Z,5 and over,M,FALSE,FALSE,FALSE,,,,,,,,,,,,,,,,,,,,,
2022/3686,MI02384/22,Wound swab,Staphylococcus aureus,Other,2022,2022-07-29T00:00:00Z,5 and over,M,FALSE,FALSE,FALSE,S,S,S,S,,S,,,S,,,,,,,,,,,R,S
2024/3878,MI02387/24,Sputum,Candida spp.,Fungi,2024,2024-10-01T00:00:00Z,5 and over,M,FALSE,FALSE,FALSE,,,,,,,,,,,,,,,,,,,,,
2024/3892,MI02390/24,Throat swab,Candida spp.,Fungi,2024,2024-10-02T00:00:00Z,5 and over,F,FALSE,FALSE,FALSE,,,,,,,,,,,,,,,,,,,,,
2025/4011,MI02395/25,Blood Culture,Staphylococcus aureus,Other,2025,2025-10-30T13:52:00Z,5 and over,M,FALSE,FALSE,FALSE,S,S,S,S,,S,,,,,,,,,,,,,R,,
2025/4011,MI02396/25,Wound swab,Staphylococcus aureus,Other,2025,2025-10-30T13:53:00Z,5 and over,M,FALSE,FALSE,FALSE,R,S,,S,,,,,R,,,,,,R,,,S,,R,
2010/6274,MI02399/25,Urine,Coliform spp.,Enterobacterales,2025,2025-10-31T00:00:00Z,5 and over,F,FALSE,FALSE,FALSE,R,R,S,,,R,,,,,,,R,S,,S,S,S,R,,
2024/3926,MI02401/24,Urine,Escherichia coli,Enterobacterales,2024,2024-10-03T00:00:00Z,5 and over,F,FALSE,FALSE,FALSE,R,S,,S,S,S,,,,,,,S,S,,S,S,S,R,,
2024/3926,MI02402/24,Low Vaginal swab,Candida spp.,Fungi,2024,2024-10-03T00:00:00Z,5 and over,F,FALSE,FALSE,FALSE,,,,,,,,,,,,,,,,,,,,,
2023/3812,MI02404/23,Urine,Escherichia coli,Enterobacterales,2023,2023-08-28T00:00:00Z,Under 5,F,FALSE,FALSE,FALSE,R,S,,,S,,,,,,,,S,S,,,,,R,,
2023/2312,MI02405/24,Sputum,Stenotrophomonas maltophilia,Non-fermentor,2024,2024-10-03T00:00:00Z,5 and over,M,FALSE,FALSE,FALSE,S,S,S,S,,S,,,,,,,R,S,,R,S,S,R,,
2021/3500,MI02413/21,Blood Culture,Micrococcus spp.,Other,2021,2021-09-02T00:00:00Z,5 and over,F,FALSE,FALSE,FALSE,,,,,,,,,,,,,,,,,,,,,
2023/0230,MI02420/23,Urine,Klebsiella pneumoniae,Enterobacterales,2023,2023-08-29T00:00:00Z,5 and over,F,FALSE,FALSE,FALSE,R,R,,R,,R,,,,,,,R,R,,R,S,S,R,,
2021/3508,MI02422/21,Wound swab,Staphylococcus aureus,Other,2021,2021-09-02T00:00:00Z,5 and over,M,FALSE,FALSE,FALSE,R,S,S,S,,S,,,S,,,,,,,,,,,R,
2025/2415,MI02424/25,Blood Culture,Proteus spp.,Enterobacterales,2025,2025-11-03T18:00:00Z,5 and over,M,FALSE,FALSE,FALSE,R,R,R,R,,S,,,,,,,R,R,,R,,,R,,
2024/3972,MI02428/24,Sputum,Klebsiella pneumoniae,Enterobacterales,2024,2024-10-08T00:00:00Z,5 and over,M,FALSE,FALSE,FALSE,S,S,S,S,R,S,,,,,,,S,S,,S,S,S,R,,
2024/3923,MI02431/24,Sputum,Candida spp.,Fungi,2024,2024-10-08T00:00:00Z,5 and over,M,FALSE,FALSE,FALSE,,,,,,,,,,,,,,,,,,,,,
2023/3876,MI02436/23,Blood Culture,Micrococcus spp.,Other,2023,2023-08-30T00:00:00Z,Under 5,F,FALSE,FALSE,FALSE,,,,,,,,,,,,,,,,,,,,,
2022/6320,MI02437/24,Urine,Pseudomonas oryzihabitans,Non-fermentor,2024,2024-10-09T00:00:00Z,5 and over,M,FALSE,FALSE,FALSE,S,R,,R,R,S,,,,,,,R,R,,R,R,S,R,,
2024/3968,MI02439/24,Urine,Klebsiella aerogenes,Enterobacterales,2024,2024-10-09T12:32:00Z,5 and over,F,FALSE,TRUE,TRUE,S,R,,S,R,S,,,,,,,S,S,,R,S,S,R,,
2023/3699,MI02441/23,Wound swab,Escherichia coli,Enterobacterales,2023,2023-08-30T00:00:00Z,5 and over,F,FALSE,FALSE,FALSE,R,S,,,,S,,,,,,,R,R,,S,S,,R,,
2018/3631,MI02442/21,Urine,Escherichia coli,Enterobacterales,2021,2021-09-06T00:00:00Z,5 and over,F,FALSE,FALSE,FALSE,R,S,,R,S,S,,,,,,,S,S,,R,,,R,,
2024/3251,MI02442/24,Wound swab,Salmonella spp.,Enterobacterales,2024,2024-10-09T16:36:00Z,5 and over,F,FALSE,FALSE,FALSE,S,S,S,R,,S,,,,,,,S,S,,S,S,S,S,,
2023/3800,MI02443/23,Blood Culture,Enterobacter spp.,Enterobacterales,2023,2023-08-30T00:00:00Z,5 and over,F,FALSE,FALSE,FALSE,R,R,R,R,,S,,,,,,,R,R,,S,S,S,R,,
2024/4025,MI02448/24,Urine,Escherichia coli,Enterobacterales,2024,2024-10-10T00:00:00Z,Under 5,M,FALSE,FALSE,FALSE,R,S,,R,S,S,,S,,,,,S,S,,R,S,S,R,,
2017/4727,MI02449/21,Blood Culture,Burkholderia cepacia,Non-fermentor,2021,2021-09-06T00:00:00Z,5 and over,F,FALSE,FALSE,FALSE,S,,S,,,,,,,,,,,S,,,,,,,
2022/5907,MI02453/23,Wound swab,Proteus mirabilis,Enterobacterales,2023,2023-08-31T00:00:00Z,5 and over,F,FALSE,FALSE,FALSE,R,S,,,,S,,,,,,,S,S,,S,S,,R,,
2023/3894,MI02454/23,Blood Culture,Micrococcus spp.,Other,2023,2023-08-31T00:00:00Z,Under 5,M,FALSE,FALSE,FALSE,,,,,,,,,,,,,,,,,,,,,
2018/1260,MI02456/24,Sputum,Candida spp.,Fungi,2024,2024-10-10T00:00:00Z,5 and over,F,FALSE,FALSE,FALSE,,,,,,,,,,,,,,,,,,,,,
2025/4047,MI02458/25,Sputum,Klebsiella pneumoniae,Enterobacterales,2025,2025-11-06T11:30:00Z,5 and over,M,FALSE,FALSE,FALSE,R,S,S,S,,S,,,,,,,S,R,,S,S,,R,,
2018/3390,MI02462/22,Urine,Candida spp.,Fungi,2022,2022-08-04T00:00:00Z,5 and over,M,FALSE,FALSE,FALSE,,,,,,,,,,,,,,,,,,,,,
2023/1768,MI02464/24,Urine,Klebsiella pneumoniae,Enterobacterales,2024,2024-10-11T14:20:00Z,5 and over,F,FALSE,FALSE,FALSE,R,R,,S,S,S,,,,,,,R,R,,R,S,,R,,
2013/5510,MI02468/21,Urine,Escherichia coli,Enterobacterales,2021,2021-09-07T00:00:00Z,5 and over,F,FALSE,FALSE,FALSE,R,S,,R,S,R,,,,,,,S,S,,R,,,R,,
2025/4123,MI02468/25,Sputum,Pseudomonas aeruginosa,Non-fermentor,2025,2025-11-07T00:00:00Z,5 and over,M,FALSE,FALSE,FALSE,,S,,,,S,,,,S,,,,S,,,,,,,
2023/3908,MI02472/23,Urine,Escherichia coli,Enterobacterales,2023,2023-09-01T00:00:00Z,5 and over,F,FALSE,FALSE,FALSE,R,S,,R,,S,,,,,,,S,S,,S,S,S,R,,
2024/3999,MI02474/24,Urine,Klebsiella pneumoniae,Enterobacterales,2024,2024-10-14T14:50:00Z,5 and over,F,TRUE,FALSE,TRUE,R,R,,R,,R,,,,,,,R,R,,R,S,S,R,,
2023/3602,MI02482/23,Sputum,Pseudomonas aeruginosa,Non-fermentor,2023,2023-09-01T00:00:00Z,5 and over,M,FALSE,FALSE,FALSE,,R,,,,R,,,,,,,,S,,,S,S,,,
2020/3507,MI02485/24,High Vaginal swab,Candida spp.,Fungi,2024,2024-10-15T00:00:00Z,5 and over,F,FALSE,FALSE,FALSE,,,,,,,,,,,,,,,,,,,,,
2025/2415,MI02485/25,Wound swab,Pseudomonas aeruginosa,Non-fermentor,2025,2025-11-10T13:49:00Z,5 and over,M,FALSE,FALSE,FALSE,,,,,,R,,,,R,,,,R,,,,,,,
2019/4875,MI02487/22,Sputum,Pseudomonas spp.,Non-fermentor,2022,2022-08-09T00:00:00Z,5 and over,F,FALSE,FALSE,FALSE,,S,,,,S,,,,S,,,,S,,,,,,,
1998/0952,MI02491/24,Wound swab,Escherichia coli,Enterobacterales,2024,2024-10-15T17:06:00Z,5 and over,M,FALSE,FALSE,FALSE,R,S,S,R,,S,,,,,,,R,R,,R,S,S,R,,
2025/2599,MI02493/25,High Vaginal swab,Candida spp.,Fungi,2025,2025-11-10T00:00:00Z,5 and over,F,FALSE,FALSE,FALSE,,,,,,,,,,,,,,,,,,,,,
2024/3722,MI02501/24,Sputum,Klebsiella pneumoniae,Enterobacterales,2024,2024-10-16T00:00:00Z,5 and over,M,FALSE,FALSE,FALSE,S,S,S,S,,S,,,,,,,S,S,,S,S,S,R,,
2021/2549,MI02502/21,Urine,Staphylococcus saprophyticus,Other,2021,2021-09-10T00:00:00Z,5 and over,F,FALSE,FALSE,FALSE,R,R,,S,S,S,,,S,,,,,,,,,,,R,
2022/1088,MI02503/25,Sputum,Coliform spp.,Enterobacterales,2025,2025-11-11T00:00:00Z,5 and over,M,FALSE,FALSE,FALSE,R,R,,R,,R,,,,,,,R,S,,R,R,,R,,
2025/4168,MI02506/25,Blood Culture,Micrococcus spp.,Other,2025,2025-11-11T13:01:00Z,Under 5,M,FALSE,FALSE,FALSE,,,,,,,,,,,,,,,,,,,,,
2024/2918,MI02511/24,Blood Culture,Escherichia coli,Enterobacterales,2024,2024-10-17T10:40:00Z,5 and over,M,FALSE,FALSE,FALSE,R,R,S,R,,R,,,,,,,R,R,,R,S,S,R,,
2019/4875,MI02516/22,Sputum,Acinetobacter junii,Non-fermentor,2022,2022-08-10T00:00:00Z,5 and over,F,FALSE,FALSE,FALSE,R,R,R,S,,R,,,,,,,S,S,,S,S,,S,,
2022/3866,MI02518/22,Urine,Candida spp.,Fungi,2022,2022-08-10T00:00:00Z,5 and over,F,FALSE,FALSE,FALSE,,,,,,,,,,,,,,,,,,,,,
2022/3866,MI02519/22,Low Vaginal swab,Candida spp.,Fungi,2022,2022-08-10T00:00:00Z,5 and over,F,FALSE,FALSE,FALSE,,,,,,,,,,,,,,,,,,,,,
2021/2238,MI02520/21,Blood Culture,Salmonella spp.,Enterobacterales,2021,2021-09-13T00:00:00Z,Under 5,M,FALSE,FALSE,FALSE,S,S,S,S,,S,,,,,,,S,S,,S,,,R,,
2017/2562,MI02521/21,Wound swab,Pseudomonas aeruginosa,Non-fermentor,2021,2021-09-13T00:00:00Z,5 and over,F,FALSE,FALSE,FALSE,,R,,,,R,,,,,,,,R,,,,,,,
2024/4024,MI02522/25,Urine,Coliform spp.,Enterobacterales,2025,2025-11-13T13:17:00Z,5 and over,F,TRUE,FALSE,TRUE,R,S,,R,R,R,,,,,,,R,R,,R,S,S,R,,
2023/1183,MI02524/23,Sputum,Enterobacter cloacae,Enterobacterales,2023,2023-09-05T00:00:00Z,5 and over,F,FALSE,TRUE,TRUE,S,S,,,R,S,,,,S,,,,S,,R,S,,,,
2023/1183,MI02524/23,Sputum,Pseudomonas spp.,Non-fermentor,2023,2023-09-05T00:00:00Z,5 and over,F,FALSE,FALSE,FALSE,,S,,,,S,,,,S,,,,S,,,S,S,,,
2025/4227,MI02528/25,Wound swab,Staphylococcus aureus,Other,2025,2025-11-14T00:00:00Z,Under 5,M,FALSE,FALSE,FALSE,S,R,S,S,,R,,,R,,,,,,,,,,,,
2024/4130,MI02530/24,Urine,Candida spp.,Fungi,2024,2024-10-18T11:27:00Z,5 and over,F,FALSE,FALSE,FALSE,,,,,,,,,,,,,,,,,,,,,
2021/3688,MI02534/21,Wound swab,Enterobacter cloacae,Enterobacterales,2021,2021-09-14T00:00:00Z,5 and over,F,FALSE,TRUE,TRUE,R,S,S,R,,S,,,,,,,S,S,,R,,,R,,
2025/4237,MI02536/25,Sputum,Candida spp.,Fungi,2025,2025-11-17T00:00:00Z,5 and over,M,FALSE,FALSE,FALSE,,,,,,,,,,,,,,,,,,,,,
2025/4233,MI02537/25,Urine,Escherichia coli,Enterobacterales,2025,2025-11-17T00:00:00Z,5 and over,M,FALSE,FALSE,FALSE,S,,,R,S,S,,,,,,,S,S,,R,S,,R,,
2020/5095,MI02542/21,Pus aspirate,Klebsiella pneumoniae,Enterobacterales,2021,2021-09-14T00:00:00Z,5 and over,F,FALSE,FALSE,FALSE,S,S,S,S,,S,,,,,,,S,S,,R,,,R,,
2023/3988,MI02543/23,Sputum,Acinetobacter baumannii,Non-fermentor,2023,2023-09-05T00:00:00Z,5 and over,M,FALSE,FALSE,FALSE,R,S,,,,S,,,,,,,S,S,,,S,,,,
2023/3196,MI02547/23,Sputum,Enterobacter cloacae,Enterobacterales,2023,2023-09-04T00:00:00Z,5 and over,M,FALSE,TRUE,TRUE,S,S,,,,S,,,,,,,S,S,,R,S,,,,
2022/3889,MI02548/22,Blood Culture,Escherichia coli,Enterobacterales,2022,2022-08-11T00:00:00Z,5 and over,M,FALSE,FALSE,FALSE,R,S,S,R,,R,,,,,,,S,S,,R,S,S,R,,
2023/4049,MI02549/23,Wound swab,Staphylococcus aureus,Other,2023,2023-09-07T00:00:00Z,Under 5,M,FALSE,FALSE,FALSE,S,S,S,S,,S,,,S,,,,,,,,,,,R,S
2016/3546,MI02550/22,Blood Culture,Corynebacterium aurimucosum,Other,2022,2022-08-12T00:00:00Z,5 and over,M,FALSE,FALSE,FALSE,,,,,,,,,,,,,,,,,,,,,
2025/4276,MI02554/25,Urine,Coliform spp.,Enterobacterales,2025,2025-11-19T00:00:00Z,5 and over,F,FALSE,FALSE,FALSE,R,S,,R,S,R,,,,,,,R,S,,S,S,,R,,
2018/7020,MI02560/22,Blood Culture,Corynebacterium amycolatum,Other,2022,2022-08-12T00:00:00Z,5 and over,F,FALSE,FALSE,FALSE,,,,,,,,,,,,,,,,,,,,,
2007/3910,MI02560/24,Low Vaginal swab,Candida spp.,Fungi,2024,2024-10-23T00:00:00Z,5 and over,F,FALSE,FALSE,FALSE,,,,,,,,,,,,,,,,,,,,,
2023/4067,MI02562/23,Blood Culture,Escherichia coli,Enterobacterales,2023,2023-09-08T00:00:00Z,5 and over,M,FALSE,FALSE,FALSE,R,R,S,R,,R,,,,,,,R,S,,S,S,,R,,
2021/1936,MI02563/22,Pus aspirate,Staphylococcus aureus,Other,2022,2022-08-13T00:00:00Z,5 and over,M,FALSE,FALSE,FALSE,R,S,S,S,,S,,,S,,,,,,,,,,,S,S
2019/4702,MI02567/24,Sputum,Candida spp.,Fungi,2024,2024-10-23T00:00:00Z,5 and over,M,FALSE,FALSE,FALSE,,,,,,,,,,,,,,,,,,,,,
2025/4315,MI02567/25,Wound swab,Proteus spp.,Enterobacterales,2025,2025-11-20T00:00:00Z,5 and over,M,FALSE,FALSE,FALSE,R,S,S,,,S,,,,,,,S,S,,S,,S,R,,
2004/5011,MI02568/21,Wound swab,Staphylococcus aureus,Other,2021,2021-09-16T00:00:00Z,5 and over,F,FALSE,FALSE,FALSE,S,,S,S,,S,,,S,,,,,,S,,,,,R,
2009/2491,MI02572/24,Ear swab,Pseudomonas aeruginosa,Non-fermentor,2024,2024-10-24T00:00:00Z,5 and over,F,FALSE,FALSE,FALSE,,S,,,,S,,,,,,,,S,,,,S,,,
2021/2956,MI02574/23,Urine,Enterobacter cloacae,Enterobacterales,2023,2023-09-09T00:00:00Z,5 and over,M,FALSE,TRUE,TRUE,R,R,,R,R,S,,,,,,,R,S,,R,,,R,,
2019/3243,MI02575/25,Blood Culture,Micrococcus spp.,Other,2025,2025-11-22T23:19:00Z,5 and over,M,FALSE,FALSE,FALSE,,,,,,,,,,,,,,,,,,,,,
1978/2617,MI02576/23,Urine,Escherichia coli,Enterobacterales,2023,2023-09-11T00:00:00Z,5 and over,M,FALSE,FALSE,FALSE,S,S,,S,S,S,,,,,,,S,S,,S,,,S,,
2024/4064,MI02577/24,Sputum,Candida spp.,Fungi,2024,2024-10-24T15:24:00Z,5 and over,M,FALSE,FALSE,FALSE,,,,,,,,,,,,,,,,,,,,,
2023/4073,MI02578/23,Blood Culture,Group C/G Streptococcus,Haemolytic Streptococcus,2023,2023-09-11T00:00:00Z,5 and over,F,FALSE,FALSE,FALSE,R,,S,R,,,,,S,,,,,,S,,,,S,S,
2017/5015,MI02578/25,Wound swab,Staphylococcus aureus,Other,2025,2025-11-24T00:00:00Z,5 and over,F,FALSE,FALSE,FALSE,S,S,S,S,,S,,,R,,,,,,S,,,,,R,
2024/3848,MI02579/24,Blood Culture,Corynebacterium spp.,Other,2024,2024-10-24T22:55:00Z,5 and over,F,FALSE,FALSE,FALSE,,,,,,,,,,,,,,,,,,,,,
2023/4067,MI02584/23,Wound swab,Escherichia coli,Enterobacterales,2023,2023-09-11T00:00:00Z,5 and over,M,FALSE,FALSE,FALSE,R,R,S,R,,R,,,,,,,R,R,,S,S,,R,,
2024/4106,MI02587/24,Blood Culture,Acinetobacter baumannii,Non-fermentor,2024,2024-10-26T11:55:00Z,5 and over,M,FALSE,FALSE,FALSE,R,R,R,R,,R,,,,,,,R,S,,,S,S,R,,
2023/0851,MI02593/24,Urine,Staphylococcus aureus,Other,2024,2024-10-28T00:00:00Z,5 and over,F,FALSE,FALSE,FALSE,S,S,S,S,,S,,,S,,,,,,,,,S,,R,
2021/3737,MI02594/21,Urine,Enterococcus spp.,Other,2021,2021-09-17T00:00:00Z,5 and over,M,FALSE,FALSE,FALSE,,,,R,S,R,,,,,,,,,S,,,,S,S,
2021/3777,MI02596/21,Wound swab,Staphylococcus aureus,Other,2021,2021-09-18T00:00:00Z,Under 5,F,FALSE,FALSE,FALSE,S,S,S,R,,S,,,S,,,,,,S,,,,,R,
2024/4303,MI02596/24,Urine,Escherichia coli,Enterobacterales,2024,2024-10-29T15:41:00Z,5 and over,F,FALSE,FALSE,FALSE,R,S,,R,S,S,,,,,,,S,S,,R,S,S,R,,
1998/2114,MI02599/24,Sputum,Aspergillus fumigatus,Fungi,2024,2024-10-29T00:00:00Z,5 and over,M,FALSE,FALSE,FALSE,,,,,,,,,,,,,,,,,,,,,
2025/4362,MI02602/25,Sputum,Klebsiella pneumoniae,Enterobacterales,2025,2025-11-25T00:00:00Z,5 and over,M,FALSE,FALSE,FALSE,S,S,S,S,,S,,,,,,,S,S,,S,S,,R,,
2021/3536,MI02605/21,Urine,Candida spp.,Fungi,2021,2021-09-20T00:00:00Z,5 and over,F,FALSE,FALSE,FALSE,,,,,,,,,,,,,,,,,,,,,
2025/4164,MI02607/25,Blood Culture,Staphylococcus aureus,Other,2025,2025-11-25T16:06:00Z,5 and over,F,FALSE,FALSE,FALSE,R,S,S,S,,S,,,R,,,,,,S,,,,,R,
2023/5521,MI02611/24,Wound swab,Pseudomonas aeruginosa,Non-fermentor,2024,2024-10-31T09:45:00Z,5 and over,F,FALSE,FALSE,FALSE,,S,,,,S,,,,,,,,S,,,,S,,,
2022/0828,MI02615/23,Sputum,Klebsiella pneumoniae,Enterobacterales,2023,2023-09-13T00:00:00Z,5 and over,M,FALSE,FALSE,FALSE,R,S,S,R,,S,,,,,,,S,S,,S,S,S,R,,
2011/3701,MI02617/24,Ear swab,Pseudomonas spp.,Non-fermentor,2024,2024-10-31T00:00:00Z,5 and over,F,FALSE,FALSE,FALSE,,R,,,,R,,,,,,,,R,,,S,R,,,
2011/3701,MI02617/24,Ear swab,Candida spp.,Fungi,2024,2024-10-31T00:00:00Z,5 and over,F,FALSE,FALSE,FALSE,,,,,,,,,,,,,,,,,,,,,
2025/4405,MI02617/25,Sputum,Coliform spp.,Enterobacterales,2025,2025-11-27T00:00:00Z,5 and over,M,FALSE,FALSE,FALSE,R,S,S,S,,S,,,,,,,S,S,,S,,S,R,R,
2024/2173,MI02618/25,High Vaginal swab,Candida spp.,Fungi,2025,2025-11-27T00:00:00Z,5 and over,F,FALSE,FALSE,FALSE,,,,,,,,,,,,,,,,,,,,,
2025/4409,MI02620/25,Urine,Coliform spp.,Enterobacterales,2025,2025-11-27T00:00:00Z,5 and over,F,FALSE,FALSE,FALSE,S,S,,R,S,S,,,,,,,S,S,,R,S,S,R,,
2023/4077,MI02624/23,Blood Culture,Escherichia coli,Enterobacterales,2023,2023-09-14T00:00:00Z,5 and over,M,FALSE,FALSE,FALSE,R,S,S,R,,R,,,,,,,S,S,,S,S,S,R,,
2021/3848,MI02627/21,Wound swab,Staphylococcus aureus,Other,2021,2021-09-22T00:00:00Z,5 and over,F,FALSE,FALSE,FALSE,R,S,S,R,,R,,,S,,,,,,S,,,,,R,
2023/4077,MI02627/23,Blood Culture,Klebsiella pneumoniae,Enterobacterales,2023,2023-09-14T00:00:00Z,5 and over,M,FALSE,FALSE,FALSE,R,S,R,R,,S,,,,,,,S,S,,S,S,S,R,,
2009/0832,MI02637/21,Urine,Escherichia coli,Enterobacterales,2021,2021-09-23T00:00:00Z,5 and over,F,FALSE,FALSE,FALSE,,R,,R,,R,,,,,,,R,R,,S,,,R,,
2025/4355,MI02640/25,Blood Culture,Enterococcus spp.,Other,2025,2025-12-02T13:07:00Z,5 and over,M,FALSE,FALSE,FALSE,R,,R,R,,,,,R,,,,R,,R,S,,,S,R,
2021/3510,MI02644/21,Sputum,Escherichia coli,Enterobacterales,2021,2021-09-23T00:00:00Z,5 and over,F,FALSE,FALSE,FALSE,R,S,S,R,,S,,R,,,,,R,R,,S,,,R,,
2025/4324,MI02646/25,Urine,Coliform spp.,Enterobacterales,2025,2025-12-02T16:05:00Z,5 and over,F,FALSE,FALSE,FALSE,S,S,,S,R,S,,,,,,,S,S,,S,S,,S,,
2023/4067,MI02649/23,Blood Culture,Pseudomonas aeruginosa,Non-fermentor,2023,2023-09-18T00:00:00Z,5 and over,M,FALSE,FALSE,FALSE,,S,,,,S,,,,S,,,,S,,,S,S,,,
2023/4212,MI02652/23,Blood Culture,Staphylococcus aureus,Other,2023,2023-09-18T00:00:00Z,5 and over,M,FALSE,FALSE,FALSE,S,S,S,S,,S,,,S,,,,,,,,,,,R,S
2021/1999,MI02655/22,Ear swab,Pseudomonas aeruginosa,Non-fermentor,2022,2022-08-22T00:00:00Z,5 and over,M,FALSE,FALSE,FALSE,,S,,,,S,,,,S,,,,S,,,,,,,
2025/4492,MI02656/25,Low Vaginal swab,Candida spp.,Fungi,2025,2025-12-03T00:00:00Z,5 and over,F,FALSE,FALSE,FALSE,,,,,,,,,,,,,,,,,,,,,
2022/4051,MI02658/22,Urine,Escherichia coli,Enterobacterales,2022,2022-08-22T00:00:00Z,Under 5,F,FALSE,FALSE,FALSE,S,S,,S,S,S,,,,,,,,S,,S,S,S,S,,
2025/4404,MI02662/25,Wound swab,Staphylococcus aureus,Other,2025,2025-12-03T15:33:00Z,5 and over,M,FALSE,FALSE,FALSE,R,S,R,S,,S,,,S,,,,,,,,,,,R,
2022/0335,MI02666/24,Sputum,Candida spp.,Fungi,2024,2024-11-04T14:01:00Z,5 and over,M,FALSE,FALSE,FALSE,,,,,,,,,,,,,,,,,,,,,
2020/4635,MI02667/25,Low Vaginal swab,Candida spp.,Fungi,2025,2025-12-04T10:27:00Z,5 and over,F,FALSE,FALSE,FALSE,,,,,,,,,,,,,,,,,,,,,
2009/5895,MI02668/25,Sputum,Coliform spp.,Enterobacterales,2025,2025-12-04T00:00:00Z,5 and over,M,FALSE,FALSE,FALSE,R,S,S,R,,R,,,,,,,R,R,,R,R,R,R,,
2008/3352,MI02671/23,Ear swab,Klebsiella pneumoniae,Enterobacterales,2023,2023-09-20T00:00:00Z,5 and over,F,FALSE,FALSE,FALSE,R,R,S,S,,S,,,,,,,S,S,,R,,,R,,
2011/1537,MI02671/25,Blood Culture,Enterobacter cloacae,Enterobacterales,2025,2025-12-04T14:10:00Z,5 and over,M,FALSE,TRUE,TRUE,S,R,S,S,,S,,,,,,,S,S,,R,R,R,R,,
1997/8388,MI02679/24,Urine,Escherichia coli,Enterobacterales,2024,2024-11-05T00:00:00Z,5 and over,F,FALSE,FALSE,FALSE,R,S,,R,S,S,,,,,,,S,S,,S,S,S,R,,
2020/2739,MI02680/24,High Vaginal swab,Candida spp.,Fungi,2024,2024-11-05T00:00:00Z,5 and over,F,FALSE,FALSE,FALSE,,,,,,,,,,,,,,,,,,,,,
2024/4303,MI02682/24,Urine,Candida spp.,Fungi,2024,2024-11-05T11:08:00Z,5 and over,F,FALSE,FALSE,FALSE,,,,,,,,,,,,,,,,,,,,,
2025/4487,MI02683/25,Wound swab,Staphylococcus aureus,Other,2025,2025-12-05T10:35:00Z,Under 5,M,FALSE,FALSE,FALSE,S,S,S,R,,S,,,S,,,,,,,,,,,R,
2024/4387,MI02684/24,Blood Culture,Klebsiella pneumoniae,Enterobacterales,2024,2024-11-05T11:59:00Z,5 and over,F,FALSE,FALSE,FALSE,S,S,S,S,,S,,,,,,,S,S,,S,S,S,S,,
2015/4895,MI02686/21,Throat swab,Candida spp.,Fungi,2021,2021-09-28T00:00:00Z,5 and over,F,FALSE,FALSE,FALSE,,,,,,,,,,,,,,,,,,,,,
2023/4161,MI02687/23,Sputum,Candida spp.,Fungi,2023,2023-09-20T00:00:00Z,5 and over,F,FALSE,FALSE,FALSE,,,,,,,,,,,,,,,,,,,,,
2020/2739,MI02691/23,Low Vaginal swab,Candida spp.,Fungi,2023,2023-09-21T00:00:00Z,5 and over,F,FALSE,FALSE,FALSE,,,,,,,,,,,,,,,,,,,,,
2023/4299,MI02705/23,Blood Culture,Micrococcus spp.,Other,2023,2023-09-21T00:00:00Z,Under 5,F,FALSE,FALSE,FALSE,,,,,,,,,,,,,,,,,,,,,
2024/4471,MI02705/24,Sputum,Candida spp.,Fungi,2024,2024-11-07T00:00:00Z,5 and over,M,FALSE,FALSE,FALSE,,,,,,,,,,,,,,,,,,,,,
2024/4499,MI02711/24,Urine,Escherichia coli,Enterobacterales,2024,2024-11-07T00:00:00Z,5 and over,F,FALSE,FALSE,FALSE,,S,,S,S,R,,,,,,,S,S,,R,S,S,R,,
2023/4298,MI02712/23,Blood Culture,Staphylococcus aureus,Other,2023,2023-09-21T00:00:00Z,Under 5,M,FALSE,FALSE,FALSE,R,R,S,R,,S,,,R,,,,,,,,,,,R,
2024/4506,MI02716/24,Sputum,Escherichia coli,Enterobacterales,2024,2024-11-08T13:23:00Z,5 and over,F,FALSE,FALSE,FALSE,R,R,S,S,,S,,,,,,,R,R,,S,S,S,R,,
2022/4120,MI02717/22,Urine,Klebsiella pneumoniae,Enterobacterales,2022,2022-08-26T00:00:00Z,5 and over,M,TRUE,FALSE,TRUE,R,R,,R,R,S,,,,,,,R,R,,R,S,S,R,,
2021/4011,MI02718/21,Urine,Group B Streptococcus,Haemolytic Streptococcus,2021,2021-10-01T00:00:00Z,5 and over,F,FALSE,FALSE,FALSE,,,,R,S,,,,S,,,,,,S,,,,S,S,
2022/4126,MI02720/22,Blood Culture,Corynebacterium aurimucosum,Other,2022,2022-08-26T00:00:00Z,5 and over,M,FALSE,FALSE,FALSE,,,,,,,,,,,,,,,,,,,,,
2021/3997,MI02721/21,Wound swab,Staphylococcus aureus,Other,2021,2021-10-01T00:00:00Z,5 and over,F,FALSE,FALSE,FALSE,R,S,S,,,S,,,S,,,,,,,,,,,R,
2021/4013,MI02723/21,Wound swab,Proteus mirabilis,Enterobacterales,2021,2021-10-01T00:00:00Z,5 and over,F,TRUE,FALSE,TRUE,R,S,S,R,,S,,,,,,,S,S,,S,,,R,,
2021/4013,MI02723/21,Wound swab,Klebsiella pneumoniae,Enterobacterales,2021,2021-10-01T00:00:00Z,5 and over,F,TRUE,FALSE,TRUE,R,R,S,S,,S,,,,,,,R,R,,S,,,R,,
2023/4772,MI02724/24,Urine,Staphylococcus saprophyticus,Other,2024,2024-11-11T00:00:00Z,5 and over,F,FALSE,FALSE,FALSE,R,R,S,R,S,R,,,R,,,,,,,,,,,R,
2023/4344,MI02732/23,Wound swab,Proteus mirabilis,Enterobacterales,2023,2023-09-26T00:00:00Z,5 and over,M,FALSE,FALSE,FALSE,S,S,,,,S,,,,,,,S,S,,S,S,S,S,,
2023/4344,MI02732/23,Wound swab,Serratia fonticola,Enterobacterales,2023,2023-09-26T00:00:00Z,5 and over,M,FALSE,FALSE,FALSE,R,S,,,,S,,,,,,,S,S,,S,S,S,R,,
2023/4354,MI02736/23,Sputum,Klebsiella pneumoniae,Enterobacterales,2023,2023-09-26T00:00:00Z,5 and over,M,FALSE,FALSE,FALSE,S,S,,,,S,,,,,,,S,S,,,S,S,R,,
1990/4965,MI02738/23,Lung aspirate,Proteus mirabilis,Enterobacterales,2023,2023-09-26T00:00:00Z,5 and over,M,FALSE,FALSE,FALSE,S,S,,,,S,,,,,,,S,S,,S,S,S,S,,
2023/4314,MI02739/23,Pus aspirate,Staphylococcus aureus,Other,2023,2023-09-26T00:00:00Z,Under 5,M,FALSE,FALSE,FALSE,S,S,S,S,,S,,,S,,,,,,,,,,,R,
2022/3764,MI02747/22,Sputum,Streptococcus pneumoniae,Other,2022,2022-08-30T00:00:00Z,5 and over,M,FALSE,FALSE,FALSE,S,,S,S,,,,,S,,,S,,,,,,,S,S,
2025/4624,MI02753/25,Sputum,Candida spp.,Fungi,2025,2025-12-15T00:00:00Z,5 and over,F,FALSE,FALSE,FALSE,,,,,,,,,,,,,,,,,,,,,
2022/1319,MI02756/22,Urine,Escherichia coli,Enterobacterales,2022,2022-08-31T00:00:00Z,5 and over,F,FALSE,FALSE,FALSE,S,S,,S,S,S,,,,,,,S,S,,S,,,R,,
2009/5895,MI02758/25,Sputum,Candida spp.,Fungi,2025,2025-12-16T00:00:00Z,5 and over,M,FALSE,FALSE,FALSE,,,,,,,,,,,,,,,,,,,,,
2023/4374,MI02759/23,Blood Culture,Haemophilus influenzae,Other,2023,2023-09-29T00:00:00Z,5 and over,M,FALSE,FALSE,FALSE,,,S,,,S,,,,,,,S,S,,,S,S,,S,
2022/4206,MI02765/22,Urine,Acinetobacter baumannii,Non-fermentor,2022,2022-09-01T00:00:00Z,5 and over,F,FALSE,FALSE,FALSE,S,S,,S,S,S,,,,,,,R,R,,S,,,R,,
1992/6201,MI02765/25,Urine,Coliform spp.,Enterobacterales,2025,2025-12-17T00:00:00Z,5 and over,F,FALSE,FALSE,FALSE,S,S,,S,S,S,,,,,,,R,S,,S,,S,R,,
2001/3335,MI02766/21,Wound swab,Staphylococcus aureus,Other,2021,2021-10-05T00:00:00Z,5 and over,M,FALSE,FALSE,FALSE,S,S,S,S,,,,,S,,,,,,S,,,,S,R,
2023/4396,MI02768/23,Wound swab,Escherichia coli,Enterobacterales,2023,2023-10-02T00:00:00Z,5 and over,F,FALSE,FALSE,FALSE,R,S,R,R,,S,,,,,,,S,S,,S,S,S,R,,
2023/4396,MI02768/23,Wound swab,Proteus spp.,Enterobacterales,2023,2023-10-02T00:00:00Z,5 and over,F,FALSE,FALSE,FALSE,R,S,S,R,,S,,,,,,,S,S,,S,S,S,R,,
2019/5052,MI02769/23,Sputum,Serratia ficaria,Enterobacterales,2023,2023-10-02T00:00:00Z,5 and over,M,TRUE,FALSE,TRUE,S,R,S,R,,S,,,,,,,R,R,,R,,,R,,
2024/0033,MI02777/24,Urine,Escherichia coli,Enterobacterales,2024,2024-11-16T18:37:00Z,5 and over,M,FALSE,FALSE,FALSE,R,R,,R,S,R,,,,,,,R,R,,S,S,S,R,,
2021/2680,MI02778/21,Wound swab,Staphylococcus aureus,Other,2021,2021-10-07T00:00:00Z,Under 5,F,TRUE,FALSE,TRUE,S,R,S,R,,R,,,R,,,,,,S,,,,,R,
2021/2680,MI02778/21,Wound swab,Klebsiella oxytoca,Enterobacterales,2021,2021-10-07T00:00:00Z,Under 5,F,TRUE,FALSE,TRUE,R,R,,R,,R,R,R,,,,,,R,,S,,,,,
2025/4690,MI02780/25,Urine,Escherichia coli,Enterobacterales,2025,2025-12-18T00:00:00Z,5 and over,F,FALSE,FALSE,FALSE,S,R,,R,S,S,,,,,,,S,S,,R,S,S,R,,
2025/4254,MI02783/25,Urine,Escherichia coli,Enterobacterales,2025,2025-12-18T13:15:00Z,5 and over,F,FALSE,FALSE,FALSE,R,S,,R,S,S,,,,,,,S,S,,S,S,S,R,,
2021/3016,MI02785/21,Sputum,Candida spp.,Fungi,2021,2021-10-07T00:00:00Z,5 and over,F,FALSE,FALSE,FALSE,,,,,,,,,,,,,,,,,,,,,
2021/4061,MI02787/21,Blood Culture,Staphylococcus aureus,Other,2021,2021-10-07T00:00:00Z,5 and over,M,FALSE,FALSE,FALSE,S,R,S,R,,,,R,R,,,,,,S,,,,,R,R
2022/4580,MI02792/23,Sputum,Haemophilus influenzae,Other,2023,2023-09-27T00:00:00Z,5 and over,M,FALSE,FALSE,FALSE,R,,S,S,,S,,,,,,,,,,,,,S,,
2022/4580,MI02792/23,Sputum,Pseudomonas spp.,Non-fermentor,2023,2023-09-27T00:00:00Z,5 and over,M,FALSE,FALSE,FALSE,,R,,,,S,,,,S,,,,S,,S,,,,,
2021/1939,MI02796/21,Urine,Escherichia coli,Enterobacterales,2021,2021-10-08T00:00:00Z,5 and over,F,FALSE,FALSE,FALSE,,S,,R,S,S,,S,,,,,S,,,S,,,R,,
2019/1803,MI02800/24,Lung aspirate,Acinetobacter baumannii,Non-fermentor,2024,2024-11-19T00:00:00Z,5 and over,M,FALSE,FALSE,FALSE,S,S,,S,,S,,,,,,,S,S,,S,S,S,R,,
2019/2797,MI02802/24,Lung aspirate,Pantoea spp.,Enterobacterales,2024,2024-11-19T00:00:00Z,5 and over,F,FALSE,FALSE,FALSE,S,S,S,S,,S,,,,,,,S,S,,S,S,S,R,,
2025/4719,MI02805/25,Wound swab,Staphylococcus aureus,Other,2025,2025-12-22T00:00:00Z,5 and over,M,FALSE,FALSE,FALSE,S,R,S,,,R,,,R,,,,,,,,,S,,R,
2021/1877,MI02812/21,Urine,Candida spp.,Fungi,2021,2021-10-10T00:00:00Z,5 and over,F,FALSE,FALSE,FALSE,,,,,,,,,,,,,,,,,,,,,
2020/1003,MI02812/25,Urine,Coliform spp.,Enterobacterales,2025,2025-12-23T00:00:00Z,5 and over,F,FALSE,FALSE,FALSE,S,S,,S,S,S,,,,,,,R,R,,,S,S,S,,
2018/1652,MI02815/25,Low Vaginal swab,Candida spp.,Fungi,2025,2025-12-23T00:00:00Z,5 and over,F,FALSE,FALSE,FALSE,,,,,,,,,,,,,,,,,,,,,
2025/4743,MI02818/25,Urine,Coliform spp.,Enterobacterales,2025,2025-12-23T13:09:00Z,5 and over,M,FALSE,FALSE,FALSE,S,S,,S,S,S,,,,,,,R,R,,S,S,S,S,,
2021/4169,MI02824/21,Blood Culture,Staphylococcus aureus,Other,2021,2021-10-11T00:00:00Z,Under 5,F,FALSE,FALSE,FALSE,R,,S,R,,,,,R,,,,,,S,,,,,R,S
2019/2253,MI02827/24,Lung aspirate,Klebsiella pneumoniae,Enterobacterales,2024,2024-11-20T00:00:00Z,5 and over,M,FALSE,FALSE,FALSE,,S,S,S,,S,,,,,,,S,S,,S,S,S,R,,
2021/3997,MI02828/21,Urine,Candida spp.,Fungi,2021,2021-10-11T00:00:00Z,5 and over,F,FALSE,FALSE,FALSE,,,,,,,,,,,,,,,,,,,,,
2019/0448,MI02828/24,Lung aspirate,Klebsiella pneumoniae,Enterobacterales,2024,2024-11-20T00:00:00Z,5 and over,M,FALSE,FALSE,FALSE,S,S,S,S,,S,,,,,,,S,S,,S,S,S,R,,
2021/0757,MI02830/21,Urine,Klebsiella pneumoniae,Enterobacterales,2021,2021-10-11T00:00:00Z,5 and over,F,FALSE,FALSE,FALSE,,S,,S,R,S,,S,,,,,S,,,,,,R,,
2017/4738,MI02831/24,Lung aspirate,Klebsiella pneumoniae,Enterobacterales,2024,2024-11-20T00:00:00Z,5 and over,M,FALSE,FALSE,FALSE,S,R,S,,,S,,,,,,,S,S,,S,S,S,S,,
2019/1900,MI02833/24,Sputum,Klebsiella pneumoniae,Enterobacterales,2024,2024-11-20T00:00:00Z,5 and over,F,FALSE,FALSE,FALSE,,S,S,S,,S,,,,,,,S,S,,S,S,S,R,,
2021/4161,MI02836/21,CSF,Escherichia coli,Enterobacterales,2021,2021-10-11T00:00:00Z,Under 5,F,FALSE,FALSE,FALSE,R,S,R,R,,S,,,,,,,S,S,,S,,,R,,
2024/4699,MI02839/24,Blood Culture,Streptococcus pneumoniae,Other,2024,2024-11-21T09:40:00Z,5 and over,M,FALSE,FALSE,FALSE,S,,S,S,,,,,S,,,S,S,,S,,,S,,S,
2021/4169,MI02841/21,Wound swab,Staphylococcus aureus,Other,2021,2021-10-11T00:00:00Z,Under 5,F,FALSE,FALSE,FALSE,S,S,S,S,,,,,S,,,,,,S,,,,,R,
2011/5581,MI02843/21,Sputum,Klebsiella pneumoniae,Enterobacterales,2021,2021-10-11T00:00:00Z,5 and over,F,FALSE,FALSE,FALSE,S,S,S,R,,S,,R,,,,,,,,S,,,R,,
2023/3091,MI02849/23,Blood Culture,Staphylococcus aureus,Other,2023,2023-10-09T00:00:00Z,Under 5,M,FALSE,FALSE,FALSE,R,S,S,R,,S,,,S,,,,,,,,,,,S,
2021/4212,MI02854/21,Urine,Klebsiella pneumoniae,Enterobacterales,2021,2021-10-12T00:00:00Z,5 and over,F,FALSE,FALSE,FALSE,R,S,,,S,S,,S,,,,,,S,,S,,,R,,
2021/5056,MI02855/24,Throat swab,Streptococcus anginosus group,Haemolytic Streptococcus,2024,2024-11-25T00:00:00Z,5 and over,F,FALSE,FALSE,FALSE,R,,,R,,,,,S,,,,,,,,,,S,S,
2021/4200,MI02857/21,Throat swab,Candida spp.,Fungi,2021,2021-10-12T00:00:00Z,Under 5,F,FALSE,FALSE,FALSE,,,,,,,,,,,,,,,,,,,,,
2021/4010,MI02859/21,Sputum,Klebsiella pneumoniae,Enterobacterales,2021,2021-10-12T00:00:00Z,5 and over,F,FALSE,FALSE,FALSE,R,R,S,S,,S,,R,,,,,R,R,S,S,,,R,,
2021/4169,MI02860/21,Pus aspirate,Staphylococcus aureus,Other,2021,2021-10-12T00:00:00Z,Under 5,F,FALSE,FALSE,FALSE,S,S,S,S,,S,,,S,,,,,,S,,,,,R,
2024/3951,MI02860/24,Sputum,Klebsiella pneumoniae,Enterobacterales,2024,2024-11-25T00:00:00Z,5 and over,F,FALSE,FALSE,FALSE,S,S,S,R,,S,,,,,,,S,S,,S,S,S,R,,
2005/4948,MI02868/23,Urine,Escherichia coli,Enterobacterales,2023,2023-10-10T00:00:00Z,5 and over,F,FALSE,FALSE,FALSE,R,R,,R,S,R,,,,,,,R,R,,S,,,,,
2002/8101,MI02869/23,Wound swab,Klebsiella pneumoniae,Enterobacterales,2023,2023-10-10T00:00:00Z,5 and over,F,TRUE,FALSE,TRUE,R,R,S,,,R,,,,,,,R,R,,R,,,,,
2010/5100,MI02875/22,Ear swab,Pseudomonas aeruginosa,Non-fermentor,2022,2022-09-13T00:00:00Z,5 and over,M,FALSE,FALSE,FALSE,,S,,,,S,,,,S,,,,S,,,,,,,
2010/5100,MI02875/22,Ear swab,Proteus mirabilis,Enterobacterales,2022,2022-09-13T00:00:00Z,5 and over,M,FALSE,FALSE,FALSE,S,S,S,R,,S,,,,,,,S,S,,S,S,S,S,,
2021/4243,MI02876/21,Wound swab,Pseudomonas aeruginosa,Non-fermentor,2021,2021-10-13T00:00:00Z,5 and over,M,FALSE,FALSE,FALSE,,S,,,,S,,,,,,,,S,,,,,,,
2021/4253,MI02877/21,High Vaginal swab,Candida spp.,Fungi,2021,2021-10-13T00:00:00Z,5 and over,F,FALSE,FALSE,FALSE,,,,,,,,,,,,,,,,,,,,,
2023/4541,MI02878/23,Wound swab,Staphylococcus aureus,Other,2023,2023-10-10T00:00:00Z,5 and over,M,FALSE,FALSE,FALSE,R,S,S,S,,S,,,S,,,S,S,,,,,,,S,
2023/4541,MI02881/23,Urine,Klebsiella pneumoniae,Enterobacterales,2023,2023-10-10T00:00:00Z,5 and over,M,FALSE,FALSE,FALSE,R,R,,S,S,S,,,,,,,R,R,,R,S,S,R,,
2024/4559,MI02883/24,Blood Culture,Escherichia coli,Enterobacterales,2024,2024-11-26T14:36:00Z,Under 5,F,FALSE,FALSE,FALSE,R,S,S,R,,S,,,,,,,S,S,,R,S,S,R,,
2021/4282,MI02889/21,Sputum,Aspergillus spp.,Fungi,2021,2021-10-14T00:00:00Z,5 and over,M,FALSE,FALSE,FALSE,,,,,,,,,,,,,,,,,,,,,
2023/3818,MI02895/23,Urine,Klebsiella pneumoniae,Enterobacterales,2023,2023-10-11T00:00:00Z,5 and over,M,FALSE,FALSE,FALSE,R,S,,,R,S,,,,,,,S,S,,S,,,R,,
2022/4393,MI02896/22,Pleural aspirate,Escherichia coli,Enterobacterales,2022,2022-09-14T00:00:00Z,5 and over,F,FALSE,FALSE,FALSE,R,S,S,R,,R,,,,,,,S,S,,S,,,R,,
2024/2549,MI02896/24,Sputum,Enterobacter cloacae,Enterobacterales,2024,2024-11-27T00:00:00Z,5 and over,F,FALSE,TRUE,TRUE,S,S,R,R,,S,,,,,,,S,S,,R,,,R,,
2023/3091,MI02897/23,Wound swab,Staphylococcus aureus,Other,2023,2023-10-11T00:00:00Z,Under 5,M,FALSE,FALSE,FALSE,R,S,S,S,,S,,,S,,,,,,,,,,,S,
2021/4293,MI02901/21,Low Vaginal swab,Group B Streptococcus,Haemolytic Streptococcus,2021,2021-10-15T00:00:00Z,5 and over,F,FALSE,FALSE,FALSE,,,S,,,,S,,S,,,,,,S,,,,S,S,
2018/4010,MI02901/24,Ear swab,Pseudomonas aeruginosa,Non-fermentor,2024,2024-11-28T00:00:00Z,5 and over,M,FALSE,FALSE,FALSE,,R,,,,S,,,,,,,,S,,,,S,,,
2022/4433,MI02904/22,Wound swab,Proteus mirabilis,Enterobacterales,2022,2022-09-14T00:00:00Z,5 and over,M,FALSE,FALSE,FALSE,R,S,R,R,,S,,,,,,,S,S,,S,S,S,S,,
2023/5521,MI02913/24,Sputum,Pseudomonas aeruginosa,Non-fermentor,2024,2024-11-28T15:33:00Z,5 and over,F,FALSE,FALSE,FALSE,,R,,,,S,,,,,,,,R,,,,S,,,
1983/0327,MI02921/23,Urine,Citrobacter koseri,Enterobacterales,2023,2023-10-12T00:00:00Z,5 and over,M,FALSE,FALSE,FALSE,R,S,,S,S,S,,,,,,,S,S,,S,S,S,R,,
2021/4313,MI02926/21,Stool,Salmonella spp.,Enterobacterales,2021,2021-10-18T00:00:00Z,Under 5,M,FALSE,FALSE,FALSE,R,S,S,R,,S,S,S,,,,,S,S,,S,,,R,,S
2022/1948,MI02926/22,Pus aspirate,Staphylococcus aureus,Other,2022,2022-09-16T00:00:00Z,5 and over,F,FALSE,FALSE,FALSE,S,S,S,S,,S,,,S,,,,,,,,,,,S,
2023/4604,MI02928/23,Urine,Escherichia coli,Enterobacterales,2023,2023-10-12T00:00:00Z,Under 5,M,FALSE,FALSE,FALSE,R,S,,S,S,S,,,,,,,S,S,,S,S,S,R,,
2021/0956,MI02930/21,Blood Culture,Staphylococcus aureus,Other,2021,2021-10-18T00:00:00Z,5 and over,M,FALSE,FALSE,FALSE,S,S,S,S,,S,,,R,,,,,,S,,,,R,R,S
2016/3546,MI02931/22,Sputum,Candida spp.,Fungi,2022,2022-09-17T00:00:00Z,5 and over,M,FALSE,FALSE,FALSE,,,,,,,,,,,,,,,,,,,,,
2024/4549,MI02931/24,Sputum,Pseudomonas aeruginosa,Non-fermentor,2024,2024-12-02T00:00:00Z,5 and over,M,FALSE,FALSE,FALSE,,R,,,,S,,,,,,,,S,,,,S,,,
2020/1270,MI02934/23,Blood Culture,Haemophilus influenzae,Other,2023,2023-10-13T00:00:00Z,5 and over,F,FALSE,FALSE,FALSE,R,S,S,S,,S,,,,,,,S,S,,S,S,S,S,,
2002/8101,MI02935/23,Wound swab,Klebsiella oxytoca,Enterobacterales,2023,2023-10-13T00:00:00Z,5 and over,F,FALSE,FALSE,FALSE,R,R,S,R,,R,,,,,,,R,R,,R,S,S,R,,
2022/4174,MI02943/22,Blood Culture,Streptococcus spp.,Other,2022,2022-09-19T00:00:00Z,5 and over,M,FALSE,FALSE,FALSE,R,,S,S,,,,,S,,,,,,,,,,S,S,
2006/3666,MI02946/24,Ear swab,Aspergillus fumigatus,Fungi,2024,2024-12-04T00:00:00Z,5 and over,F,FALSE,FALSE,FALSE,,,,,,,,,,,,,,,,,,,,,
2012/4845,MI02947/21,Wound swab,Morganella morganii,Enterobacterales,2021,2021-10-20T00:00:00Z,5 and over,F,FALSE,FALSE,FALSE,S,S,,R,,S,,R,,R,,,S,S,,,,,R,,
2013/3533,MI02948/21,Urine,Klebsiella pneumoniae,Enterobacterales,2021,2021-10-20T00:00:00Z,5 and over,F,FALSE,FALSE,FALSE,S,S,,S,S,S,,S,,,,,S,,,S,,,R,,
2024/4895,MI02953/24,Blood Culture,Pantoea spp.,Enterobacterales,2024,2024-12-04T18:21:00Z,5 and over,F,FALSE,FALSE,FALSE,S,S,,S,,S,,,,,,,S,S,,R,S,S,R,,
2023/3184,MI02960/24,Blood Culture,Staphylococcus aureus,Other,2024,2024-12-05T13:12:00Z,Under 5,F,FALSE,FALSE,FALSE,S,,S,R,,S,,,,,,,R,R,,R,S,S,R,,
2023/3184,MI02960/24,Blood Culture,Streptococcus pneumoniae,Other,2024,2024-12-05T13:12:00Z,Under 5,F,FALSE,FALSE,FALSE,S,,,R,,,,,S,,,,,,,,S,S,R,,
2019/1280,MI02963/22,Blood Culture,Bacillus cereus,Other,2022,2022-09-20T00:00:00Z,Under 5,F,FALSE,FALSE,FALSE,,,,,,,,,,,,,,,,,,,,,
1998/4483,MI02977/24,Urine,Raoultella ornithinolytica,Enterobacterales,2024,2024-12-09T00:00:00Z,5 and over,F,FALSE,FALSE,FALSE,S,S,,S,R,S,,,,,,,S,S,,R,S,S,R,,
2024/2549,MI02978/24,Sputum,Candida spp.,Fungi,2024,2024-12-10T09:16:00Z,5 and over,F,FALSE,FALSE,FALSE,,,,,,,,,,,,,,,,,,,,,
2024/2549,MI02979/24,Sputum,Pseudomonas oryzihabitans,Non-fermentor,2024,2024-12-10T09:23:00Z,5 and over,F,FALSE,FALSE,FALSE,S,R,S,R,,S,,,,,,,R,R,,R,S,S,R,,
2023/4657,MI02982/23,Urine,Klebsiella pneumoniae,Enterobacterales,2023,2023-10-18T00:00:00Z,5 and over,F,FALSE,FALSE,FALSE,S,,S,S,S,S,,,,,,,S,S,,S,S,S,S,,
2023/4697,MI02983/23,Urine,Klebsiella pneumoniae,Enterobacterales,2023,2023-10-18T00:00:00Z,5 and over,F,FALSE,FALSE,FALSE,S,,S,S,S,S,,,,,,,S,S,,S,S,S,S,,
2024/5017,MI02989/24,Sputum,Citrobacter freundii,Enterobacterales,2024,2024-12-10T00:00:00Z,5 and over,F,FALSE,TRUE,TRUE,S,S,S,S,,S,,,,,,,S,S,,S,S,S,R,,
2022/4527,MI02992/22,Pus aspirate,Staphylococcus aureus,Other,2022,2022-09-22T00:00:00Z,Under 5,F,FALSE,FALSE,FALSE,R,S,S,S,,S,,,S,,,,,,,,,,,R,S
2021/4339,MI02995/21,Pus aspirate,Staphylococcus aureus,Other,2021,2021-10-22T00:00:00Z,5 and over,M,FALSE,FALSE,FALSE,S,S,S,S,,S,,,S,,,,,,S,,,,,R,
2022/3918,MI02995/22,Sputum,Klebsiella pneumoniae,Enterobacterales,2022,2022-09-20T00:00:00Z,5 and over,F,FALSE,FALSE,FALSE,S,S,S,S,,S,,,,,,,S,S,,S,S,S,R,,
2023/4731,MI03001/23,Urine,Klebsiella pneumoniae,Enterobacterales,2023,2023-10-19T00:00:00Z,5 and over,F,FALSE,FALSE,FALSE,S,,S,S,S,S,,,,,,,S,S,,S,S,S,S,,
2021/4142,MI03002/21,Blood Culture,Escherichia coli,Enterobacterales,2021,2021-10-22T00:00:00Z,5 and over,F,FALSE,FALSE,FALSE,R,S,,R,,S,S,S,,,,,S,S,,S,,,R,R,
2016/3618,MI03008/22,Throat swab,Acinetobacter johnsonii,Non-fermentor,2022,2022-09-26T00:00:00Z,5 and over,F,FALSE,FALSE,FALSE,R,R,,R,,S,,,,,,,,R,,R,R,S,R,,
2022/4249,MI03012/22,Sputum,Candida spp.,Fungi,2022,2022-09-26T00:00:00Z,5 and over,M,FALSE,FALSE,FALSE,,,,,,,,,,,,,,,,,,,,,
2011/4302,MI03020/22,Blood Culture,Pseudomonas aeruginosa,Non-fermentor,2022,2022-09-26T00:00:00Z,5 and over,F,FALSE,FALSE,FALSE,,S,,,,S,,,,S,,,,S,,,,,,,
2016/1846,MI03020/23,Urine,Escherichia coli,Enterobacterales,2023,2023-10-23T00:00:00Z,5 and over,F,FALSE,FALSE,FALSE,R,S,,R,S,S,,,,,,,S,S,,S,S,S,R,,
2021/4451,MI03021/21,Ear swab,Staphylococcus aureus,Other,2021,2021-10-25T00:00:00Z,Under 5,M,FALSE,FALSE,FALSE,S,S,S,,,S,,,S,,,,,,S,,,,,R,
2021/4451,MI03021/21,Ear swab,Group A Streptococcus,Haemolytic Streptococcus,2021,2021-10-25T00:00:00Z,Under 5,M,FALSE,FALSE,FALSE,,,S,,,,,,S,,,,S,,S,,,,,S,
2022/5592,MI03022/24,Sputum,Streptococcus pneumoniae,Other,2024,2024-12-24T00:00:00Z,5 and over,F,FALSE,FALSE,FALSE,,,S,R,,,,,S,,,R,,,S,S,,,,S,
2022/4718,MI03033/24,Sputum,Candida spp.,Fungi,2024,2024-12-30T00:00:00Z,5 and over,M,FALSE,FALSE,FALSE,,,,,,,,,,,,,,,,,,,,,
2018/3659,MI03038/22,Urine,Escherichia coli,Enterobacterales,2022,2022-09-27T00:00:00Z,5 and over,F,FALSE,FALSE,FALSE,S,S,,S,R,R,,,,,,,S,S,,R,S,S,R,,
2016/6497,MI03041/22,Urine,Escherichia coli,Enterobacterales,2022,2022-09-27T00:00:00Z,5 and over,F,FALSE,FALSE,FALSE,R,S,,R,S,S,,,,,,,S,S,,S,S,S,R,,
2020/3938,MI03044/23,Ear swab,Staphylococcus aureus,Other,2023,2023-10-24T00:00:00Z,Under 5,M,FALSE,FALSE,FALSE,S,S,S,S,,S,,,S,,,,,,,,,,,R,
2021/4142,MI03049/21,Blood Culture,Salmonella enterica,Enterobacterales,2021,2021-10-26T00:00:00Z,5 and over,F,FALSE,FALSE,FALSE,S,S,S,S,,S,,S,,,,,S,S,,S,,,S,,
2005/6794,MI03052/23,Sputum,Pseudomonas aeruginosa,Non-fermentor,2023,2023-10-25T00:00:00Z,5 and over,M,FALSE,FALSE,FALSE,,S,,,,S,,,,S,,,,S,,,,,,,
2020/4928,MI03056/21,Blood Culture,Micrococcus spp.,Other,2021,2021-10-27T00:00:00Z,5 and over,F,FALSE,FALSE,FALSE,,,,,,,,,,,,,,,,,,,,,
2021/4517,MI03061/21,Wound swab,Staphylococcus aureus,Other,2021,2021-10-27T00:00:00Z,5 and over,F,FALSE,FALSE,FALSE,R,S,S,S,,S,,,S,S,,,,,,,,,,R,
2022/4258,MI03061/22,Urine,Escherichia coli,Enterobacterales,2022,2022-09-28T00:00:00Z,5 and over,F,FALSE,FALSE,FALSE,S,S,,S,,R,,,,,,,S,S,,S,S,S,R,,
2023/4687,MI03064/23,Blood Culture,Kocuria rhizophila,Other,2023,2023-10-25T00:00:00Z,5 and over,M,FALSE,FALSE,FALSE,,,,,,,,,,,,,,,,,,,,,
2023/4810,MI03072/23,Urine,Klebsiella oxytoca,Enterobacterales,2023,2023-10-26T00:00:00Z,5 and over,M,FALSE,FALSE,FALSE,S,S,,S,S,S,,,,,,,S,S,,S,S,S,R,,
2023/4776,MI03076/23,Urine,Escherichia coli,Enterobacterales,2023,2023-10-26T00:00:00Z,5 and over,F,FALSE,FALSE,FALSE,S,S,,S,S,S,,,,,,,S,S,,S,S,S,R,,
2022/4743,MI03081/22,Wound swab,Group A Streptococcus,Haemolytic Streptococcus,2022,2022-09-29T00:00:00Z,Under 5,M,FALSE,FALSE,FALSE,,,S,,,,,,S,,,,S,,S,,,,,S,
2022/4747,MI03084/22,Blood Culture,Escherichia coli,Enterobacterales,2022,2022-09-29T00:00:00Z,Under 5,F,FALSE,FALSE,FALSE,R,S,S,S,,S,,,,,,,S,S,,S,S,S,S,,
2018/3729,MI03087/22,Urine,Klebsiella pneumoniae,Enterobacterales,2022,2022-09-29T00:00:00Z,5 and over,M,FALSE,FALSE,FALSE,S,S,,S,R,R,,,,,,,R,S,,S,S,S,R,,
2021/4584,MI03091/21,High Vaginal swab,Candida spp.,Fungi,2021,2021-10-29T00:00:00Z,5 and over,F,FALSE,FALSE,FALSE,,,,,,,,,,,,,,,,,,,,,
2022/4174,MI03100/22,Blood Culture,Acinetobacter baumannii,Non-fermentor,2022,2022-09-30T00:00:00Z,5 and over,M,FALSE,FALSE,FALSE,R,R,,R,,S,,,,,,,R,R,,R,R,R,R,,
2021/4607,MI03103/21,Blood Culture,Micrococcus spp.,Other,2021,2021-10-30T00:00:00Z,Under 5,F,FALSE,FALSE,FALSE,,,,,,,,,,,,,,,,,,,,,
2023/4774,MI03106/23,Pus aspirate,Salmonella spp.,Enterobacterales,2023,2023-10-28T00:00:00Z,Under 5,M,FALSE,FALSE,FALSE,S,S,S,S,,S,,,,,,,S,S,,S,S,S,S,,
2023/4616,MI03110/23,Urine,Escherichia coli,Enterobacterales,2023,2023-10-30T00:00:00Z,5 and over,F,FALSE,FALSE,FALSE,R,S,,R,S,S,,,,,,,S,S,,R,S,S,R,,
2023/4867,MI03116/23,Blood Culture,Escherichia coli,Enterobacterales,2023,2023-10-30T00:00:00Z,5 and over,M,FALSE,FALSE,FALSE,R,R,R,R,,R,,,,,,,R,R,,R,S,S,R,,
2021/4662,MI03131/21,Blood Culture,Staphylococcus aureus,Other,2021,2021-11-03T00:00:00Z,5 and over,F,FALSE,FALSE,FALSE,S,S,S,S,,S,,,S,,,S,,,S,,,,,R,
2021/4662,MI03137/21,Wound swab,Staphylococcus aureus,Other,2021,2021-11-03T00:00:00Z,5 and over,F,FALSE,FALSE,FALSE,,S,S,S,,S,,,S,,,S,,,S,,,,,R,S
2010/3814,MI03162/22,Wound swab,Proteus mirabilis,Enterobacterales,2022,2022-10-06T00:00:00Z,5 and over,M,FALSE,FALSE,FALSE,S,S,S,R,,S,,,,,,,S,S,,S,S,S,R,,
2010/3814,MI03162/22,Wound swab,Pseudomonas spp.,Non-fermentor,2022,2022-10-06T00:00:00Z,5 and over,M,FALSE,FALSE,FALSE,,S,,,,S,,,,S,,,,S,,,S,S,,,
2000/1671,MI03162/23,Ear swab,Aspergillus fumigatus,Fungi,2023,2023-11-02T00:00:00Z,5 and over,M,FALSE,FALSE,FALSE,,,,,,,,,,,,,,,,,,,,,
2012/1451,MI03165/21,Sputum,Candida spp.,Fungi,2021,2021-11-05T00:00:00Z,5 and over,M,FALSE,FALSE,FALSE,,,,,,,,,,,,,,,,,,,,,
2021/4662,MI03166/21,Blood Culture,Micrococcus spp.,Other,2021,2021-11-05T00:00:00Z,5 and over,F,FALSE,FALSE,FALSE,,,,,,,,,,,,,,,,,,,,,
2023/0230,MI03171/23,Blood Culture,Pseudomonas spp.,Non-fermentor,2023,2023-11-03T00:00:00Z,5 and over,F,FALSE,FALSE,FALSE,,R,,,,S,,,,R,,,,S,,,,,,,
2010/6274,MI03190/22,Urine,Escherichia coli,Enterobacterales,2022,2022-10-11T00:00:00Z,5 and over,F,FALSE,FALSE,FALSE,S,S,,S,S,S,,,,,,,S,S,,S,S,S,R,,
2003/3566,MI03192/23,Throat swab,Staphylococcus aureus,Other,2023,2023-11-07T00:00:00Z,5 and over,F,FALSE,FALSE,FALSE,R,S,S,R,,S,,,R,,,,,,,,,,,R,
1981/1769,MI03203/22,Ear swab,Aspergillus fumigatus,Fungi,2022,2022-10-11T00:00:00Z,5 and over,F,FALSE,FALSE,FALSE,,,,,,,,,,,,,,,,,,,,,
2001/6179,MI03211/23,Urine,Escherichia coli,Enterobacterales,2023,2023-11-08T00:00:00Z,5 and over,F,FALSE,FALSE,FALSE,R,S,,R,S,S,,,,,,,S,S,,R,S,S,R,,
2022/4944,MI03212/22,Blood Culture,Escherichia coli,Enterobacterales,2022,2022-10-12T00:00:00Z,Under 5,M,FALSE,FALSE,FALSE,R,S,S,S,,S,,,,,,,S,S,,S,S,S,R,,
2021/4718,MI03215/21,Blood Culture,Micrococcus spp.,Other,2021,2021-11-09T00:00:00Z,5 and over,F,FALSE,FALSE,FALSE,,,,,,,,,,,,,,,,,,,,,
2021/4811,MI03221/21,Blood Culture,Streptococcus spp.,Other,2021,2021-11-10T00:00:00Z,Under 5,F,FALSE,FALSE,FALSE,,,,,,,,,,,,,,,,,,,,,
2021/4784,MI03225/21,Sputum,Stenotrophomonas maltophilia,Non-fermentor,2021,2021-11-10T00:00:00Z,5 and over,M,FALSE,FALSE,FALSE,S,,,,,,,,,,,,,,,,,,,,
2021/4843,MI03233/21,Throat swab,Streptococcus spp.,Other,2021,2021-11-11T00:00:00Z,5 and over,F,FALSE,FALSE,FALSE,,,,,,,,,,,,,,,,,,,,,
2021/4071,MI03240/21,Wound swab,Staphylococcus aureus,Other,2021,2021-11-11T00:00:00Z,5 and over,F,FALSE,FALSE,FALSE,S,S,S,S,,S,,,S,,,S,,,S,,,,,R,
2021/4071,MI03240/21,Wound swab,Group A Streptococcus,Haemolytic Streptococcus,2021,2021-11-11T00:00:00Z,5 and over,F,FALSE,FALSE,FALSE,,,S,,,,,,S,,,,,,S,,,,,S,
2010/6631,MI03250/23,Wound swab,Staphylococcus aureus,Other,2023,2023-11-13T00:00:00Z,5 and over,M,FALSE,FALSE,FALSE,S,S,S,S,,S,,,S,,,,,,,,,,,R,S
2018/5142,MI03255/22,Blood Culture,Candida spp.,Fungi,2022,2022-10-15T00:00:00Z,5 and over,M,FALSE,FALSE,FALSE,,,,,,,,,,,,,,,,,,,,,
2022/5018,MI03261/22,Urine,Pseudomonas aeruginosa,Non-fermentor,2022,2022-10-17T00:00:00Z,5 and over,M,FALSE,FALSE,FALSE,,S,,,,S,,,,S,,,,R,,,S,S,,,
2021/4631,MI03267/21,Blood Culture,Acinetobacter baumannii,Non-fermentor,2021,2021-11-15T00:00:00Z,5 and over,F,FALSE,FALSE,FALSE,S,S,R,S,,S,,,,,,,R,R,,S,,,R,,
2021/4900,MI03269/21,Blood Culture,Micrococcus spp.,Other,2021,2021-11-15T00:00:00Z,Under 5,F,FALSE,FALSE,FALSE,,,,,,,,,,,,,,,,,,,,,
2021/0657,MI03287/21,High Vaginal swab,Candida spp.,Fungi,2021,2021-11-16T00:00:00Z,5 and over,F,FALSE,FALSE,FALSE,,,,,,,,,,,,,,,,,,,,,
2022/4141,MI03292/22,Urine,Escherichia coli,Enterobacterales,2022,2022-10-19T00:00:00Z,5 and over,M,TRUE,FALSE,TRUE,R,R,,R,S,S,,,,,,,R,R,,S,S,S,R,,R
2021/4958,MI03295/21,Urine,Burkholderia cepacia,Non-fermentor,2021,2021-11-17T00:00:00Z,Under 5,F,FALSE,FALSE,FALSE,S,,,,R,,,,,,,,,R,,,,,,,
2021/4956,MI03303/21,Sputum,Candida spp.,Fungi,2021,2021-11-17T00:00:00Z,5 and over,F,FALSE,FALSE,FALSE,,,,,,,,,,,,,,,,,,,,,
2008/7190,MI03303/23,Ear swab,Pseudomonas aeruginosa,Non-fermentor,2023,2023-11-20T00:00:00Z,5 and over,F,FALSE,FALSE,FALSE,,S,,,,S,,,,S,,,,S,,,S,S,,,
2021/4971,MI03304/21,Sputum,Candida spp.,Fungi,2021,2021-11-17T00:00:00Z,5 and over,M,FALSE,FALSE,FALSE,,,,,,,,,,,,,,,,,,,,,
2023/5037,MI03304/23,Sputum,Candida spp.,Fungi,2023,2023-11-20T00:00:00Z,5 and over,M,FALSE,FALSE,FALSE,,,,,,,,,,,,,,,,,,,,,
2022/5104,MI03305/22,Urine,Escherichia coli,Enterobacterales,2022,2022-10-19T00:00:00Z,5 and over,F,FALSE,FALSE,FALSE,S,S,S,S,S,,,,,,,,S,S,,S,S,S,R,,
2023/4906,MI03306/23,Urine,Escherichia coli,Enterobacterales,2023,2023-11-20T00:00:00Z,5 and over,M,FALSE,FALSE,FALSE,R,R,,R,R,R,,,,,,,R,R,,R,R,R,R,,
2022/5113,MI03307/22,Blood Culture,Escherichia coli,Enterobacterales,2022,2022-10-19T00:00:00Z,Under 5,M,FALSE,FALSE,FALSE,R,S,S,R,,S,,,,,,,S,S,,R,S,S,R,,
2021/4973,MI03308/21,High Vaginal swab,Candida spp.,Fungi,2021,2021-11-17T00:00:00Z,5 and over,F,FALSE,FALSE,FALSE,,,,,,,,,,,,,,,,,,,,,
2022/5105,MI03310/22,Wound swab,Group C/G Streptococcus,Haemolytic Streptococcus,2022,2022-10-19T00:00:00Z,Under 5,F,FALSE,FALSE,FALSE,,,S,S,,,,,S,,,,,,S,,,,S,S,
2022/5105,MI03310/22,Wound swab,Proteus mirabilis,Enterobacterales,2022,2022-10-19T00:00:00Z,Under 5,F,FALSE,FALSE,FALSE,R,S,R,R,,S,,,,,,,S,S,,S,S,S,R,,
2023/2312,MI03312/23,Sputum,Pseudomonas luteola,Non-fermentor,2023,2023-11-20T00:00:00Z,5 and over,M,FALSE,FALSE,FALSE,,R,S,R,,S,,,,,,,S,S,,R,S,S,R,,
2021/2426,MI03319/22,Pus aspirate,Salmonella enterica subsp. enterica,Enterobacterales,2022,2022-10-19T00:00:00Z,Under 5,M,FALSE,FALSE,FALSE,S,S,S,S,,S,,,,,,,S,S,,S,S,S,S,,
2021/4874,MI03319/23,Wound swab,Staphylococcus aureus,Other,2023,2023-11-21T00:00:00Z,5 and over,M,FALSE,FALSE,FALSE,S,S,S,R,,R,,,S,,,,,,,,,,,R,S
2023/4613,MI03320/23,Sputum,Klebsiella oxytoca,Enterobacterales,2023,2023-11-20T00:00:00Z,5 and over,M,FALSE,FALSE,FALSE,R,S,R,R,,R,,,,,,,R,R,,R,S,R,R,,
2021/1863,MI03325/21,Urine,Klebsiella pneumoniae,Enterobacterales,2021,2021-11-18T00:00:00Z,5 and over,M,TRUE,FALSE,TRUE,R,R,,R,R,R,,,,,,,R,R,,R,,,R,,
2020/2708,MI03329/21,Sputum,Candida spp.,Fungi,2021,2021-11-18T00:00:00Z,5 and over,F,FALSE,FALSE,FALSE,,,,,,,,,,,,,,,,,,,,,
2021/4758,MI03338/21,Sputum,Candida spp.,Fungi,2021,2021-11-22T00:00:00Z,5 and over,F,FALSE,FALSE,FALSE,,,,,,,,,,,,,,,,,,,,,
2022/3229,MI03339/23,Sputum,Candida spp.,Fungi,2023,2023-11-22T00:00:00Z,5 and over,M,FALSE,FALSE,FALSE,,,,,,,,,,,,,,,,,,,,,
2021/0884,MI03343/21,Urine,Escherichia coli,Enterobacterales,2021,2021-11-22T00:00:00Z,5 and over,F,FALSE,FALSE,FALSE,R,S,,R,S,S,,,,,,,S,S,,S,,,R,,
2021/4758,MI03344/21,Blood Culture,Micrococcus spp.,Other,2021,2021-11-22T00:00:00Z,5 and over,F,FALSE,FALSE,FALSE,,,,,,,,,,,,,,,,,,,,,
2012/0682,MI03351/22,Ear swab,Pseudomonas aeruginosa,Non-fermentor,2022,2022-10-21T00:00:00Z,5 and over,F,FALSE,FALSE,FALSE,,S,,,,S,,S,,S,,,,S,,,S,S,,,
2020/0911,MI03352/23,Wound swab,Staphylococcus aureus,Other,2023,2023-11-23T00:00:00Z,5 and over,F,FALSE,FALSE,FALSE,S,S,S,R,,S,,,S,S,,,,,,,,,,,
2022/5170,MI03356/22,Wound swab,Staphylococcus aureus,Other,2022,2022-10-21T00:00:00Z,5 and over,M,FALSE,FALSE,FALSE,S,S,S,S,,S,,,S,,,,,,,,,,,R,S
2022/5170,MI03356/22,Wound swab,Proteus mirabilis,Enterobacterales,2022,2022-10-21T00:00:00Z,5 and over,M,FALSE,FALSE,FALSE,R,S,R,R,,S,,,,,,,S,S,,S,S,S,R,,
2022/5161,MI03359/22,Urine,Escherichia coli,Enterobacterales,2022,2022-10-21T00:00:00Z,5 and over,F,TRUE,FALSE,TRUE,R,R,,R,S,R,,,,,,,R,R,,S,S,S,R,,
2023/5184,MI03370/23,Urine,Escherichia coli,Enterobacterales,2023,2023-11-27T00:00:00Z,Under 5,F,FALSE,FALSE,FALSE,,R,,R,S,,,,,,,,S,S,,R,S,S,R,,
2019/0232,MI03371/23,Sputum,Aspergillus niger,Fungi,2023,2023-11-27T00:00:00Z,5 and over,M,FALSE,FALSE,FALSE,,,,,,,,,,,,,,,,,,,,,
2010/4765,MI03373/22,Blood Culture,Klebsiella pneumoniae,Enterobacterales,2022,2022-10-24T00:00:00Z,5 and over,M,FALSE,FALSE,FALSE,R,S,R,R,,S,,,,,,,S,S,,S,S,S,R,,
2023/5304,MI03377/23,Sputum,Aspergillus fumigatus,Fungi,2023,2023-11-27T00:00:00Z,5 and over,M,FALSE,FALSE,FALSE,,,,,,,,,,,,,,,,,,,,,
2010/4765,MI03378/22,Urine,Micrococcus spp.,Other,2022,2022-10-24T00:00:00Z,5 and over,M,FALSE,FALSE,FALSE,,,,,,,,,,,,,,,,,,,,,
2023/4005,MI03380/23,Wound swab,Staphylococcus aureus,Other,2023,2023-11-27T00:00:00Z,5 and over,M,FALSE,FALSE,FALSE,S,S,S,S,,S,,,S,,,,,,,,,,,S,
2023/5090,MI03393/23,Urine,Escherichia coli,Enterobacterales,2023,2023-11-28T00:00:00Z,5 and over,F,FALSE,FALSE,FALSE,R,S,,S,S,S,,,,,,,S,S,,S,S,S,R,,
2021/5114,MI03394/21,Wound swab,Group A Streptococcus,Haemolytic Streptococcus,2021,2021-11-24T00:00:00Z,Under 5,F,FALSE,FALSE,FALSE,R,,S,R,,,,,S,,,,,,S,,,,S,S,
2021/5114,MI03394/21,Wound swab,Staphylococcus aureus,Other,2021,2021-11-24T00:00:00Z,Under 5,F,FALSE,FALSE,FALSE,R,S,S,S,,S,,,S,,,,,,,,,,,R,
2015/2473,MI03401/21,Sputum,Aspergillus fumigatus,Fungi,2021,2021-11-25T00:00:00Z,5 and over,M,FALSE,FALSE,FALSE,,,,,,,,,,,,,,,,,,,,,
2022/5267,MI03401/22,Blood Culture,Klebsiella aerogenes,Enterobacterales,2022,2022-10-25T00:00:00Z,Under 5,M,FALSE,TRUE,TRUE,R,S,R,S,,S,,,,,,,S,S,,R,S,S,R,,
2021/5114,MI03403/21,Blood Culture,Staphylococcus aureus,Other,2021,2021-11-25T00:00:00Z,Under 5,F,FALSE,FALSE,FALSE,R,S,S,S,,S,,,S,,,,,,,,,,,R,
2018/1676,MI03409/21,Blood Culture,Micrococcus spp.,Other,2021,2021-11-26T00:00:00Z,Under 5,F,FALSE,FALSE,FALSE,,,,,,,,,,,,,,,,,,,,,
2020/1424,MI03412/23,Low Vaginal swab,Candida spp.,Fungi,2023,2023-11-29T00:00:00Z,5 and over,F,FALSE,FALSE,FALSE,,,,,,,,,,,,,,,,,,,,,
2023/5289,MI03419/23,Sputum,Aspergillus niger,Fungi,2023,2023-11-29T00:00:00Z,5 and over,F,FALSE,FALSE,FALSE,,,,,,,,,,,,,,,,,,,,,
2023/5161,MI03426/23,Low Vaginal swab,Candida spp.,Fungi,2023,2023-11-30T00:00:00Z,5 and over,F,FALSE,FALSE,FALSE,,,,,,,,,,,,,,,,,,,,,
2023/5391,MI03429/23,Urine,Klebsiella pneumoniae,Enterobacterales,2023,2023-12-01T00:00:00Z,5 and over,F,FALSE,FALSE,FALSE,S,S,,R,R,R,,,,,,,S,S,,R,,,R,,
2023/5391,MI03430/23,High Vaginal swab,Candida spp.,Fungi,2023,2023-12-01T00:00:00Z,5 and over,F,FALSE,FALSE,FALSE,,,,,,,,,,,,,,,,,,,,,
2023/5395,MI03431/23,Blood Culture,Burkholderia pseudomallei,Non-fermentor,2023,2023-12-01T00:00:00Z,Under 5,M,FALSE,FALSE,FALSE,S,,S,,,,,,,,,,,S,,,,S,,,
2022/4011,MI03442/22,Blood Culture,Micrococcus luteus,Other,2022,2022-10-27T00:00:00Z,5 and over,M,FALSE,FALSE,FALSE,,,,,,,,,,,,,,,,,,,,,
2016/2525,MI03447/21,Semen,Escherichia coli,Enterobacterales,2021,2021-11-30T00:00:00Z,5 and over,M,TRUE,FALSE,TRUE,R,R,R,R,,R,,,,,,,R,R,,S,,,R,,
2021/4758,MI03448/21,Blood Culture,Streptococcus spp.,Other,2021,2021-11-30T00:00:00Z,5 and over,F,FALSE,FALSE,FALSE,R,,,R,,,,,S,,,,,,,,,,S,S,
2018/2114,MI03448/22,High Vaginal swab,Candida spp.,Fungi,2022,2022-10-28T00:00:00Z,5 and over,F,FALSE,FALSE,FALSE,,,,,,,,,,,,,,,,,,,,,
2022/5319,MI03462/22,Sputum,Staphylococcus aureus,Other,2022,2022-10-31T00:00:00Z,5 and over,M,FALSE,FALSE,FALSE,S,S,S,R,,S,,,S,,,,,,,,,,,R,S
2021/4719,MI03464/21,Throat swab,Group A Streptococcus,Haemolytic Streptococcus,2021,2021-12-01T00:00:00Z,5 and over,F,FALSE,FALSE,FALSE,R,,S,S,,,,,S,,,,,,S,,,,S,S,
2018/4503,MI03466/21,Wound swab,Proteus spp.,Enterobacterales,2021,2021-12-01T00:00:00Z,5 and over,M,FALSE,FALSE,FALSE,R,S,S,R,,S,,,,,,,S,S,,R,,,R,,
2022/5007,MI03469/22,Sputum,Candida spp.,Fungi,2022,2022-10-31T00:00:00Z,5 and over,M,FALSE,FALSE,FALSE,,,,,,,,,,,,,,,,,,,,,
2021/4631,MI03476/21,Blood Culture,Micrococcus spp.,Other,2021,2021-12-02T00:00:00Z,5 and over,F,FALSE,FALSE,FALSE,,,,,,,,,,,,,,,,,,,,,
2021/5289,MI03491/21,Sputum,Candida spp.,Fungi,2021,2021-12-03T00:00:00Z,5 and over,F,FALSE,FALSE,FALSE,,,,,,,,,,,,,,,,,,,,,
2023/1013,MI03501/23,Urine,Escherichia coli,Enterobacterales,2023,2023-12-08T00:00:00Z,5 and over,M,FALSE,FALSE,FALSE,S,S,S,R,,R,,,,,,,,S,,R,,,R,,
1996/0922,MI03503/21,Blood Culture,Escherichia coli,Enterobacterales,2021,2021-12-06T00:00:00Z,5 and over,F,TRUE,FALSE,TRUE,S,R,S,R,,R,,,,,,,R,R,,R,,,R,,
2023/1467,MI03511/23,Urine,Vibrio fluvialis,Other,2023,2023-12-11T00:00:00Z,5 and over,M,FALSE,FALSE,FALSE,R,S,,S,S,R,,,,,,,,R,,S,,,,R,S
2021/5328,MI03523/21,Wound swab,Proteus spp.,Enterobacterales,2021,2021-12-07T00:00:00Z,Under 5,F,FALSE,FALSE,FALSE,R,S,S,R,,S,,,,,,,S,S,,S,,,R,R,
2021/5328,MI03523/21,Wound swab,Staphylococcus aureus,Other,2021,2021-12-07T00:00:00Z,Under 5,F,FALSE,FALSE,FALSE,R,S,S,R,,S,,,S,,,,,,,,,,,,
2021/4721,MI03526/21,Blood Culture,Streptococcus spp.,Other,2021,2021-12-07T00:00:00Z,5 and over,F,FALSE,FALSE,FALSE,R,,S,S,,,,,S,,,,,,,,,,S,S,
2023/5296,MI03527/23,Wound swab,Proteus spp.,Enterobacterales,2023,2023-12-13T00:00:00Z,5 and over,F,FALSE,FALSE,FALSE,,,,,,,,,,,,,,,,,,,,,
2016/6342,MI03529/21,Urine,Group B Streptococcus,Haemolytic Streptococcus,2021,2021-12-07T00:00:00Z,5 and over,F,FALSE,FALSE,FALSE,S,,S,R,,,,,S,,,,,,S,,,,S,S,
2022/4022,MI03529/22,Blood Culture,Micrococcus luteus,Other,2022,2022-11-03T00:00:00Z,Under 5,M,FALSE,FALSE,FALSE,,,,,,,,,,,,,,,,,,,,,
2021/4391,MI03533/21,Sputum,Candida spp.,Fungi,2021,2021-12-08T00:00:00Z,5 and over,F,FALSE,FALSE,FALSE,,,,,,,,,,,,,,,,,,,,,
2022/3100,MI03533/22,Blood Culture,Micrococcus luteus,Other,2022,2022-11-03T00:00:00Z,Under 5,M,FALSE,FALSE,FALSE,,,,,,,,,,,,,,,,,,,,,
2021/3889,MI03534/21,Low Vaginal swab,Candida spp.,Fungi,2021,2021-12-08T00:00:00Z,5 and over,F,FALSE,FALSE,FALSE,,,,,,,,,,,,,,,,,,,,,
2008/2242,MI03535/22,Sputum,Aspergillus fumigatus,Fungi,2022,2022-11-03T00:00:00Z,5 and over,F,FALSE,FALSE,FALSE,,,,,,,,,,,,,,,,,,,,,
2022/5118,MI03537/22,Wound swab,Staphylococcus aureus,Other,2022,2022-11-03T00:00:00Z,5 and over,F,FALSE,FALSE,FALSE,S,S,S,S,S,S,,,S,,,,,,,,,,,R,S
2023/5383,MI03549/23,Blood Culture,Staphylococcus aureus,Other,2023,2023-12-16T00:00:00Z,5 and over,M,FALSE,FALSE,FALSE,,,,,,,,,,,,,,,,,,,,,
2007/8007,MI03555/21,Blood Culture,Staphylococcus aureus,Other,2021,2021-12-10T00:00:00Z,5 and over,M,FALSE,FALSE,FALSE,R,S,S,R,,S,,,S,,,,,,,,,,,R,
2011/3745,MI03559/22,Blood Culture,Acinetobacter baumannii,Non-fermentor,2022,2022-11-07T00:00:00Z,5 and over,M,FALSE,FALSE,FALSE,R,R,,S,,S,,,,,,,R,R,,,S,S,R,,
2021/5406,MI03561/21,Blood Culture,Staphylococcus aureus,Other,2021,2021-12-13T00:00:00Z,Under 5,F,FALSE,FALSE,FALSE,R,S,,R,,S,,,R,,,,,,,,,,,R,
2021/5406,MI03561/21,Blood Culture,Proteus spp.,Enterobacterales,2021,2021-12-13T00:00:00Z,Under 5,F,FALSE,FALSE,FALSE,S,S,,R,,S,,,,,,,S,S,,S,,,,R,
2021/5406,MI03561/21,Blood Culture,Klebsiella pneumoniae,Enterobacterales,2021,2021-12-13T00:00:00Z,Under 5,F,FALSE,FALSE,FALSE,R,S,,S,,S,,,,,,,S,S,,S,,,R,,
2021/5406,MI03562/21,Wound swab,Staphylococcus aureus,Other,2021,2021-12-13T00:00:00Z,Under 5,F,FALSE,FALSE,FALSE,S,S,S,S,,S,,,S,,,,,,,,,,,R,
2021/5406,MI03562/21,Wound swab,Coliform spp.,Enterobacterales,2021,2021-12-13T00:00:00Z,Under 5,F,FALSE,FALSE,FALSE,R,S,S,R,,S,,,,,,,S,S,,S,,,S,,
2021/5590,MI03570/22,Blood Culture,Micrococcus luteus,Other,2022,2022-11-07T00:00:00Z,Under 5,F,FALSE,FALSE,FALSE,,,,,,,,,,,,,,,,,,,,,
2023/5603,MI03570/23,Urine,Escherichia coli,Enterobacterales,2023,2023-12-20T00:00:00Z,5 and over,M,FALSE,FALSE,FALSE,R,,S,S,S,S,,,,,,,S,S,,,,,R,R,
2022/3919,MI03578/22,Blood Culture,Streptococcus spp.,Other,2022,2022-11-08T00:00:00Z,5 and over,F,FALSE,FALSE,FALSE,,,,,,,,,,,,,,,,,,,,,
2021/3056,MI03584/21,Wound swab,Staphylococcus aureus,Other,2021,2021-12-14T00:00:00Z,5 and over,M,FALSE,FALSE,FALSE,R,S,S,R,,S,,,R,,,,,,,,,,,R,
2023/5641,MI03585/23,Sputum,Candida spp.,Fungi,2023,2023-12-22T00:00:00Z,5 and over,F,FALSE,FALSE,FALSE,,,,,,,,,,,,,,,,,,,,,
2022/5698,MI03587/23,Wound swab,Staphylococcus aureus,Other,2023,2023-12-22T00:00:00Z,5 and over,M,FALSE,FALSE,FALSE,R,,R,S,,S,,,R,,,R,,,,,,,,R,
2017/3988,MI03590/21,Urine,Escherichia coli,Enterobacterales,2021,2021-12-15T00:00:00Z,5 and over,F,FALSE,FALSE,FALSE,R,R,S,R,S,S,,,,,,,S,S,,R,,,R,,
2022/5428,MI03591/22,Urine,Escherichia coli,Enterobacterales,2022,2022-11-08T00:00:00Z,Under 5,M,FALSE,FALSE,FALSE,R,S,,R,S,S,,,,,,,S,S,,R,S,S,R,,
2011/3605,MI03592/22,Urine,Escherichia coli,Enterobacterales,2022,2022-11-08T00:00:00Z,5 and over,F,FALSE,FALSE,FALSE,R,S,,S,S,S,,,,,,,S,S,,S,S,S,R,,
2023/5656,MI03595/23,Sputum,Candida spp.,Fungi,2023,2023-12-27T00:00:00Z,5 and over,M,FALSE,FALSE,FALSE,,,,,,,,,,,,,,,,,,,,,
2022/3100,MI03598/22,Wound swab,Streptococcus spp.,Other,2022,2022-11-09T00:00:00Z,Under 5,M,FALSE,FALSE,FALSE,,,S,,,,,,S,,,,S,,S,,,,,S,
1990/2613,MI03599/22,Urine,Klebsiella pneumoniae,Enterobacterales,2022,2022-11-09T00:00:00Z,5 and over,F,FALSE,FALSE,FALSE,R,S,,R,R,S,,,,,,,S,S,,S,S,S,R,,
1980/1940,MI03600/21,Blood Culture,Escherichia coli,Enterobacterales,2021,2021-12-15T00:00:00Z,5 and over,F,FALSE,FALSE,FALSE,R,S,S,R,,S,,,,,,,S,S,,R,,,R,,
1980/1940,MI03601/21,Urine,Escherichia coli,Enterobacterales,2021,2021-12-15T00:00:00Z,5 and over,F,TRUE,FALSE,TRUE,R,R,S,R,S,R,,,,,,,R,R,,R,,,R,,
2021/4500,MI03602/21,Wound swab,Staphylococcus aureus,Other,2021,2021-12-16T00:00:00Z,5 and over,F,FALSE,FALSE,FALSE,S,S,S,,S,S,,,S,,,,,,,,,,,R,S
2021/4500,MI03602/21,Wound swab,Group A Streptococcus,Haemolytic Streptococcus,2021,2021-12-16T00:00:00Z,5 and over,F,FALSE,FALSE,FALSE,S,,S,R,,,,,S,,,,,,S,,,,S,S,
2015/5142,MI03609/22,Throat swab,Group C/G Streptococcus,Haemolytic Streptococcus,2022,2022-11-09T00:00:00Z,5 and over,M,FALSE,FALSE,FALSE,,,S,,,,,,S,,,,,,S,,,,S,S,
2023/5210,MI03611/23,Urine,Vibrio fluvialis,Other,2023,2023-12-28T00:00:00Z,5 and over,M,FALSE,FALSE,FALSE,S,S,S,S,S,S,,R,,,,,,R,,S,S,,S,,
2023/5466,MI03612/23,Ear swab,Staphylococcus aureus,Other,2023,2023-12-28T00:00:00Z,Under 5,M,FALSE,FALSE,FALSE,R,R,R,R,R,S,,,R,,,R,,,,,,,,,
2021/5317,MI03618/21,Urine,Escherichia coli,Enterobacterales,2021,2021-12-17T00:00:00Z,5 and over,M,FALSE,FALSE,FALSE,R,S,S,S,S,S,,,,,,,S,S,,R,,,R,,
2002/7391,MI03629/21,Blood Culture,Klebsiella pneumoniae,Enterobacterales,2021,2021-12-18T00:00:00Z,5 and over,M,FALSE,FALSE,FALSE,S,S,S,S,,S,,,,,,,S,S,,S,,,R,,
2015/2548,MI03632/23,Urine,Escherichia coli,Enterobacterales,2023,2023-12-29T00:00:00Z,5 and over,F,FALSE,FALSE,FALSE,S,S,R,S,R,S,,,,,,,R,R,,S,,,R,,
2005/9385,MI03635/22,Urine,Proteus mirabilis,Enterobacterales,2022,2022-11-10T00:00:00Z,5 and over,M,FALSE,FALSE,FALSE,S,S,,R,R,S,,,,,,,S,S,,S,S,S,R,,
2021/5428,MI03640/21,Wound swab,Staphylococcus aureus,Other,2021,2021-12-20T00:00:00Z,5 and over,F,FALSE,FALSE,FALSE,R,S,S,S,,S,,,S,,,,,,,,,,,R,S
2021/5428,MI03640/21,Wound swab,Group A Streptococcus,Haemolytic Streptococcus,2021,2021-12-20T00:00:00Z,5 and over,F,FALSE,FALSE,FALSE,S,,S,R,,,,,S,,,,,,S,,,,S,S,
2021/5428,MI03642/21,Skin Scraping,Staphylococcus aureus,Other,2021,2021-12-20T00:00:00Z,5 and over,F,FALSE,FALSE,FALSE,R,S,S,S,,S,,,S,,,,,,,,,,,S,
2021/5428,MI03642/21,Skin Scraping,Group A Streptococcus,Haemolytic Streptococcus,2021,2021-12-20T00:00:00Z,5 and over,F,FALSE,FALSE,FALSE,R,,S,R,,,,,S,,,,,,S,,,,S,S,
2012/0101,MI03664/21,Urine,Escherichia coli,Enterobacterales,2021,2021-12-22T00:00:00Z,5 and over,F,FALSE,FALSE,FALSE,R,S,R,R,S,S,,,,,,,S,S,,S,,,R,,
2021/5490,MI03672/21,Wound swab,Staphylococcus aureus,Other,2021,2021-12-23T00:00:00Z,5 and over,M,FALSE,FALSE,FALSE,R,S,S,R,,S,,,S,,,,,,,,,,,R,
2022/5397,MI03672/22,Blood Culture,Staphylococcus aureus,Other,2022,2022-11-14T00:00:00Z,5 and over,F,FALSE,FALSE,FALSE,S,S,S,S,,S,,,R,,,,,,,,,,,R,S
2014/2641,MI03673/21,Sputum,Serratia liquefaciens,Enterobacterales,2021,2021-12-23T00:00:00Z,5 and over,F,FALSE,FALSE,FALSE,R,S,S,R,,S,,,,,,,S,S,,R,,,R,,
2020/0469,MI03677/22,Blood Culture,Micrococcus spp.,Other,2022,2022-11-14T00:00:00Z,5 and over,F,FALSE,FALSE,FALSE,,,,,,,,,,,,,,,,,,,,,
2021/5621,MI03680/21,Blood Culture,Micrococcus spp.,Other,2021,2021-12-23T00:00:00Z,Under 5,M,FALSE,FALSE,FALSE,,,,,,,,,,,,,,,,,,,,,
2021/1253,MI03680/22,Blood Culture,Streptococcus pneumoniae,Other,2022,2022-11-14T00:00:00Z,5 and over,M,FALSE,FALSE,FALSE,R,,S,R,,,,,R,,,R,S,,S,S,,,,,
2022/4427,MI03682/22,Sputum,Klebsiella pneumoniae,Enterobacterales,2022,2022-11-14T00:00:00Z,5 and over,M,FALSE,FALSE,FALSE,S,S,S,S,,S,,,,,,,S,S,,S,S,S,R,,
2021/5531,MI03685/21,Pleural aspirate,Acinetobacter baumannii,Non-fermentor,2021,2021-12-23T00:00:00Z,5 and over,M,FALSE,FALSE,FALSE,S,S,,S,,S,,,,,,,,S,,,,,,,
2004/1178,MI03685/22,Wound swab,Dermabacter hominis,Other,2022,2022-11-14T00:00:00Z,5 and over,F,FALSE,FALSE,FALSE,R,S,R,S,,R,,,R,,,,,,S,,S,,R,R,
2006/3298,MI03686/21,Wound swab,Acinetobacter baumannii,Non-fermentor,2021,2021-12-23T00:00:00Z,5 and over,F,FALSE,FALSE,FALSE,R,R,R,R,,R,,,,,,,R,R,,R,,,R,,
2000/9621,MI03688/22,Blood Culture,Streptococcus pneumoniae,Other,2022,2022-11-14T00:00:00Z,5 and over,M,FALSE,FALSE,FALSE,R,,R,S,,,,,S,,,S,S,,S,S,S,,,,
2017/2562,MI03689/21,Wound swab,Proteus mirabilis,Enterobacterales,2021,2021-12-23T00:00:00Z,5 and over,F,FALSE,FALSE,FALSE,R,S,S,R,,S,,,,,,,S,S,,S,,,R,,
2021/5691,MI03710/21,Wound swab,Staphylococcus aureus,Other,2021,2021-12-30T00:00:00Z,5 and over,M,FALSE,FALSE,FALSE,R,S,S,S,,S,,,R,,,,,,,,,,,R,
2010/4690,MI03712/21,Blood Culture,Group A Streptococcus,Haemolytic Streptococcus,2021,2021-12-30T00:00:00Z,5 and over,M,FALSE,FALSE,FALSE,R,,S,S,,,,,S,,,,,,S,,,,S,S,
2021/4814,MI03716/21,Blood Culture,Salmonella spp.,Enterobacterales,2021,2021-12-30T00:00:00Z,5 and over,F,FALSE,FALSE,FALSE,S,S,S,S,,S,,,,,,,S,S,,S,,,S,,
2022/5755,MI03734/22,High Vaginal swab,Candida spp.,Fungi,2022,2022-11-17T00:00:00Z,5 and over,F,FALSE,FALSE,FALSE,,,,,,,,,,,,,,,,,,,,,
2022/5779,MI03745/22,Urine,Escherichia coli,Enterobacterales,2022,2022-11-17T00:00:00Z,5 and over,M,FALSE,FALSE,FALSE,R,S,S,S,S,S,,,,,,,S,S,,S,S,S,R,,
2014/3084,MI03765/22,Urine,Enterobacter cloacae,Enterobacterales,2022,2022-11-21T00:00:00Z,5 and over,F,FALSE,TRUE,TRUE,R,S,,R,S,S,,,,,,,S,S,,R,S,S,R,,
2019/5831,MI03794/22,Urine,Escherichia coli,Enterobacterales,2022,2022-11-23T00:00:00Z,5 and over,M,FALSE,FALSE,FALSE,R,R,,R,R,R,,,,,,,S,S,,R,S,S,R,,
2021/0494,MI03809/22,Ear swab,Aspergillus fumigatus,Fungi,2022,2022-11-24T00:00:00Z,Under 5,M,FALSE,FALSE,FALSE,,,,,,,,,,,,,,,,,,,,,
2022/5856,MI03811/22,Stool,Salmonella enterica subsp. enterica,Enterobacterales,2022,2022-11-24T00:00:00Z,Under 5,F,FALSE,FALSE,FALSE,R,S,R,S,,S,,,,,,,R,R,,R,S,S,R,,
2022/5938,MI03838/22,Urine,Klebsiella pneumoniae,Enterobacterales,2022,2022-11-28T00:00:00Z,5 and over,M,FALSE,FALSE,FALSE,S,S,,S,S,,,,,,,,S,S,,S,S,S,R,,
2022/6057,MI03884/22,Sputum,Candida spp.,Fungi,2022,2022-12-01T00:00:00Z,5 and over,F,FALSE,FALSE,FALSE,,,,,,,,,,,,,,,,,,,,,
2022/6061,MI03887/22,High Vaginal swab,Candida spp.,Fungi,2022,2022-12-01T00:00:00Z,5 and over,F,FALSE,FALSE,FALSE,,,,,,,,,,,,,,,,,,,,,
2022/6109,MI03919/22,Urine,Candida spp.,Fungi,2022,2022-12-05T00:00:00Z,5 and over,M,FALSE,FALSE,FALSE,,,,,,,,,,,,,,,,,,,,,
2022/6104,MI03921/22,Blood Culture,Escherichia coli,Enterobacterales,2022,2022-12-05T00:00:00Z,5 and over,F,FALSE,FALSE,FALSE,R,S,S,R,,S,,,,,,,S,S,,S,S,S,S,,
2022/4466,MI03932/22,Sputum,Streptococcus pneumoniae,Other,2022,2022-12-06T00:00:00Z,5 and over,M,FALSE,FALSE,FALSE,R,,S,R,,,,,R,,,S,,,,,,S,,S,
2022/6110,MI03933/22,Blood Culture,Streptococcus gallolyticus,Other,2022,2022-12-06T00:00:00Z,5 and over,M,FALSE,FALSE,FALSE,,,S,R,,R,,,S,,,,S,,S,,,S,,,
2006/4291,MI03942/22,Ear swab,Pseudomonas aeruginosa,Non-fermentor,2022,2022-12-06T00:00:00Z,5 and over,F,FALSE,FALSE,FALSE,,S,,,,S,,,,S,,,,S,,,,,,,
2022/5648,MI03949/22,Sputum,Pseudomonas aeruginosa,Non-fermentor,2022,2022-12-07T00:00:00Z,5 and over,M,FALSE,FALSE,FALSE,,S,,,,S,,,,S,,,,S,,,,,,,
2022/6168,MI03972/22,Sputum,Aspergillus niger,Fungi,2022,2022-12-07T00:00:00Z,5 and over,F,FALSE,FALSE,FALSE,,,,,,,,,,,,,,,,,,,,,
2016/4512,MI04034/22,Urine,Escherichia coli,Enterobacterales,2022,2022-12-13T00:00:00Z,5 and over,F,FALSE,FALSE,FALSE,R,S,,S,S,S,,,,,,,S,S,,S,S,S,S,,
2022/6110,MI04035/22,Blood Culture,Enterococcus faecalis,Other,2022,2022-12-13T00:00:00Z,5 and over,M,FALSE,FALSE,FALSE,,,S,R,,,,,S,,,,,,S,,,,S,S,
2022/5660,MI04070/22,Blood Culture,Enterobacter cloacae,Enterobacterales,2022,2022-12-14T00:00:00Z,Under 5,F,FALSE,TRUE,TRUE,R,R,R,R,,S,,,,,,,R,R,,R,S,S,R,,
1990/2471,MI04077/22,Wound swab,Proteus vulgaris,Enterobacterales,2022,2022-12-15T00:00:00Z,5 and over,M,FALSE,FALSE,FALSE,S,S,S,R,,S,,S,,,,,S,S,,R,S,S,R,,
2019/5831,MI04089/22,Urine,Klebsiella pneumoniae,Enterobacterales,2022,2022-12-15T00:00:00Z,5 and over,M,FALSE,FALSE,FALSE,R,,,R,R,R,,,,,,,,S,,S,S,S,R,,
2021/1221,MI04093/22,Sputum,Citrobacter freundii,Enterobacterales,2022,2022-12-16T00:00:00Z,5 and over,F,FALSE,TRUE,TRUE,S,S,S,S,,S,,,,,,,R,R,,S,S,S,R,,
2021/1221,MI04093/22,Sputum,Candida spp.,Fungi,2022,2022-12-16T00:00:00Z,5 and over,F,FALSE,FALSE,FALSE,,,,,,,,,,,,,,,,,,,,,
2022/6110,MI04100/22,Blood Culture,Enterococcus spp.,Other,2022,2022-12-16T00:00:00Z,5 and over,M,FALSE,FALSE,FALSE,R,,S,R,,,,,S,,,,,,S,,S,S,S,S,
2008/4751,MI04101/22,Blood Culture,Escherichia coli,Enterobacterales,2022,2022-12-16T00:00:00Z,5 and over,M,FALSE,FALSE,FALSE,R,S,R,R,,S,,,,,,,S,S,,S,S,S,R,,
2021/3593,MI04162/22,Blood Culture,Micrococcus spp.,Other,2022,2022-12-21T00:00:00Z,5 and over,M,FALSE,FALSE,FALSE,,,,,,,,,,,,,,,,,,,,,
2022/6366,MI04163/22,Blood Culture,Staphylococcus aureus,Other,2022,2022-12-21T00:00:00Z,5 and over,F,FALSE,FALSE,FALSE,S,S,R,R,,S,,,R,,,,,,S,,,,,R,S
2022/6395,MI04183/22,Wound swab,Proteus mirabilis,Enterobacterales,2022,2022-12-22T00:00:00Z,5 and over,M,FALSE,FALSE,FALSE,S,S,S,R,,S,,,,,,,S,S,,S,,,,,
2019/2117,MI04201/22,Blood Culture,Micrococcus spp.,Other,2022,2022-12-27T00:00:00Z,5 and over,F,FALSE,FALSE,FALSE,,,,,,,,,,,,,,,,,,,,,
2022/6434,MI04212/22,Wound swab,Staphylococcus aureus,Other,2022,2022-12-28T00:00:00Z,5 and over,F,FALSE,FALSE,FALSE,R,S,S,S,,S,,,S,,,,,,,,,,,R,S
2022/6445,MI04231/22,Urine,Escherichia coli,Enterobacterales,2022,2022-12-29T00:00:00Z,Under 5,M,FALSE,FALSE,FALSE,R,S,,R,S,S,,S,,,,,S,S,,S,,S,R,,
2011/0067,MI10080/2020,Blood Culture,Salmonella spp.,Enterobacterales,2020,2020-01-04T00:00:00Z,,,FALSE,FALSE,FALSE,S,S,S,S,,S,S,,,,,,,S,,,,,S,,
2020/0031,MI10096/2019,Urine,Candida spp.,Fungi,2020,2020-01-02T00:00:00Z,,,FALSE,FALSE,FALSE,,,,,,,,,,,,,,,,,,,,,
2019/4021,MI10106/2020,Blood Culture,Staphylococcus aureus,Other,2020,2020-01-06T00:00:00Z,,,FALSE,FALSE,FALSE,S,S,S,R,,S,,,S,,,,,,,,,,,,S
2017/3934,MI10118/2020,Swab,Candida spp.,Fungi,2020,2020-01-08T00:00:00Z,,,FALSE,FALSE,FALSE,,,,,,,,,,,,,,,,,,,,,
2020/0139,MI10119/2020,Swab,Staphylococcus aureus,Other,2020,2020-01-08T00:00:00Z,,,FALSE,FALSE,FALSE,S,S,S,S,,S,,,S,,,,,,,,,,,,
2002/4251,MI10120/2020,Swab,Candida spp.,Fungi,2020,2020-01-08T00:00:00Z,,,FALSE,FALSE,FALSE,,,,,,,,,,,,,,,,,,,,,
2020/0122,MI10127/2020,Urine,Escherichia coli,Enterobacterales,2020,2020-01-08T00:00:00Z,,,FALSE,FALSE,FALSE,S,S,S,S,,S,,,,,,,S,S,,,,,R,,
2010/4182,MI10128/2020,Swab,Streptococcus spp.,Other,2020,2020-01-08T00:00:00Z,,,FALSE,FALSE,FALSE,R,,S,R,,,,,S,,,,,,S,,,,S,S,
2020/0057,MI10130/2020,Urine,Escherichia coli,Enterobacterales,2020,2020-01-08T00:00:00Z,,,FALSE,FALSE,FALSE,R,S,S,S,S,S,,,,,,,S,S,,R,,,R,,
2020/0102,MI10134/2020,Urine,Escherichia coli,Enterobacterales,2020,2020-01-07T00:00:00Z,,,FALSE,FALSE,FALSE,R,S,R,R,,S,,,,,,,S,S,,,,,R,,
2020/0150,MI10145/2020,Urine,Candida spp.,Fungi,2020,2020-01-09T00:00:00Z,,,FALSE,FALSE,FALSE,,,,,,,,,,,,,,,,,,,,,
2020/0111,MI10146/2020,Swab,Staphylococcus aureus,Other,2020,2020-01-09T00:00:00Z,,,FALSE,FALSE,FALSE,R,S,S,R,,S,,,S,,,,,,,,,,,,S
2020/0155,MI10147/2020,Swab,Candida spp.,Fungi,2020,2020-01-09T00:00:00Z,,,FALSE,FALSE,FALSE,,,,,,,,,,,,,,,,,,,,,
2020/0141,MI10151/2020,Blood Culture,Staphylococcus aureus,Other,2020,2020-01-09T00:00:00Z,,,FALSE,FALSE,FALSE,R,S,S,S,,S,,,S,,,,,,,,,,,,
2020/0157,MI10153/2020,Swab,Candida spp.,Fungi,2020,2020-01-09T00:00:00Z,,,FALSE,FALSE,FALSE,,,,,,,,,,,,,,,,,,,,,
2020/0186,MI10161/2020,Blood Culture,Staphylococcus aureus,Other,2020,2020-01-10T00:00:00Z,,,FALSE,FALSE,FALSE,R,S,S,R,,S,,,S,,,,,,,,,,,,S
2020/0186,MI10173/2020,Swab,Staphylococcus aureus,Other,2020,2020-01-10T00:00:00Z,,,FALSE,FALSE,FALSE,R,S,S,R,,S,,,S,,,,,,,,,,,,S
2019/2936,MI10174/2020,Swab,Candida spp.,Fungi,2020,2020-01-13T00:00:00Z,,,FALSE,FALSE,FALSE,,,,,,,,,,,,,,,,,,,,,
2019/4313,MI10175/2020,Swab,Group A Streptococcus,Haemolytic Streptococcus,2020,2020-01-13T00:00:00Z,,,FALSE,FALSE,FALSE,R,,S,R,,,,,S,,,,,,S,,,,S,,
2019/2775,MI10176/2020,Sputum,Coliform spp.,Enterobacterales,2020,2020-01-13T00:00:00Z,,,FALSE,FALSE,FALSE,S,S,S,R,,S,,,,,,,S,S,,R,,,R,,
2006/3110,MI10180/2020,Urine,Coliform spp.,Enterobacterales,2020,2020-01-13T00:00:00Z,,,FALSE,FALSE,FALSE,R,S,S,S,S,S,,,,,,,S,S,,,,,R,,
2020/0210,MI10181/2020,Urine,Coliform spp.,Enterobacterales,2020,2020-01-13T00:00:00Z,,,FALSE,FALSE,FALSE,R,S,R,R,,S,,S,,,,,S,S,,R,,,R,,
2020/0244,MI10192/2020,Urine,Escherichia coli,Enterobacterales,2020,2020-01-14T00:00:00Z,,,FALSE,FALSE,FALSE,R,S,S,R,S,S,,,,,,,S,S,,S,,,,,
2017/5049,MI10201/2020,Aspirate,Streptococcus spp.,Other,2020,2020-01-14T00:00:00Z,,,FALSE,FALSE,FALSE,R,S,S,S,,S,,,S,,,,,,,,,,S,,
2017/5049,MI10201/2020,Aspirate,Klebsiella pneumoniae,Enterobacterales,2020,2020-01-14T00:00:00Z,,,FALSE,FALSE,FALSE,,S,S,R,,S,,,,,,,S,S,,S,,,R,,
2013/1454,MI10210/2020,Swab,Group A Streptococcus,Haemolytic Streptococcus,2020,2020-01-09T00:00:00Z,,,FALSE,FALSE,FALSE,R,,S,S,,,,,S,,,,,,S,,,,S,,
2014/3460,MI10212/2020,Swab,Staphylococcus aureus,Other,2020,2020-01-16T00:00:00Z,,,FALSE,FALSE,FALSE,S,S,S,S,S,S,S,,,,,S,,,,,,,,,S
2020/0318,MI10231/2020,Swab,Group A Streptococcus,Haemolytic Streptococcus,2020,2020-01-16T00:00:00Z,,,FALSE,FALSE,FALSE,S,,S,S,,,,,S,,,,,,S,,,,S,,
2020/0329,MI10234/2020,Swab,Group A Streptococcus,Haemolytic Streptococcus,2020,2020-01-17T00:00:00Z,,,FALSE,FALSE,FALSE,R,,S,R,,,,,S,,,,,,,,,,S,,
2020/0165,MI10246/2020,Blood Culture,Staphylococcus aureus,Other,2020,2020-01-16T00:00:00Z,,,FALSE,FALSE,FALSE,S,S,S,S,,S,,,S,,,S,,,,,,,,,S
2019/2436,MI10248/2020,Swab,Staphylococcus aureus,Other,2020,2020-01-17T00:00:00Z,,,FALSE,FALSE,FALSE,S,S,S,S,,S,,S,S,,,S,,,,,,,,,S
2019/5799,MI10256/2020,Urine,Escherichia coli,Enterobacterales,2020,2020-01-17T00:00:00Z,,,FALSE,FALSE,FALSE,R,S,S,R,S,S,,,,,,,S,,,S,,,R,,
2019/0102,MI10264/2020,Swab,Candida spp.,Fungi,2020,2020-01-21T00:00:00Z,,,FALSE,FALSE,FALSE,,,,,,,,,,,,,,,,,,,,,
2020/0379,MI10299/2020,Urine,Klebsiella pneumoniae,Enterobacterales,2020,2020-01-22T00:00:00Z,,,FALSE,FALSE,FALSE,R,S,S,R,S,S,,,,,,,R,R,,R,,,R,,
2019/2286,MI10329/2020,Blood Culture,Streptococcus pneumoniae,Other,2020,2020-01-22T00:00:00Z,,,FALSE,FALSE,FALSE,R,,S,S,,S,,,S,,,S,,,,,,,,S,
2020/0087,MI10334/2020,Blood Culture,Escherichia coli,Enterobacterales,2020,2020-01-22T00:00:00Z,,,FALSE,FALSE,FALSE,R,S,S,R,,R,,,,,,,S,S,,S,,,R,,
2011/4173,MI10343/2020,Urine,Klebsiella oxytoca,Enterobacterales,2020,2020-01-24T00:00:00Z,,,FALSE,FALSE,FALSE,R,R,S,R,R,S,,,,,,,R,R,,R,,,R,,
2012/5300,MI10359/2020,Aspirate,Staphylococcus aureus,Other,2020,2020-01-27T00:00:00Z,,,FALSE,FALSE,FALSE,S,S,S,S,,S,,,S,,,S,,,,,,,,,S
2019/1836,MI10380/2020,Swab,Staphylococcus aureus,Other,2020,2020-01-27T00:00:00Z,,,FALSE,FALSE,FALSE,R,S,S,S,,S,,,S,,,,,,,,,,,,
2020/0492,MI10391/2020,Urine,Coliform spp.,Enterobacterales,2020,2020-01-28T00:00:00Z,,,TRUE,FALSE,TRUE,R,R,S,R,R,R,,,,,,,R,,,R,,,R,,
2020/0492,MI10402/2020,Swab,Staphylococcus aureus,Other,2020,2020-01-28T00:00:00Z,,,FALSE,FALSE,FALSE,S,S,S,S,,S,,,S,,,S,,,,,,,,,S
2020/0553,MI10408/2020,Urine,Coliform spp.,Enterobacterales,2020,2020-01-28T00:00:00Z,,,FALSE,FALSE,FALSE,S,S,S,S,S,S,,,,,,,S,S,,S,,,R,,
2020/0307,MI10409/2020,Swab,Staphylococcus aureus,Other,2020,2020-01-28T00:00:00Z,,,FALSE,FALSE,FALSE,R,S,S,R,,,,,S,,,S,,,,,,,,,S
2003/9141,MI10413/2020,Blood Culture,Staphylococcus aureus,Other,2020,2020-01-28T00:00:00Z,,,FALSE,FALSE,FALSE,S,S,S,S,,S,,,R,,,S,,,,,,,,,S
2020/0450,MI10415/2020,Aspirate,Haemophilus influenzae,Other,2020,2020-01-28T00:00:00Z,,,FALSE,FALSE,FALSE,R,S,S,,,S,,,,,,,,,,S,,,S,,
2020/0450,MI10420/2020,Aspirate,Haemophilus spp.,Other,2020,2020-01-29T00:00:00Z,,,FALSE,FALSE,FALSE,R,,S,S,,S,,,,,,,,,,S,,,S,,
2020/0450,MI10420/2020,Aspirate,Staphylococcus aureus,Other,2020,2020-01-29T00:00:00Z,,,FALSE,FALSE,FALSE,,S,S,S,,S,,,S,,,S,,,,,,,,,S
2010/4245,MI10437/2020,Swab,Staphylococcus aureus,Other,2020,2020-01-29T00:00:00Z,,,FALSE,FALSE,FALSE,S,S,S,S,,S,,,S,,,S,,,,,,,,,S
1989/0075,MI10438/2020,Swab,Streptococcus spp.,Other,2020,2020-01-29T00:00:00Z,,,FALSE,FALSE,FALSE,,,,,,,,,,,,,,,,,,,,,
2019/3814,MI10439/2020,Blood Culture,Corynebacterium spp.,Other,2020,2020-01-29T00:00:00Z,,,FALSE,FALSE,FALSE,,,,,,,,,,,,,,,,,,,,,
2018/4049,MI10441/2020,Urine,Candida spp.,Fungi,2020,2020-01-30T00:00:00Z,,,FALSE,FALSE,FALSE,,,,,,,,,,,,,,,,,,,,,
2020/0585,MI10445/2020,Swab,Candida spp.,Fungi,2020,2020-01-30T00:00:00Z,,,FALSE,FALSE,FALSE,,,,,,,,,,,,,,,,,,,,,
2020/0585,MI10446/2020,Sputum,Haemophilus spp.,Other,2020,2020-01-30T00:00:00Z,,,FALSE,FALSE,FALSE,,,S,S,,S,,,,,,,,S,,S,,,S,,
2018/1676,MI10473/2020,Urine,Escherichia coli,Enterobacterales,2020,2020-02-04T00:00:00Z,,,FALSE,FALSE,FALSE,R,S,S,S,S,S,,,,,,,S,S,,S,,,R,,
2020/0690,MI10503/2020,Blood Culture,Coliform spp.,Enterobacterales,2020,2020-02-04T00:00:00Z,,,FALSE,FALSE,FALSE,,,R,R,,S,,,,,,,S,S,,R,,,R,,
2020/0244,MI10514/2020,Swab,Klebsiella pneumoniae,Enterobacterales,2020,2020-02-03T00:00:00Z,,,FALSE,FALSE,FALSE,R,,S,S,,S,,,,,,,S,S,,R,,,R,,
2020/0244,MI10514/2020,Swab,Candida spp.,Fungi,2020,2020-02-03T00:00:00Z,,,FALSE,FALSE,FALSE,,,,,,,,,,,,,,,,,,,,,
2003/9141,MI10566/2020,Blood Culture,Candida spp.,Fungi,2020,2020-02-08T00:00:00Z,,,FALSE,FALSE,FALSE,,,,,,,,,,,,,,,,,,,,,
2020/0197,MI10581/2020,Blood Culture,Staphylococcus aureus,Other,2020,2020-02-10T00:00:00Z,,,FALSE,FALSE,FALSE,S,S,S,R,,S,,,R,,,S,,,,,,,,,S
2020/0814,MI10602/2020,Sputum,Neisseria spp.,Other,2020,2020-02-11T00:00:00Z,,,FALSE,FALSE,FALSE,,,S,S,,S,,,,,,,S,S,,,,,,,
2020/0796,MI10605/2020,Swab,Candida spp.,Fungi,2020,2020-02-10T00:00:00Z,,,FALSE,FALSE,FALSE,,,,,,,,,,,,,,,,,,,,,
2003/9141,MI10630/2020,Urine,Klebsiella pneumoniae,Enterobacterales,2020,2020-02-13T00:00:00Z,,,TRUE,FALSE,TRUE,R,S,S,R,S,R,,,,,,,R,R,,,,,R,,
2020/0544,MI10631/2020,Urine,Escherichia coli,Enterobacterales,2020,2020-02-13T00:00:00Z,,,FALSE,FALSE,FALSE,R,R,S,R,S,S,,,,,,,S,S,,S,,,R,,
2020/0762,MI10635/2020,Blood Culture,Staphylococcus aureus,Other,2020,2020-02-12T00:00:00Z,,,FALSE,FALSE,FALSE,S,S,S,S,,S,,,S,,,,,,,,,,,,
2020/0872,MI10641/2020,Blood Culture,Escherichia coli,Enterobacterales,2020,2020-02-14T00:00:00Z,,,FALSE,FALSE,FALSE,R,S,S,R,,S,,R,,,,,S,S,,S,,,,,
2014/1307,MI10642/2020,Blood Culture,Staphylococcus aureus,Other,2020,2020-02-14T00:00:00Z,,,FALSE,FALSE,FALSE,,S,S,S,,S,,,S,,,,,,,,,,,,S
2020/0470,MI10643/2020,Stool,Shigella spp.,Enterobacterales,2020,2020-02-14T00:00:00Z,,,FALSE,FALSE,FALSE,,S,S,R,,R,,,,,,,S,S,,,,,S,,
2020/0690,MI10648/2020,Urine,Stenotrophomonas maltophilia,Non-fermentor,2020,2020-02-14T00:00:00Z,,,FALSE,FALSE,FALSE,S,R,R,R,R,S,,,,,,,,S,,R,,,R,,
2018/0866,MI10655/2020,Aspirate,Escherichia coli,Enterobacterales,2020,2020-02-15T00:00:00Z,,,TRUE,FALSE,TRUE,R,R,S,R,,R,,,,,,,R,,,S,,,R,,
2019/3148,MI10667/2020,Swab,Candida spp.,Fungi,2020,2020-02-17T00:00:00Z,,,FALSE,FALSE,FALSE,,,,,,,,,,,,,,,,,,,,,
2008/0350,MI10672/2020,Swab,Proteus spp.,Enterobacterales,2020,2020-02-17T00:00:00Z,,,FALSE,FALSE,FALSE,R,S,,S,,S,,,,,,,,S,,,,,S,,
2008/0350,MI10672/2020,Swab,Staphylococcus aureus,Other,2020,2020-02-17T00:00:00Z,,,FALSE,FALSE,FALSE,S,S,S,S,,S,,,,,,,,,,,,,,,
2020/0920,MI10677/2020,Urine,Candida spp.,Fungi,2020,2020-02-17T00:00:00Z,,,FALSE,FALSE,FALSE,,,,,,,,,,,,,,,,,,,,,
2005/8265,MI10679/2020,Urine,Escherichia coli,Enterobacterales,2020,2020-02-17T00:00:00Z,,,FALSE,FALSE,FALSE,R,S,,R,S,S,,,,,,,S,S,,,,,R,,
2016/4731,MI10700/2020,Urine,Escherichia coli,Enterobacterales,2020,2020-02-19T00:00:00Z,,,FALSE,FALSE,FALSE,R,S,S,S,S,S,,,,,,,,S,,S,,,R,,
1976/1693,MI10703/2020,Blood Culture,Escherichia coli,Enterobacterales,2020,2020-02-22T00:00:00Z,,,FALSE,FALSE,FALSE,R,S,R,R,,S,,,,,,,S,S,,S,,,R,,
2020/1000,MI10715/2020,Blood Culture,Staphylococcus aureus,Other,2020,2020-02-21T00:00:00Z,,,FALSE,FALSE,FALSE,S,S,S,S,,S,,,S,,,,,,,,,,,,
2020/1007,MI10718/2020,Urine,Escherichia coli,Enterobacterales,2020,2020-02-24T00:00:00Z,,,FALSE,FALSE,FALSE,R,S,S,R,,S,,,,,,,S,S,,S,,,S,,
2020/0924,MI10726/2020,Urine,Candida spp.,Fungi,2020,2020-02-20T00:00:00Z,,,FALSE,FALSE,FALSE,,,,,,,,,,,,,,,,,,,,,
1994/3443,MI10732/2020,Blood Culture,Staphylococcus aureus,Other,2020,2020-02-24T00:00:00Z,,,FALSE,FALSE,FALSE,S,S,S,S,,,,,S,,,S,,,,,,,,,S
2006/2766,MI10737/2020,Urine,Escherichia fergusonii,Enterobacterales,2020,2020-02-24T00:00:00Z,,,FALSE,FALSE,FALSE,R,S,S,R,,S,,,,,,,S,S,,S,,,R,,
2020/1019,MI10746/2020,Blood Culture,Salmonella spp.,Enterobacterales,2020,2020-02-24T00:00:00Z,,,FALSE,FALSE,FALSE,S,S,S,S,,S,,,,,,,S,S,,S,,,S,,
2004/5826,MI10752/2020,Swab,Streptococcus spp.,Other,2020,2020-02-28T00:00:00Z,,,FALSE,FALSE,FALSE,R,,S,R,,,,,S,,,,,,,,,,S,,
2019/5472,MI10765/2020,Sputum,Klebsiella pneumoniae,Enterobacterales,2020,2020-02-18T00:00:00Z,,,FALSE,FALSE,FALSE,S,S,S,S,,S,,,,,,,S,S,,S,,,R,,
2019/5901,MI10789/2020,Urine,Candida spp.,Fungi,2020,2020-02-27T00:00:00Z,,,FALSE,FALSE,FALSE,,,,,,,,,,,,,,,,,,,,,
2020/1117,MI10790/2020,Swab,Staphylococcus aureus,Other,2020,2020-02-28T00:00:00Z,,,FALSE,FALSE,FALSE,R,S,S,R,,S,,,S,,,S,,,,,,,,,S
2019/0285,MI10792/2020,Swab,Staphylococcus aureus,Other,2020,2020-02-25T00:00:00Z,,,FALSE,FALSE,FALSE,R,S,S,R,,S,,,S,,,S,,,,,,,,,S
2019/0285,MI10792/2020,Swab,Group A Streptococcus,Haemolytic Streptococcus,2020,2020-02-25T00:00:00Z,,,FALSE,FALSE,FALSE,R,,S,R,,S,,,S,,,,,,S,,,,S,,
2020/1138,MI10797/2020,Blood Culture,Group A Streptococcus,Haemolytic Streptococcus,2020,2020-03-02T00:00:00Z,,,FALSE,FALSE,FALSE,R,,,R,,S,,,S,,,,,,S,,,,S,,
1995/7098,MI10799/2020,Sputum,Candida spp.,Fungi,2020,2020-03-02T00:00:00Z,,,FALSE,FALSE,FALSE,,,,,,,,,,,,,,,,,,,,,
2020/0167,MI10800/2020,Blood Culture,Streptococcus pneumoniae,Other,2020,2020-03-02T00:00:00Z,,,FALSE,FALSE,FALSE,R,,S,S,,,,,S,,,R,,,S,,,,,R,
2019/4706,MI10802/2020,Swab,Group A Streptococcus,Haemolytic Streptococcus,2020,2020-03-02T00:00:00Z,,,FALSE,FALSE,FALSE,R,,S,R,,S,,,R,,,,,,S,,,,S,S,
2020/0814,MI10806/2020,Sputum,Candida spp.,Fungi,2020,2020-03-02T00:00:00Z,,,FALSE,FALSE,FALSE,,,,,,,,,,,,,,,,,,,,,
2019/4318,MI10815/2020,Sputum,Candida spp.,Fungi,2020,2020-01-28T00:00:00Z,,,FALSE,FALSE,FALSE,,,,,,,,,,,,,,,,,,,,,
2016/0018,MI10828/2020,Swab,Candida spp.,Fungi,2020,2020-03-02T00:00:00Z,,,FALSE,FALSE,FALSE,,,,,,,,,,,,,,,,,,,,,
2020/0492,MI10841/2020,Blood Culture,Corynebacterium jeikeium,Other,2020,2020-03-03T00:00:00Z,,,FALSE,FALSE,FALSE,,,,,,,,,,,,,,,,,,,,,
2006/6837,MI10890/2020,Swab,Candida spp.,Fungi,2020,2020-03-05T00:00:00Z,,,FALSE,FALSE,FALSE,,,,,,,,,,,,,,,,,,,,,
2018/2997,MI10899/2020,Sputum,Klebsiella pneumoniae,Enterobacterales,2020,2020-03-09T00:00:00Z,,,FALSE,FALSE,FALSE,S,S,S,S,,S,,,,,,,S,S,,S,,,R,,
1998/0065,MI10900/2020,Sputum,Streptococcus pneumoniae,Other,2020,2020-03-06T00:00:00Z,,,FALSE,FALSE,FALSE,R,,R,R,,,,,S,,,S,,,S,,,,S,S,
1998/0065,MI10918/2020,Blood Culture,Streptococcus pneumoniae,Other,2020,2020-03-06T00:00:00Z,,,FALSE,FALSE,FALSE,R,,R,R,,,,,S,,,S,,,S,,,,S,S,
2020/1280,MI10926/2020,Blood Culture,Micrococcus spp.,Other,2020,2020-03-06T00:00:00Z,,,FALSE,FALSE,FALSE,,,,,,,,,,,,,,,,,,,,,
2019/5168,MI10952/2020,Blood Culture,Moraxella catarrhalis,Non-fermentor,2020,2020-03-10T00:00:00Z,,,FALSE,FALSE,FALSE,R,,,R,,S,,,,,,,S,S,,,,,S,,
2020/1355,MI10964/2020,Blood Culture,Escherichia coli,Enterobacterales,2020,2020-03-11T00:00:00Z,,,FALSE,FALSE,FALSE,R,,S,,,R,,,,,,,R,R,,,,,S,,
2020/1398,MI10973/2020,Sputum,Proteus spp.,Enterobacterales,2020,2020-03-12T00:00:00Z,,,FALSE,FALSE,FALSE,S,S,,,,S,,,,,,,S,S,,,,,S,,
2018/0144,MI10983/2020,Swab,Candida spp.,Fungi,2020,2020-03-12T00:00:00Z,,,FALSE,FALSE,FALSE,,,,,,,,,,,,,,,,,,,,,
1983/0327,MI10986/2020,Swab,Citrobacter spp.,Enterobacterales,2020,2020-03-06T00:00:00Z,,,FALSE,FALSE,FALSE,S,S,S,S,,S,,,,,,,S,S,,R,,,R,,
1983/0327,MI10986/2020,Swab,Coliform spp.,Enterobacterales,2020,2020-03-06T00:00:00Z,,,FALSE,FALSE,FALSE,S,S,S,S,,S,,,,,,,S,S,,S,,,R,,
2020/1429,MI11002/2020,Swab,Proteus spp.,Enterobacterales,2020,2020-03-16T00:00:00Z,,,FALSE,FALSE,FALSE,S,S,S,R,,,,,,,,,S,S,,S,,,S,,
2020/1429,MI11002/2020,Swab,Group B Streptococcus,Haemolytic Streptococcus,2020,2020-03-16T00:00:00Z,,,FALSE,FALSE,FALSE,S,,S,R,,,,,S,,,,,,S,,,,S,,
2020/1429,MI11002/2020,Swab,Escherichia coli,Enterobacterales,2020,2020-03-16T00:00:00Z,,,FALSE,FALSE,FALSE,R,S,S,R,,S,,,,,,,S,S,,S,,,R,,
2019/1461,MI11023/2020,Swab,Group B Streptococcus,Haemolytic Streptococcus,2020,2020-03-17T00:00:00Z,,,FALSE,FALSE,FALSE,S,,,R,,,,,S,,,,,,S,,,,S,,
2020/1498,MI11041/2020,Urine,Morganella morganii,Enterobacterales,2020,2020-03-18T00:00:00Z,,,FALSE,FALSE,FALSE,S,S,,R,,R,,,,,,,S,S,,,,,R,,
2020/1355,MI11048/2020,Urine,Escherichia coli,Enterobacterales,2020,2020-03-18T00:00:00Z,,,FALSE,FALSE,FALSE,R,R,,R,,,,,,,,,S,S,,,,,R,,
2019/2775,MI11051/2020,Sputum,Candida spp.,Fungi,2020,2020-03-18T00:00:00Z,,,FALSE,FALSE,FALSE,,,,,,,,,,,,,,,,,,,,,
1996/2019,MI11064/2020,Urine,Escherichia coli,Enterobacterales,2020,2020-03-19T00:00:00Z,,,FALSE,FALSE,FALSE,R,,S,S,S,S,,,,,,,S,S,,S,,,R,,
2020/1531,MI11071/2020,Swab,Group B Streptococcus,Haemolytic Streptococcus,2020,2020-03-19T00:00:00Z,,,FALSE,FALSE,FALSE,,,S,R,,,,,S,,,,,,S,,,,S,,
2019/2379,MI11072/2020,Swab,Group A Streptococcus,Haemolytic Streptococcus,2020,2020-03-20T00:00:00Z,,,FALSE,FALSE,FALSE,,,S,R,,,,,S,,,,,,S,,,,S,,
2020/1498,MI11106/2020,Urine,Escherichia coli,Enterobacterales,2020,2020-03-25T00:00:00Z,,,FALSE,FALSE,FALSE,S,S,,R,S,R,,,,,,,S,S,,S,,,R,,
2020/0301,MI11120/2020,Blood Culture,Streptococcus spp.,Other,2020,2020-03-29T00:00:00Z,,,FALSE,FALSE,FALSE,S,,S,S,,,,,S,,,,,,S,,,,S,,
2020/1600,MI11127/2020,Blood Culture,Staphylococcus aureus,Other,2020,2020-03-26T00:00:00Z,,,FALSE,FALSE,FALSE,S,S,S,S,,S,,,S,,,,,,,,,,,,
2020/1600,MI11128/2020,Swab,Staphylococcus aureus,Other,2020,2020-03-26T00:00:00Z,,,FALSE,FALSE,FALSE,S,S,S,S,,S,,,S,,,,,,,,,,,,
2020/0515,MI11158/2020,Sputum,Klebsiella pneumoniae,Enterobacterales,2020,2020-04-02T00:00:00Z,,,FALSE,FALSE,FALSE,S,S,S,S,,,,,,,,,S,S,,,,,R,,
2020/0515,MI11158/2020,Sputum,Haemophilus influenzae,Other,2020,2020-04-02T00:00:00Z,,,FALSE,FALSE,FALSE,R,,S,R,,S,,,S,,,,,,,,,,S,,
2020/1688,MI11175/2020,Blood Culture,Streptococcus pneumoniae,Other,2020,2020-04-03T00:00:00Z,,,FALSE,FALSE,FALSE,R,R,S,R,,S,,,S,,,,,,,,,,S,,
2020/1600,MI11177/2020,Swab,Streptococcus spp.,Other,2020,2020-04-04T00:00:00Z,,,FALSE,FALSE,FALSE,,,,,,,,,,,,,,,,,,,,,
2002/9722,MI11186/2020,Swab,Klebsiella pneumoniae,Enterobacterales,2020,2020-04-08T00:00:00Z,,,FALSE,FALSE,FALSE,S,S,S,S,,S,,,,,,,S,S,,,,,R,,
2014/4441,MI11189/2020,Swab,Candida spp.,Fungi,2020,2020-04-06T00:00:00Z,,,FALSE,FALSE,FALSE,,,,,,,,,,,,,,,,,,,,,
2020/1553,MI11190/2020,Sputum,Klebsiella pneumoniae,Enterobacterales,2020,2020-04-08T00:00:00Z,,,FALSE,FALSE,FALSE,R,,,,,S,,,,,,,S,S,,S,,,R,,
2020/1576,MI11194/2020,Blood Culture,Streptococcus pneumoniae,Other,2020,2020-04-06T00:00:00Z,,,FALSE,FALSE,FALSE,R,,S,S,,S,S,,,,,,,,,,,,S,S,
2005/3508,MI11202/2020,Swab,Group A Streptococcus,Haemolytic Streptococcus,2020,2020-04-08T00:00:00Z,,,FALSE,FALSE,FALSE,,,S,R,,,,,S,,,,,,S,,,,S,,
2015/5461,MI11208/2020,Swab,Staphylococcus aureus,Other,2020,2020-04-08T00:00:00Z,,,FALSE,FALSE,FALSE,S,S,S,S,,S,,,S,,,S,,,,,,,,,S
2020/1735,MI11218/2020,Swab,Staphylococcus aureus,Other,2020,2020-04-09T00:00:00Z,,,FALSE,FALSE,FALSE,R,,S,R,,S,,,R,,,S,,,S,,,,,,S
2020/1735,MI11218/2020,Swab,Group A Streptococcus,Haemolytic Streptococcus,2020,2020-04-09T00:00:00Z,,,FALSE,FALSE,FALSE,R,,S,R,,S,,,,,,,,,S,,,,S,S,
2018/6770,MI11245/2020,Swab,Candida spp.,Fungi,2020,2020-04-15T00:00:00Z,,,FALSE,FALSE,FALSE,,,,,,,,,,,,,,,,,,,,,
2020/0762,MI11256/2020,Urine,Staphylococcus aureus,Other,2020,2020-02-13T00:00:00Z,,,FALSE,FALSE,FALSE,S,S,S,S,,S,,,S,,,,,,,,,,,,S
2020/1780,MI11260/2020,Blood Culture,Neisseria spp.,Other,2020,2020-04-16T00:00:00Z,,,FALSE,FALSE,FALSE,,,S,,,S,S,,,,,,,,,S,,,,S,
2018/0678,MI11267/2020,Blood Culture,Group A Streptococcus,Haemolytic Streptococcus,2020,2020-04-17T00:00:00Z,,,FALSE,FALSE,FALSE,S,,S,R,,,,,S,,,,,,S,,,,S,S,
2020/1856,MI11294/2020,Urine,Candida spp.,Fungi,2020,2020-04-24T00:00:00Z,,,FALSE,FALSE,FALSE,,,,,,,,,,,,,,,,,,,,,
2020/1852,MI11303/2020,Aspirate,Candida spp.,Fungi,2020,2020-04-24T00:00:00Z,,,FALSE,FALSE,FALSE,,,,,,,,,,,,,,,,,,,,,
2020/1845,MI11307/2020,Swab,Pseudomonas spp.,Non-fermentor,2020,2020-04-24T00:00:00Z,,,FALSE,FALSE,FALSE,,S,,,,S,,,,S,,,,S,,,,,,,
2001/0909,MI11311/2020,Urine,Klebsiella aerogenes,Enterobacterales,2020,2020-04-27T00:00:00Z,,,TRUE,TRUE,TRUE,R,R,R,R,,R,,,,,,,R,R,,,,,R,,
2001/0909,MI11311/2020,Urine,Acinetobacter baumannii,Non-fermentor,2020,2020-04-27T00:00:00Z,,,TRUE,FALSE,TRUE,R,R,R,R,,S,,,,,,,R,S,,,,,R,,
2020/1885,MI11316/2020,Swab,Staphylococcus aureus,Other,2020,2020-04-28T00:00:00Z,,,FALSE,FALSE,FALSE,S,S,S,R,,S,,,S,,,,,,,,,,,R,S
2019/5354,MI11318/2020,Swab,Candida spp.,Fungi,2020,2020-04-28T00:00:00Z,,,FALSE,FALSE,FALSE,,,,,,,,,,,,,,,,,,,,,
2020/1831,MI11321/2020,Urine,Escherichia coli,Enterobacterales,2020,2020-04-28T00:00:00Z,,,FALSE,FALSE,FALSE,R,S,S,S,S,S,,,,,,,S,S,,,,,R,,
2020/1876,MI11322/2020,Swab,Staphylococcus aureus,Other,2020,2020-04-28T00:00:00Z,,,FALSE,FALSE,FALSE,,S,S,S,S,S,,,,S,,S,,,,,,,,,
2020/1873,MI11334/2020,Urine,Coliform spp.,Enterobacterales,2020,2020-04-28T00:00:00Z,,,FALSE,FALSE,FALSE,,,,,,,,,,,,,,,,,,,,,
2015/6526,MI11342/2020,Urine,Hafnia alvei,Enterobacterales,2020,2020-05-01T00:00:00Z,,,FALSE,FALSE,FALSE,,S,,R,S,S,,S,,,,,S,S,,S,,,R,,
1988/0052,MI11348/2020,Swab,Pseudomonas aeruginosa,Non-fermentor,2020,2020-05-02T00:00:00Z,,,FALSE,FALSE,FALSE,,S,,,,S,,,,S,,,,S,,,,,,,
2011/3475,MI11349/2020,Urine,Escherichia coli,Enterobacterales,2020,2020-05-04T00:00:00Z,,,FALSE,FALSE,FALSE,S,S,S,S,,S,,,,,,,S,S,,S,,,R,,
2020/1935,MI11355/2020,Urine,Klebsiella spp.,Enterobacterales,2020,2020-05-04T00:00:00Z,,,TRUE,FALSE,TRUE,R,R,R,R,,R,,,,,,,R,R,,R,,,R,,
2020/1944,MI11358/2020,Swab,Candida spp.,Fungi,2020,2020-05-04T00:00:00Z,,,FALSE,FALSE,FALSE,,,,,,,,,,,,,,,,,,,,,
2020/1960,MI11365/2020,Swab,Staphylococcus aureus,Other,2020,2020-05-05T00:00:00Z,,,FALSE,FALSE,FALSE,S,S,S,S,,S,,,S,,,,,,,,,,,R,S
2003/6302,MI11368/2020,Swab,Klebsiella spp.,Enterobacterales,2020,2020-05-05T00:00:00Z,,,FALSE,FALSE,FALSE,S,S,S,S,,S,,,,,,,S,S,,S,,,R,,
2012/0055,MI11370/2020,Swab,Group A Streptococcus,Haemolytic Streptococcus,2020,2020-05-04T00:00:00Z,,,FALSE,FALSE,FALSE,,,S,R,,,,,,,,,,,S,,,,S,S,
2018/0866,MI11375/2020,Blood Culture,Escherichia coli,Enterobacterales,2020,2020-05-07T00:00:00Z,,,TRUE,FALSE,TRUE,R,,S,R,,R,,,,,,,R,R,,,,,R,,
2020/2011,MI11377/2020,Swab,Coliform spp.,Enterobacterales,2020,2020-05-07T00:00:00Z,,,FALSE,FALSE,FALSE,R,S,S,R,,S,,,,,,,S,S,,R,,,R,,
2020/2011,MI11377/2020,Swab,Pseudomonas spp.,Non-fermentor,2020,2020-05-07T00:00:00Z,,,FALSE,FALSE,FALSE,,S,,,,S,,,,S,,,,S,,,,,,,
2020/1965,MI11389/2020,Swab,Escherichia coli,Enterobacterales,2020,2020-05-06T00:00:00Z,,,FALSE,FALSE,FALSE,S,S,S,S,,S,,,,,,,S,S,,S,,,S,,
2020/1965,MI11389/2020,Swab,Pseudomonas aeruginosa,Non-fermentor,2020,2020-05-06T00:00:00Z,,,FALSE,FALSE,FALSE,,S,,,,S,,,,S,,,,S,,,,,,,
2020/1965,MI11389/2020,Swab,Group A Streptococcus,Haemolytic Streptococcus,2020,2020-05-06T00:00:00Z,,,FALSE,FALSE,FALSE,,,S,R,,,,,,,,,,,S,,,,S,S,
2020/2010,MI11392/2020,Swab,Staphylococcus aureus,Other,2020,2020-05-07T00:00:00Z,,,FALSE,FALSE,FALSE,R,S,S,S,,S,,,S,,,,,,,,,,,R,S
2006/3466,MI11399/2020,Urine,Coliform spp.,Enterobacterales,2020,2020-05-08T00:00:00Z,,,FALSE,FALSE,FALSE,R,S,,R,,R,,,,,,,S,S,,,,,R,,
2020/1985,MI11402/2020,Sputum,Staphylococcus aureus,Other,2020,2020-05-07T00:00:00Z,,,FALSE,FALSE,FALSE,S,S,S,S,,S,S,,S,,,,,,,,,,,R,S
2020/1985,MI11402/2020,Sputum,Candida spp.,Fungi,2020,2020-05-07T00:00:00Z,,,FALSE,FALSE,FALSE,,,,,,,,,,,,,,,,,,,,,
2002/8090,MI11403/2020,Urine,Coliform spp.,Enterobacterales,2020,2020-05-08T00:00:00Z,,,FALSE,FALSE,FALSE,S,S,S,S,,S,,S,,,,,S,S,,S,,,R,,
2017/0595,MI11415/2020,Urine,Group B Streptococcus,Haemolytic Streptococcus,2020,2020-05-11T00:00:00Z,,,FALSE,FALSE,FALSE,,,S,,S,,,,S,,,,,,S,,,,S,S,
2020/1948,MI11417/2020,Swab,Pseudomonas aeruginosa,Non-fermentor,2020,2020-05-11T00:00:00Z,,,FALSE,FALSE,FALSE,,S,,,S,,,,,S,,,,S,,,,,,,
2020/1948,MI11417/2020,Swab,Klebsiella pneumoniae,Enterobacterales,2020,2020-05-11T00:00:00Z,,,FALSE,FALSE,FALSE,S,,R,R,S,,S,,,,,,,S,,S,,,R,,
2020/2072,MI11427/2020,Blood Culture,Streptococcus pneumoniae,Other,2020,2020-05-13T00:00:00Z,,,FALSE,FALSE,FALSE,S,,,S,,S,,,S,,,S,,,,,,,,S,
2018/0209,MI11432/2020,Urine,Hafnia alvei,Enterobacterales,2020,2020-05-14T00:00:00Z,,,FALSE,FALSE,FALSE,R,S,S,R,S,S,,,,,,,S,S,,,,,R,,
2018/5048,MI11440/2020,Urine,Coliform spp.,Enterobacterales,2020,2020-05-14T00:00:00Z,,,FALSE,FALSE,FALSE,S,S,S,S,R,,,,,,,,R,R,,S,,,R,,
2020/1421,MI11441/2020,Aspirate,Shewanella putrefaciens,Non-fermentor,2020,2020-05-14T00:00:00Z,,,FALSE,FALSE,FALSE,S,,R,,,,,,,,,,,S,,,,,,,
2020/0647,MI11442/2020,Urine,Escherichia coli,Enterobacterales,2020,2020-05-14T00:00:00Z,,,FALSE,FALSE,FALSE,R,S,S,R,S,S,,,,,,,S,S,,S,,,R,,
2020/2006,MI11443/2020,Swab,Pseudomonas spp.,Non-fermentor,2020,2020-05-14T00:00:00Z,,,FALSE,FALSE,FALSE,,R,,,,R,,,,S,,,,S,,,,,,,
2020/2157,MI11461/2020,Urine,Escherichia coli,Enterobacterales,2020,2020-05-19T00:00:00Z,,,FALSE,FALSE,FALSE,R,S,,R,S,S,,,,,,,S,S,,,,,R,,
2020/2120,MI11464/2020,Swab,Staphylococcus aureus,Other,2020,2020-05-19T00:00:00Z,,,FALSE,FALSE,FALSE,S,S,S,S,,S,,,,,,,,,,,,,,R,
2016/1198,MI11470/2020,Urine,Escherichia coli,Enterobacterales,2020,2020-05-20T00:00:00Z,,,FALSE,FALSE,FALSE,R,S,,R,S,R,,,,,,,R,R,,S,,,R,,
2002/8090,MI11477/2020,Urine,Escherichia coli,Enterobacterales,2020,2020-05-21T00:00:00Z,,,TRUE,FALSE,TRUE,R,R,S,R,,,,R,,,,,R,R,,,,,R,,
2002/8090,MI11477/2020,Urine,Klebsiella pneumoniae,Enterobacterales,2020,2020-05-21T00:00:00Z,,,TRUE,FALSE,TRUE,R,S,S,R,,,,R,,,,,R,R,,,,,R,,
2020/2210,MI11489/2020,Blood Culture,Hafnia alvei,Enterobacterales,2020,2020-05-22T00:00:00Z,,,FALSE,FALSE,FALSE,R,S,S,R,,S,,,,,,,S,S,,,,,R,,
2015/6027,MI11496/2020,Urine,Raoultella ornithinolytica,Enterobacterales,2020,2020-05-26T00:00:00Z,,,FALSE,FALSE,FALSE,R,S,,R,R,S,,,,,,,S,S,,S,,,R,,
2015/6526,MI11501/2020,Urine,Escherichia coli,Enterobacterales,2020,2020-05-25T00:00:00Z,,,FALSE,FALSE,FALSE,R,S,,R,S,S,,S,,,,,S,S,,,,,R,,
2020/1922,MI11502/2020,Urine,Escherichia coli,Enterobacterales,2020,2020-05-22T00:00:00Z,,,FALSE,FALSE,FALSE,R,R,,R,S,,,,,,,,S,S,,,,,R,,
2020/2210,MI11503/2020,Urine,Escherichia coli,Enterobacterales,2020,2020-05-22T00:00:00Z,,,FALSE,FALSE,FALSE,R,S,,R,S,S,,,,,,,S,S,,,,,,R,
2020/2252,MI11522/2020,Swab,Staphylococcus aureus,Other,2020,2020-05-27T00:00:00Z,,,FALSE,FALSE,FALSE,S,S,S,S,,S,,,S,,,,,,,,,,,R,S
2020/2252,MI11522/2020,Swab,Escherichia coli,Enterobacterales,2020,2020-05-27T00:00:00Z,,,FALSE,FALSE,FALSE,R,S,R,R,,S,,,,,,,,S,,,,,R,,
2020/2252,MI11522/2020,Swab,Pseudomonas spp.,Non-fermentor,2020,2020-05-27T00:00:00Z,,,FALSE,FALSE,FALSE,,S,,,,S,,,,S,,,,S,,,,,,,
2020/1525,MI11529/2020,Blood Culture,Group A Streptococcus,Haemolytic Streptococcus,2020,2020-05-27T00:00:00Z,,,FALSE,FALSE,FALSE,R,,S,R,,,,,S,,,,,,S,,,,S,S,
2017/3266,MI11535/2020,Swab,Candida spp.,Fungi,2020,2020-05-28T00:00:00Z,,,FALSE,FALSE,FALSE,,,,,,,,,,,,,,,,,,,,,
2020/1668,MI11536/2020,Swab,Staphylococcus aureus,Other,2020,2020-05-28T00:00:00Z,,,FALSE,FALSE,FALSE,S,S,S,S,,S,,,S,,,,,,,,,,,R,S
2020/1668,MI11536/2020,Swab,Proteus vulgaris,Enterobacterales,2020,2020-05-28T00:00:00Z,,,FALSE,FALSE,FALSE,R,S,R,S,,S,,,,,,,,S,,,,,,,
2020/2266,MI11539/2020,Sputum,Klebsiella pneumoniae,Enterobacterales,2020,2020-05-28T00:00:00Z,,,FALSE,FALSE,FALSE,R,S,S,S,,R,,,,,,,R,S,,S,,,R,,
2020/2000,MI11541/2020,Urine,Escherichia coli,Enterobacterales,2020,2020-05-29T00:00:00Z,,,FALSE,FALSE,FALSE,R,S,,R,S,S,,,,,,,S,S,,S,,,R,,
2020/2303,MI11543/2020,Sputum,Candida spp.,Fungi,2020,2020-05-29T00:00:00Z,,,FALSE,FALSE,FALSE,,,,,,,,,,,,,,,,,,,,,
2007/4141,MI11558/2020,Sputum,Pseudomonas putida,Non-fermentor,2020,2020-06-02T00:00:00Z,,,FALSE,FALSE,FALSE,,S,,,,S,,,,S,,,,S,,,,,,,
2015/6027,MI11560/2020,Urine,Escherichia coli,Enterobacterales,2020,2020-06-02T00:00:00Z,,,FALSE,FALSE,FALSE,,R,,R,S,S,,,,,,,R,R,,S,,,R,,
2020/2308,MI11567/2020,Blood Culture,Staphylococcus aureus,Other,2020,2020-06-01T00:00:00Z,,,FALSE,FALSE,FALSE,S,S,S,S,,S,,,S,,,,,,,,,,,R,S
2020/1493,MI11580/2020,Blood Culture,Streptococcus spp.,Other,2020,2020-06-03T00:00:00Z,,,FALSE,FALSE,FALSE,R,,S,R,,,,,R,,,,,,,,,,S,S,
2020/2383,MI11585/2020,Urine,Klebsiella pneumoniae,Enterobacterales,2020,2020-06-04T00:00:00Z,,,FALSE,FALSE,FALSE,R,S,R,R,,S,,,,,,,S,S,,,,,R,,
2011/2416,MI11599/2020,Urine,Escherichia coli,Enterobacterales,2020,2020-06-05T00:00:00Z,,,TRUE,FALSE,TRUE,R,R,,R,S,S,,,,,,,R,R,,S,,,R,,
2020/1493,MI11602/2020,Urine,Klebsiella aerogenes,Enterobacterales,2020,2020-06-05T00:00:00Z,,,TRUE,TRUE,TRUE,R,R,,S,,S,R,,,,,,R,R,,,,,R,,
2020/2392,MI11605/2020,Blood Culture,Escherichia coli,Enterobacterales,2020,2020-06-05T00:00:00Z,,,FALSE,FALSE,FALSE,R,S,S,R,S,S,,,,,,,S,S,,S,,,R,,
2020/2392,MI11609/2020,Urine,Escherichia coli,Enterobacterales,2020,2020-06-08T00:00:00Z,,,FALSE,FALSE,FALSE,R,,,R,S,S,,,,,,,S,S,,,,,R,,
2020/2428,MI11614/2020,Swab,Staphylococcus aureus,Other,2020,2020-06-08T00:00:00Z,,,FALSE,FALSE,FALSE,,S,S,S,,S,,,S,,,,,,,,,,,R,
2019/3943,MI11631/2020,Swab,Group A Streptococcus,Haemolytic Streptococcus,2020,2020-06-09T00:00:00Z,,,FALSE,FALSE,FALSE,R,,S,R,,,,,R,,,,,,S,,,,S,,
2019/3943,MI11631/2020,Swab,Pseudomonas aeruginosa,Non-fermentor,2020,2020-06-09T00:00:00Z,,,FALSE,FALSE,FALSE,,S,,,,S,,,,S,,,,S,,,,,,,
2020/2457,MI11634/2020,Swab,Group A Streptococcus,Haemolytic Streptococcus,2020,2020-06-09T00:00:00Z,,,FALSE,FALSE,FALSE,,,,R,,,,,S,,,,,,S,,,,S,S,
2006/5025,MI11645/2020,Urine,Coliform spp.,Enterobacterales,2020,2020-06-10T00:00:00Z,,,TRUE,FALSE,TRUE,,S,,R,S,R,,,,,,,R,R,,S,,,R,,
2019/5643,MI11646/2020,Urine,Coliform spp.,Enterobacterales,2020,2020-06-10T00:00:00Z,,,FALSE,FALSE,FALSE,S,,,S,S,S,,,,,,,S,S,,,,,R,,
2020/2485,MI11651/2020,Urine,Coliform spp.,Enterobacterales,2020,2020-06-10T00:00:00Z,,,FALSE,FALSE,FALSE,R,S,,R,R,R,,,,,,,R,R,,S,,,R,,
2020/2368,MI11652/2020,Blood Culture,Micrococcus spp.,Other,2020,2020-06-10T00:00:00Z,,,FALSE,FALSE,FALSE,,,,,,,,,,,,,,,,,,,,,
2020/2356,MI11656/2020,Urine,Coliform spp.,Enterobacterales,2020,2020-06-10T00:00:00Z,,,FALSE,FALSE,FALSE,R,,,R,S,R,,,,,,,S,S,,S,,,R,,
2020/2418,MI11666/2020,Urine,Candida spp.,Fungi,2020,2020-06-11T00:00:00Z,,,FALSE,FALSE,FALSE,,,,,,,,,,,,,,,,,,,,,
2019/1732,MI11669/2020,Urine,Candida spp.,Fungi,2020,2020-06-12T00:00:00Z,,,FALSE,FALSE,FALSE,,,,,,,,,,,,,,,,,,,,,
2020/2418,MI11677/2020,Sputum,Candida spp.,Fungi,2020,2020-06-13T00:00:00Z,,,FALSE,FALSE,FALSE,,,,,,,,,,,,,,,,,,,,,
2020/2442,MI11683/2020,Swab,Staphylococcus aureus,Other,2020,2020-06-15T00:00:00Z,,,FALSE,FALSE,FALSE,R,S,R,R,,R,,,R,,,,,,,,,,,R,
1991/2552,MI11705/2020,Swab,Proteus spp.,Enterobacterales,2020,2020-06-16T00:00:00Z,,,FALSE,FALSE,FALSE,S,S,S,R,,S,,,,,,,S,S,,S,,,R,,
2020/2589,MI11709/2020,Urine,Escherichia coli,Enterobacterales,2020,2020-06-17T00:00:00Z,,,FALSE,FALSE,FALSE,R,S,,S,S,S,S,S,,,,,S,S,,,,,R,,
2020/2627,MI11737/2020,Urine,Candida spp.,Fungi,2020,2020-06-22T00:00:00Z,,,FALSE,FALSE,FALSE,,,,,,,,,,,,,,,,,,,,,
2020/2610,MI11749/2020,Swab,Staphylococcus aureus,Other,2020,2020-06-19T00:00:00Z,,,FALSE,FALSE,FALSE,R,S,S,S,,S,,,S,,,,,,,,,,,R,
2020/2610,MI11749/2020,Swab,Group A Streptococcus,Haemolytic Streptococcus,2020,2020-06-19T00:00:00Z,,,FALSE,FALSE,FALSE,,,S,R,,,,,,,,,,,S,,,,S,S,
1986/2134,MI11760/2020,Urine,Escherichia coli,Enterobacterales,2020,2020-06-23T00:00:00Z,,,FALSE,FALSE,FALSE,R,S,,R,,S,,,,,,,S,S,,S,,,R,,
2020/2647,MI11772/2020,Swab,Coliform spp.,Enterobacterales,2020,2020-06-24T00:00:00Z,,,FALSE,FALSE,FALSE,S,S,S,,,S,,,,,,,S,S,,,,,R,,
2020/2631,MI11781/2020,Urine,Candida spp.,Fungi,2020,2020-06-25T00:00:00Z,,,FALSE,FALSE,FALSE,,,,,,,,,,,,,,,,,,,,,
2020/2686,MI11782/2020,Urine,Streptococcus pneumoniae,Other,2020,2020-06-25T00:00:00Z,,,FALSE,FALSE,FALSE,S,,S,R,,,,,S,,,,,,S,,,,S,S,
